  Determining projects to restore...
  All projects are up-to-date for restore.
  AttendanceSystem.Domain -> C:\Users\HP\AttendanceSystem\src\AttendanceSystem.Domain\bin\Debug\net8.0\AttendanceSystem.Domain.dll
  AttendanceSystem.Application -> C:\Users\HP\AttendanceSystem\src\AttendanceSystem.Application\bin\Debug\net8.0\AttendanceSystem.Application.dll
  AttendanceSystem.Mobile -> C:\Users\HP\AttendanceSystem\src\AttendanceSystem.Mobile\bin\Debug\net8.0\AttendanceSystem.Mobile.dll
  AttendanceSystem.Infrastructure -> C:\Users\HP\AttendanceSystem\src\AttendanceSystem.Infrastructure\bin\Debug\net8.0\AttendanceSystem.Infrastructure.dll
  AttendanceSystem.UnitTests -> C:\Users\HP\AttendanceSystem\tests\AttendanceSystem.UnitTests\bin\Debug\net8.0\AttendanceSystem.UnitTests.dll
C:\Users\HP\AttendanceSystem\src\AttendanceSystem.API\Dtos\EmployeeStatisticsDto.cs(8,27): warning CS8618: Non-nullable property 'Summary' must contain a non-null value when exiting constructor. Consider adding the 'required' modifier or declaring the property as nullable. [C:\Users\HP\AttendanceSystem\src\AttendanceSystem.API\AttendanceSystem.API.csproj]
C:\Users\HP\AttendanceSystem\src\AttendanceSystem.API\Dtos\EmployeeStatisticsDto.cs(9,39): warning CS8618: Non-nullable property 'AttendanceAnalytics' must contain a non-null value when exiting constructor. Consider adding the 'required' modifier or declaring the property as nullable. [C:\Users\HP\AttendanceSystem\src\AttendanceSystem.API\AttendanceSystem.API.csproj]
C:\Users\HP\AttendanceSystem\src\AttendanceSystem.API\Dtos\EmployeeStatisticsDto.cs(10,43): warning CS8618: Non-nullable property 'AttendanceHistory' must contain a non-null value when exiting constructor. Consider adding the 'required' modifier or declaring the property as nullable. [C:\Users\HP\AttendanceSystem\src\AttendanceSystem.API\AttendanceSystem.API.csproj]
C:\Users\HP\AttendanceSystem\src\AttendanceSystem.API\Dtos\EmployeeStatisticsDto.cs(11,35): warning CS8618: Non-nullable property 'LeaveStatistics' must contain a non-null value when exiting constructor. Consider adding the 'required' modifier or declaring the property as nullable. [C:\Users\HP\AttendanceSystem\src\AttendanceSystem.API\AttendanceSystem.API.csproj]
C:\Users\HP\AttendanceSystem\src\AttendanceSystem.API\Dtos\EmployeeStatisticsDto.cs(12,33): warning CS8618: Non-nullable property 'GpsStatistics' must contain a non-null value when exiting constructor. Consider adding the 'required' modifier or declaring the property as nullable. [C:\Users\HP\AttendanceSystem\src\AttendanceSystem.API\AttendanceSystem.API.csproj]
C:\Users\HP\AttendanceSystem\src\AttendanceSystem.API\Dtos\EmployeeStatisticsDto.cs(42,48): warning CS8618: Non-nullable property 'MonthlyChartData' must contain a non-null value when exiting constructor. Consider adding the 'required' modifier or declaring the property as nullable. [C:\Users\HP\AttendanceSystem\src\AttendanceSystem.API\AttendanceSystem.API.csproj]
C:\Users\HP\AttendanceSystem\src\AttendanceSystem.API\Dtos\EmployeeStatisticsDto.cs(62,23): warning CS8618: Non-nullable property 'Status' must contain a non-null value when exiting constructor. Consider adding the 'required' modifier or declaring the property as nullable. [C:\Users\HP\AttendanceSystem\src\AttendanceSystem.API\AttendanceSystem.API.csproj]
C:\Users\HP\AttendanceSystem\src\AttendanceSystem.API\Dtos\EmployeeStatisticsDto.cs(63,23): warning CS8618: Non-nullable property 'VerificationMethod' must contain a non-null value when exiting constructor. Consider adding the 'required' modifier or declaring the property as nullable. [C:\Users\HP\AttendanceSystem\src\AttendanceSystem.API\AttendanceSystem.API.csproj]
C:\Users\HP\AttendanceSystem\src\AttendanceSystem.API\Dtos\EmployeeStatisticsDto.cs(101,23): warning CS8618: Non-nullable property 'Location' must contain a non-null value when exiting constructor. Consider adding the 'required' modifier or declaring the property as nullable. [C:\Users\HP\AttendanceSystem\src\AttendanceSystem.API\AttendanceSystem.API.csproj]
C:\Users\HP\AttendanceSystem\src\AttendanceSystem.API\Dtos\EmployeeStatisticsDto.cs(47,23): warning CS8618: Non-nullable property 'Month' must contain a non-null value when exiting constructor. Consider adding the 'required' modifier or declaring the property as nullable. [C:\Users\HP\AttendanceSystem\src\AttendanceSystem.API\AttendanceSystem.API.csproj]
C:\Users\HP\AttendanceSystem\src\AttendanceSystem.API\Dtos\EmployeeStatisticsDto.cs(72,38): warning CS8618: Non-nullable property 'LeaveHistory' must contain a non-null value when exiting constructor. Consider adding the 'required' modifier or declaring the property as nullable. [C:\Users\HP\AttendanceSystem\src\AttendanceSystem.API\AttendanceSystem.API.csproj]
C:\Users\HP\AttendanceSystem\src\AttendanceSystem.API\Dtos\EmployeeStatisticsDto.cs(80,23): warning CS8618: Non-nullable property 'LeaveType' must contain a non-null value when exiting constructor. Consider adding the 'required' modifier or declaring the property as nullable. [C:\Users\HP\AttendanceSystem\src\AttendanceSystem.API\AttendanceSystem.API.csproj]
C:\Users\HP\AttendanceSystem\src\AttendanceSystem.API\Dtos\EmployeeStatisticsDto.cs(81,23): warning CS8618: Non-nullable property 'Status' must contain a non-null value when exiting constructor. Consider adding the 'required' modifier or declaring the property as nullable. [C:\Users\HP\AttendanceSystem\src\AttendanceSystem.API\AttendanceSystem.API.csproj]
C:\Users\HP\AttendanceSystem\src\AttendanceSystem.API\Controllers\EmployeeStatisticsController.cs(50,30): warning CS0168: The variable 'ex' is declared but never used [C:\Users\HP\AttendanceSystem\src\AttendanceSystem.API\AttendanceSystem.API.csproj]
C:\Users\HP\AttendanceSystem\src\AttendanceSystem.API\Dtos\EmployeeStatisticsDto.cs(91,36): warning CS8618: Non-nullable property 'GpsHistory' must contain a non-null value when exiting constructor. Consider adding the 'required' modifier or declaring the property as nullable. [C:\Users\HP\AttendanceSystem\src\AttendanceSystem.API\AttendanceSystem.API.csproj]
C:\Users\HP\AttendanceSystem\src\AttendanceSystem.API\Controllers\AiController.cs(21,12): warning CS1591: Missing XML comment for publicly visible type or member 'AiController.AiController(IAiChatService, ILogger<AiController>)' [C:\Users\HP\AttendanceSystem\src\AttendanceSystem.API\AttendanceSystem.API.csproj]
C:\Users\HP\AttendanceSystem\src\AttendanceSystem.API\Controllers\AttendanceController.cs(31,12): warning CS1591: Missing XML comment for publicly visible type or member 'AttendanceController.AttendanceController(IMediator, ApplicationDbContext, ILogger<AttendanceController>)' [C:\Users\HP\AttendanceSystem\src\AttendanceSystem.API\AttendanceSystem.API.csproj]
C:\Users\HP\AttendanceSystem\src\AttendanceSystem.API\Controllers\AttendanceController.cs(149,38): warning CS1591: Missing XML comment for publicly visible type or member 'AttendanceController.History(DateOnly?, DateOnly?, int, int, CancellationToken)' [C:\Users\HP\AttendanceSystem\src\AttendanceSystem.API\AttendanceSystem.API.csproj]
C:\Users\HP\AttendanceSystem\src\AttendanceSystem.API\Controllers\AttendanceController.cs(197,38): warning CS1591: Missing XML comment for publicly visible type or member 'AttendanceController.Records(DateOnly?, DateOnly?, Guid?, int, int, CancellationToken)' [C:\Users\HP\AttendanceSystem\src\AttendanceSystem.API\AttendanceSystem.API.csproj]
C:\Users\HP\AttendanceSystem\src\AttendanceSystem.API\Controllers\AttendanceController.cs(246,63): warning CS1591: Missing XML comment for publicly visible type or member 'AttendanceController.ValidateLocationGet(double, double, CancellationToken)' [C:\Users\HP\AttendanceSystem\src\AttendanceSystem.API\AttendanceSystem.API.csproj]
C:\Users\HP\AttendanceSystem\src\AttendanceSystem.API\Controllers\AttendanceController.cs(253,63): warning CS1591: Missing XML comment for publicly visible type or member 'AttendanceController.ValidateLocationPost(LocationValidationRequestApiDto, CancellationToken)' [C:\Users\HP\AttendanceSystem\src\AttendanceSystem.API\AttendanceSystem.API.csproj]
C:\Users\HP\AttendanceSystem\src\AttendanceSystem.API\Controllers\AttendanceController.cs(259,26): warning CS1591: Missing XML comment for publicly visible type or member 'AttendanceController.Debug()' [C:\Users\HP\AttendanceSystem\src\AttendanceSystem.API\AttendanceSystem.API.csproj]
C:\Users\HP\AttendanceSystem\src\AttendanceSystem.API\Controllers\AttendanceController.cs(324,22): warning CS1591: Missing XML comment for publicly visible type or member 'AttendanceStatisticsApiDto' [C:\Users\HP\AttendanceSystem\src\AttendanceSystem.API\AttendanceSystem.API.csproj]
C:\Users\HP\AttendanceSystem\src\AttendanceSystem.API\Controllers\AttendanceController.cs(324,22): warning CS1591: Missing XML comment for publicly visible type or member 'AttendanceStatisticsApiDto.AttendanceStatisticsApiDto(int, int, int, int, decimal, decimal)' [C:\Users\HP\AttendanceSystem\src\AttendanceSystem.API\AttendanceSystem.API.csproj]
C:\Users\HP\AttendanceSystem\src\AttendanceSystem.API\Controllers\AttendanceController.cs(325,9): warning CS1591: Missing XML comment for publicly visible type or member 'AttendanceStatisticsApiDto.PresentDays' [C:\Users\HP\AttendanceSystem\src\AttendanceSystem.API\AttendanceSystem.API.csproj]
C:\Users\HP\AttendanceSystem\src\AttendanceSystem.API\Controllers\AttendanceController.cs(326,9): warning CS1591: Missing XML comment for publicly visible type or member 'AttendanceStatisticsApiDto.AbsentDays' [C:\Users\HP\AttendanceSystem\src\AttendanceSystem.API\AttendanceSystem.API.csproj]
C:\Users\HP\AttendanceSystem\src\AttendanceSystem.API\Controllers\AttendanceController.cs(327,9): warning CS1591: Missing XML comment for publicly visible type or member 'AttendanceStatisticsApiDto.LateDays' [C:\Users\HP\AttendanceSystem\src\AttendanceSystem.API\AttendanceSystem.API.csproj]
C:\Users\HP\AttendanceSystem\src\AttendanceSystem.API\Controllers\AttendanceController.cs(328,9): warning CS1591: Missing XML comment for publicly visible type or member 'AttendanceStatisticsApiDto.LeaveDays' [C:\Users\HP\AttendanceSystem\src\AttendanceSystem.API\AttendanceSystem.API.csproj]
C:\Users\HP\AttendanceSystem\src\AttendanceSystem.API\Controllers\AttendanceController.cs(329,13): warning CS1591: Missing XML comment for publicly visible type or member 'AttendanceStatisticsApiDto.OvertimeHours' [C:\Users\HP\AttendanceSystem\src\AttendanceSystem.API\AttendanceSystem.API.csproj]
C:\Users\HP\AttendanceSystem\src\AttendanceSystem.API\Controllers\AttendanceController.cs(330,13): warning CS1591: Missing XML comment for publicly visible type or member 'AttendanceStatisticsApiDto.AttendanceRate' [C:\Users\HP\AttendanceSystem\src\AttendanceSystem.API\AttendanceSystem.API.csproj]
C:\Users\HP\AttendanceSystem\src\AttendanceSystem.API\Controllers\AttendanceController.cs(332,22): warning CS1591: Missing XML comment for publicly visible type or member 'TodayAttendanceApiDto' [C:\Users\HP\AttendanceSystem\src\AttendanceSystem.API\AttendanceSystem.API.csproj]
C:\Users\HP\AttendanceSystem\src\AttendanceSystem.API\Controllers\AttendanceController.cs(332,22): warning CS1591: Missing XML comment for publicly visible type or member 'TodayAttendanceApiDto.TodayAttendanceApiDto(Guid, Guid, DateOnly, DateTime?, DateTime?, decimal, decimal, decimal, decimal, string?, string?, string?, bool, bool)' [C:\Users\HP\AttendanceSystem\src\AttendanceSystem.API\AttendanceSystem.API.csproj]
C:\Users\HP\AttendanceSystem\src\AttendanceSystem.API\Controllers\AttendanceController.cs(333,10): warning CS1591: Missing XML comment for publicly visible type or member 'TodayAttendanceApiDto.Id' [C:\Users\HP\AttendanceSystem\src\AttendanceSystem.API\AttendanceSystem.API.csproj]
C:\Users\HP\AttendanceSystem\src\AttendanceSystem.API\Controllers\AttendanceController.cs(334,10): warning CS1591: Missing XML comment for publicly visible type or member 'TodayAttendanceApiDto.EmployeeId' [C:\Users\HP\AttendanceSystem\src\AttendanceSystem.API\AttendanceSystem.API.csproj]
C:\Users\HP\AttendanceSystem\src\AttendanceSystem.API\Controllers\AttendanceController.cs(335,14): warning CS1591: Missing XML comment for publicly visible type or member 'TodayAttendanceApiDto.Date' [C:\Users\HP\AttendanceSystem\src\AttendanceSystem.API\AttendanceSystem.API.csproj]
C:\Users\HP\AttendanceSystem\src\AttendanceSystem.API\Controllers\AttendanceController.cs(336,15): warning CS1591: Missing XML comment for publicly visible type or member 'TodayAttendanceApiDto.CheckInTime' [C:\Users\HP\AttendanceSystem\src\AttendanceSystem.API\AttendanceSystem.API.csproj]
C:\Users\HP\AttendanceSystem\src\AttendanceSystem.API\Controllers\AttendanceController.cs(337,15): warning CS1591: Missing XML comment for publicly visible type or member 'TodayAttendanceApiDto.CheckOutTime' [C:\Users\HP\AttendanceSystem\src\AttendanceSystem.API\AttendanceSystem.API.csproj]
C:\Users\HP\AttendanceSystem\src\AttendanceSystem.API\Controllers\AttendanceController.cs(338,13): warning CS1591: Missing XML comment for publicly visible type or member 'TodayAttendanceApiDto.WorkHours' [C:\Users\HP\AttendanceSystem\src\AttendanceSystem.API\AttendanceSystem.API.csproj]
C:\Users\HP\AttendanceSystem\src\AttendanceSystem.API\Controllers\AttendanceController.cs(339,13): warning CS1591: Missing XML comment for publicly visible type or member 'TodayAttendanceApiDto.Overtime' [C:\Users\HP\AttendanceSystem\src\AttendanceSystem.API\AttendanceSystem.API.csproj]
C:\Users\HP\AttendanceSystem\src\AttendanceSystem.API\Controllers\AttendanceController.cs(340,13): warning CS1591: Missing XML comment for publicly visible type or member 'TodayAttendanceApiDto.OvertimeHours' [C:\Users\HP\AttendanceSystem\src\AttendanceSystem.API\AttendanceSystem.API.csproj]
C:\Users\HP\AttendanceSystem\src\AttendanceSystem.API\Controllers\AttendanceController.cs(341,13): warning CS1591: Missing XML comment for publicly visible type or member 'TodayAttendanceApiDto.LateMinutes' [C:\Users\HP\AttendanceSystem\src\AttendanceSystem.API\AttendanceSystem.API.csproj]
C:\Users\HP\AttendanceSystem\src\AttendanceSystem.API\Controllers\AttendanceController.cs(342,13): warning CS1591: Missing XML comment for publicly visible type or member 'TodayAttendanceApiDto.VerificationMethod' [C:\Users\HP\AttendanceSystem\src\AttendanceSystem.API\AttendanceSystem.API.csproj]
C:\Users\HP\AttendanceSystem\src\AttendanceSystem.API\Controllers\AttendanceController.cs(343,13): warning CS1591: Missing XML comment for publicly visible type or member 'TodayAttendanceApiDto.AttendanceStatus' [C:\Users\HP\AttendanceSystem\src\AttendanceSystem.API\AttendanceSystem.API.csproj]
C:\Users\HP\AttendanceSystem\src\AttendanceSystem.API\Controllers\AttendanceController.cs(344,13): warning CS1591: Missing XML comment for publicly visible type or member 'TodayAttendanceApiDto.Status' [C:\Users\HP\AttendanceSystem\src\AttendanceSystem.API\AttendanceSystem.API.csproj]
C:\Users\HP\AttendanceSystem\src\AttendanceSystem.API\Controllers\AttendanceController.cs(345,10): warning CS1591: Missing XML comment for publicly visible type or member 'TodayAttendanceApiDto.IsSuspicious' [C:\Users\HP\AttendanceSystem\src\AttendanceSystem.API\AttendanceSystem.API.csproj]
C:\Users\HP\AttendanceSystem\src\AttendanceSystem.API\Controllers\AttendanceController.cs(346,10): warning CS1591: Missing XML comment for publicly visible type or member 'TodayAttendanceApiDto.IsAutoGeo' [C:\Users\HP\AttendanceSystem\src\AttendanceSystem.API\AttendanceSystem.API.csproj]
C:\Users\HP\AttendanceSystem\src\AttendanceSystem.API\Controllers\AttendanceController.cs(348,22): warning CS1591: Missing XML comment for publicly visible type or member 'AttendanceHistoryApiDto' [C:\Users\HP\AttendanceSystem\src\AttendanceSystem.API\AttendanceSystem.API.csproj]
C:\Users\HP\AttendanceSystem\src\AttendanceSystem.API\Controllers\AttendanceController.cs(348,22): warning CS1591: Missing XML comment for publicly visible type or member 'AttendanceHistoryApiDto.AttendanceHistoryApiDto(Guid, Guid?, string?, DateOnly, DateTime?, DateTime?, decimal, decimal, decimal, decimal, string?, string?, string?)' [C:\Users\HP\AttendanceSystem\src\AttendanceSystem.API\AttendanceSystem.API.csproj]
C:\Users\HP\AttendanceSystem\src\AttendanceSystem.API\Controllers\AttendanceController.cs(349,10): warning CS1591: Missing XML comment for publicly visible type or member 'AttendanceHistoryApiDto.Id' [C:\Users\HP\AttendanceSystem\src\AttendanceSystem.API\AttendanceSystem.API.csproj]
C:\Users\HP\AttendanceSystem\src\AttendanceSystem.API\Controllers\AttendanceController.cs(350,11): warning CS1591: Missing XML comment for publicly visible type or member 'AttendanceHistoryApiDto.EmployeeId' [C:\Users\HP\AttendanceSystem\src\AttendanceSystem.API\AttendanceSystem.API.csproj]
C:\Users\HP\AttendanceSystem\src\AttendanceSystem.API\Controllers\AttendanceController.cs(351,13): warning CS1591: Missing XML comment for publicly visible type or member 'AttendanceHistoryApiDto.EmployeeName' [C:\Users\HP\AttendanceSystem\src\AttendanceSystem.API\AttendanceSystem.API.csproj]
C:\Users\HP\AttendanceSystem\src\AttendanceSystem.API\Controllers\AttendanceController.cs(352,14): warning CS1591: Missing XML comment for publicly visible type or member 'AttendanceHistoryApiDto.Date' [C:\Users\HP\AttendanceSystem\src\AttendanceSystem.API\AttendanceSystem.API.csproj]
C:\Users\HP\AttendanceSystem\src\AttendanceSystem.API\Controllers\AttendanceController.cs(353,15): warning CS1591: Missing XML comment for publicly visible type or member 'AttendanceHistoryApiDto.CheckInTime' [C:\Users\HP\AttendanceSystem\src\AttendanceSystem.API\AttendanceSystem.API.csproj]
C:\Users\HP\AttendanceSystem\src\AttendanceSystem.API\Controllers\AttendanceController.cs(354,15): warning CS1591: Missing XML comment for publicly visible type or member 'AttendanceHistoryApiDto.CheckOutTime' [C:\Users\HP\AttendanceSystem\src\AttendanceSystem.API\AttendanceSystem.API.csproj]
C:\Users\HP\AttendanceSystem\src\AttendanceSystem.API\Controllers\AttendanceController.cs(355,13): warning CS1591: Missing XML comment for publicly visible type or member 'AttendanceHistoryApiDto.WorkHours' [C:\Users\HP\AttendanceSystem\src\AttendanceSystem.API\AttendanceSystem.API.csproj]
C:\Users\HP\AttendanceSystem\src\AttendanceSystem.API\Controllers\AttendanceController.cs(356,13): warning CS1591: Missing XML comment for publicly visible type or member 'AttendanceHistoryApiDto.Overtime' [C:\Users\HP\AttendanceSystem\src\AttendanceSystem.API\AttendanceSystem.API.csproj]
C:\Users\HP\AttendanceSystem\src\AttendanceSystem.API\Controllers\AttendanceController.cs(357,13): warning CS1591: Missing XML comment for publicly visible type or member 'AttendanceHistoryApiDto.OvertimeHours' [C:\Users\HP\AttendanceSystem\src\AttendanceSystem.API\AttendanceSystem.API.csproj]
C:\Users\HP\AttendanceSystem\src\AttendanceSystem.API\Controllers\AttendanceController.cs(358,13): warning CS1591: Missing XML comment for publicly visible type or member 'AttendanceHistoryApiDto.LateMinutes' [C:\Users\HP\AttendanceSystem\src\AttendanceSystem.API\AttendanceSystem.API.csproj]
C:\Users\HP\AttendanceSystem\src\AttendanceSystem.API\Controllers\AttendanceController.cs(359,13): warning CS1591: Missing XML comment for publicly visible type or member 'AttendanceHistoryApiDto.VerificationMethod' [C:\Users\HP\AttendanceSystem\src\AttendanceSystem.API\AttendanceSystem.API.csproj]
C:\Users\HP\AttendanceSystem\src\AttendanceSystem.API\Controllers\AttendanceController.cs(360,13): warning CS1591: Missing XML comment for publicly visible type or member 'AttendanceHistoryApiDto.AttendanceStatus' [C:\Users\HP\AttendanceSystem\src\AttendanceSystem.API\AttendanceSystem.API.csproj]
C:\Users\HP\AttendanceSystem\src\AttendanceSystem.API\Controllers\AttendanceController.cs(361,13): warning CS1591: Missing XML comment for publicly visible type or member 'AttendanceHistoryApiDto.Status' [C:\Users\HP\AttendanceSystem\src\AttendanceSystem.API\AttendanceSystem.API.csproj]
C:\Users\HP\AttendanceSystem\src\AttendanceSystem.API\Controllers\AttendanceController.cs(363,22): warning CS1591: Missing XML comment for publicly visible type or member 'LocationValidationRequestApiDto' [C:\Users\HP\AttendanceSystem\src\AttendanceSystem.API\AttendanceSystem.API.csproj]
C:\Users\HP\AttendanceSystem\src\AttendanceSystem.API\Controllers\AttendanceController.cs(363,22): warning CS1591: Missing XML comment for publicly visible type or member 'LocationValidationRequestApiDto.LocationValidationRequestApiDto(double, double)' [C:\Users\HP\AttendanceSystem\src\AttendanceSystem.API\AttendanceSystem.API.csproj]
C:\Users\HP\AttendanceSystem\src\AttendanceSystem.API\Controllers\AttendanceController.cs(363,61): warning CS1591: Missing XML comment for publicly visible type or member 'LocationValidationRequestApiDto.Latitude' [C:\Users\HP\AttendanceSystem\src\AttendanceSystem.API\AttendanceSystem.API.csproj]
C:\Users\HP\AttendanceSystem\src\AttendanceSystem.API\Controllers\AttendanceController.cs(363,78): warning CS1591: Missing XML comment for publicly visible type or member 'LocationValidationRequestApiDto.Longitude' [C:\Users\HP\AttendanceSystem\src\AttendanceSystem.API\AttendanceSystem.API.csproj]
C:\Users\HP\AttendanceSystem\src\AttendanceSystem.API\Controllers\AttendanceController.cs(364,22): warning CS1591: Missing XML comment for publicly visible type or member 'LocationValidationApiDto' [C:\Users\HP\AttendanceSystem\src\AttendanceSystem.API\AttendanceSystem.API.csproj]
C:\Users\HP\AttendanceSystem\src\AttendanceSystem.API\Controllers\AttendanceController.cs(364,22): warning CS1591: Missing XML comment for publicly visible type or member 'LocationValidationApiDto.LocationValidationApiDto(string?, string?, double, double, string?, bool, bool, string?)' [C:\Users\HP\AttendanceSystem\src\AttendanceSystem.API\AttendanceSystem.API.csproj]
C:\Users\HP\AttendanceSystem\src\AttendanceSystem.API\Controllers\AttendanceController.cs(365,13): warning CS1591: Missing XML comment for publicly visible type or member 'LocationValidationApiDto.CurrentLocation' [C:\Users\HP\AttendanceSystem\src\AttendanceSystem.API\AttendanceSystem.API.csproj]
C:\Users\HP\AttendanceSystem\src\AttendanceSystem.API\Controllers\AttendanceController.cs(366,13): warning CS1591: Missing XML comment for publicly visible type or member 'LocationValidationApiDto.OfficeLocation' [C:\Users\HP\AttendanceSystem\src\AttendanceSystem.API\AttendanceSystem.API.csproj]
C:\Users\HP\AttendanceSystem\src\AttendanceSystem.API\Controllers\AttendanceController.cs(367,12): warning CS1591: Missing XML comment for publicly visible type or member 'LocationValidationApiDto.Distance' [C:\Users\HP\AttendanceSystem\src\AttendanceSystem.API\AttendanceSystem.API.csproj]
C:\Users\HP\AttendanceSystem\src\AttendanceSystem.API\Controllers\AttendanceController.cs(368,12): warning CS1591: Missing XML comment for publicly visible type or member 'LocationValidationApiDto.DistanceMeters' [C:\Users\HP\AttendanceSystem\src\AttendanceSystem.API\AttendanceSystem.API.csproj]
C:\Users\HP\AttendanceSystem\src\AttendanceSystem.API\Controllers\AttendanceController.cs(369,13): warning CS1591: Missing XML comment for publicly visible type or member 'LocationValidationApiDto.ValidationStatus' [C:\Users\HP\AttendanceSystem\src\AttendanceSystem.API\AttendanceSystem.API.csproj]
C:\Users\HP\AttendanceSystem\src\AttendanceSystem.API\Controllers\AttendanceController.cs(370,10): warning CS1591: Missing XML comment for publicly visible type or member 'LocationValidationApiDto.IsValid' [C:\Users\HP\AttendanceSystem\src\AttendanceSystem.API\AttendanceSystem.API.csproj]
C:\Users\HP\AttendanceSystem\src\AttendanceSystem.API\Controllers\AttendanceController.cs(371,10): warning CS1591: Missing XML comment for publicly visible type or member 'LocationValidationApiDto.IsWithinAllowedRadius' [C:\Users\HP\AttendanceSystem\src\AttendanceSystem.API\AttendanceSystem.API.csproj]
C:\Users\HP\AttendanceSystem\src\AttendanceSystem.API\Controllers\AttendanceController.cs(372,13): warning CS1591: Missing XML comment for publicly visible type or member 'LocationValidationApiDto.Message' [C:\Users\HP\AttendanceSystem\src\AttendanceSystem.API\AttendanceSystem.API.csproj]
C:\Users\HP\AttendanceSystem\src\AttendanceSystem.API\Controllers\AuthController.cs(21,12): warning CS1591: Missing XML comment for publicly visible type or member 'AuthController.AuthController(JwtTokenService, PasswordService, UserManager<ApplicationUser>)' [C:\Users\HP\AttendanceSystem\src\AttendanceSystem.API\AttendanceSystem.API.csproj]
C:\Users\HP\AttendanceSystem\src\AttendanceSystem.API\Controllers\DashboardApiController.cs(12,21): warning CS1591: Missing XML comment for publicly visible type or member 'DashboardApiController' [C:\Users\HP\AttendanceSystem\src\AttendanceSystem.API\AttendanceSystem.API.csproj]
C:\Users\HP\AttendanceSystem\src\AttendanceSystem.API\Controllers\DashboardApiController.cs(16,12): warning CS1591: Missing XML comment for publicly visible type or member 'DashboardApiController.DashboardApiController(ApplicationDbContext)' [C:\Users\HP\AttendanceSystem\src\AttendanceSystem.API\AttendanceSystem.API.csproj]
C:\Users\HP\AttendanceSystem\src\AttendanceSystem.API\Controllers\DashboardApiController.cs(19,61): warning CS1591: Missing XML comment for publicly visible type or member 'DashboardApiController.Summary(DateOnly?, CancellationToken)' [C:\Users\HP\AttendanceSystem\src\AttendanceSystem.API\AttendanceSystem.API.csproj]
C:\Users\HP\AttendanceSystem\src\AttendanceSystem.API\Controllers\DashboardApiController.cs(54,77): warning CS1591: Missing XML comment for publicly visible type or member 'DashboardApiController.RecentActivities(int, int, CancellationToken)' [C:\Users\HP\AttendanceSystem\src\AttendanceSystem.API\AttendanceSystem.API.csproj]
C:\Users\HP\AttendanceSystem\src\AttendanceSystem.API\Controllers\DashboardApiController.cs(84,60): warning CS1591: Missing XML comment for publicly visible type or member 'DashboardApiController.Statistics(int, CancellationToken)' [C:\Users\HP\AttendanceSystem\src\AttendanceSystem.API\AttendanceSystem.API.csproj]
C:\Users\HP\AttendanceSystem\src\AttendanceSystem.API\Controllers\DashboardApiController.cs(121,22): warning CS1591: Missing XML comment for publicly visible type or member 'DashboardSummaryApiDto' [C:\Users\HP\AttendanceSystem\src\AttendanceSystem.API\AttendanceSystem.API.csproj]
C:\Users\HP\AttendanceSystem\src\AttendanceSystem.API\Controllers\DashboardApiController.cs(121,22): warning CS1591: Missing XML comment for publicly visible type or member 'DashboardSummaryApiDto.DashboardSummaryApiDto(int, int, int, int, int, int, decimal, decimal)' [C:\Users\HP\AttendanceSystem\src\AttendanceSystem.API\AttendanceSystem.API.csproj]
C:\Users\HP\AttendanceSystem\src\AttendanceSystem.API\Controllers\DashboardApiController.cs(122,9): warning CS1591: Missing XML comment for publicly visible type or member 'DashboardSummaryApiDto.TotalEmployees' [C:\Users\HP\AttendanceSystem\src\AttendanceSystem.API\AttendanceSystem.API.csproj]
C:\Users\HP\AttendanceSystem\src\AttendanceSystem.API\Controllers\DashboardApiController.cs(123,9): warning CS1591: Missing XML comment for publicly visible type or member 'DashboardSummaryApiDto.ActiveEmployees' [C:\Users\HP\AttendanceSystem\src\AttendanceSystem.API\AttendanceSystem.API.csproj]
C:\Users\HP\AttendanceSystem\src\AttendanceSystem.API\Controllers\DashboardApiController.cs(124,9): warning CS1591: Missing XML comment for publicly visible type or member 'DashboardSummaryApiDto.PresentToday' [C:\Users\HP\AttendanceSystem\src\AttendanceSystem.API\AttendanceSystem.API.csproj]
C:\Users\HP\AttendanceSystem\src\AttendanceSystem.API\Controllers\DashboardApiController.cs(125,9): warning CS1591: Missing XML comment for publicly visible type or member 'DashboardSummaryApiDto.AbsentToday' [C:\Users\HP\AttendanceSystem\src\AttendanceSystem.API\AttendanceSystem.API.csproj]
C:\Users\HP\AttendanceSystem\src\AttendanceSystem.API\Controllers\DashboardApiController.cs(126,9): warning CS1591: Missing XML comment for publicly visible type or member 'DashboardSummaryApiDto.LateEmployees' [C:\Users\HP\AttendanceSystem\src\AttendanceSystem.API\AttendanceSystem.API.csproj]
C:\Users\HP\AttendanceSystem\src\AttendanceSystem.API\Controllers\DashboardApiController.cs(127,9): warning CS1591: Missing XML comment for publicly visible type or member 'DashboardSummaryApiDto.OnLeaveEmployees' [C:\Users\HP\AttendanceSystem\src\AttendanceSystem.API\AttendanceSystem.API.csproj]
C:\Users\HP\AttendanceSystem\src\AttendanceSystem.API\Controllers\DashboardApiController.cs(128,13): warning CS1591: Missing XML comment for publicly visible type or member 'DashboardSummaryApiDto.AttendanceRate' [C:\Users\HP\AttendanceSystem\src\AttendanceSystem.API\AttendanceSystem.API.csproj]
C:\Users\HP\AttendanceSystem\src\AttendanceSystem.API\Controllers\DashboardApiController.cs(129,13): warning CS1591: Missing XML comment for publicly visible type or member 'DashboardSummaryApiDto.TotalOvertimeHours' [C:\Users\HP\AttendanceSystem\src\AttendanceSystem.API\AttendanceSystem.API.csproj]
C:\Users\HP\AttendanceSystem\src\AttendanceSystem.API\Controllers\DashboardApiController.cs(131,22): warning CS1591: Missing XML comment for publicly visible type or member 'RecentActivityApiDto' [C:\Users\HP\AttendanceSystem\src\AttendanceSystem.API\AttendanceSystem.API.csproj]
C:\Users\HP\AttendanceSystem\src\AttendanceSystem.API\Controllers\DashboardApiController.cs(131,22): warning CS1591: Missing XML comment for publicly visible type or member 'RecentActivityApiDto.RecentActivityApiDto(Guid, string, string, string, DateTime)' [C:\Users\HP\AttendanceSystem\src\AttendanceSystem.API\AttendanceSystem.API.csproj]
C:\Users\HP\AttendanceSystem\src\AttendanceSystem.API\Controllers\DashboardApiController.cs(131,48): warning CS1591: Missing XML comment for publicly visible type or member 'RecentActivityApiDto.Id' [C:\Users\HP\AttendanceSystem\src\AttendanceSystem.API\AttendanceSystem.API.csproj]
C:\Users\HP\AttendanceSystem\src\AttendanceSystem.API\Controllers\DashboardApiController.cs(131,59): warning CS1591: Missing XML comment for publicly visible type or member 'RecentActivityApiDto.Type' [C:\Users\HP\AttendanceSystem\src\AttendanceSystem.API\AttendanceSystem.API.csproj]
C:\Users\HP\AttendanceSystem\src\AttendanceSystem.API\Controllers\DashboardApiController.cs(131,72): warning CS1591: Missing XML comment for publicly visible type or member 'RecentActivityApiDto.Title' [C:\Users\HP\AttendanceSystem\src\AttendanceSystem.API\AttendanceSystem.API.csproj]
C:\Users\HP\AttendanceSystem\src\AttendanceSystem.API\Controllers\DashboardApiController.cs(131,86): warning CS1591: Missing XML comment for publicly visible type or member 'RecentActivityApiDto.Description' [C:\Users\HP\AttendanceSystem\src\AttendanceSystem.API\AttendanceSystem.API.csproj]
C:\Users\HP\AttendanceSystem\src\AttendanceSystem.API\Controllers\DashboardApiController.cs(131,108): warning CS1591: Missing XML comment for publicly visible type or member 'RecentActivityApiDto.CreatedAt' [C:\Users\HP\AttendanceSystem\src\AttendanceSystem.API\AttendanceSystem.API.csproj]
C:\Users\HP\AttendanceSystem\src\AttendanceSystem.API\Controllers\DashboardApiController.cs(132,22): warning CS1591: Missing XML comment for publicly visible type or member 'AttendanceTrendApiDto' [C:\Users\HP\AttendanceSystem\src\AttendanceSystem.API\AttendanceSystem.API.csproj]
C:\Users\HP\AttendanceSystem\src\AttendanceSystem.API\Controllers\DashboardApiController.cs(132,22): warning CS1591: Missing XML comment for publicly visible type or member 'AttendanceTrendApiDto.AttendanceTrendApiDto(IReadOnlyList<string>, IReadOnlyList<int>, IReadOnlyList<int>, IReadOnlyList<int>)' [C:\Users\HP\AttendanceSystem\src\AttendanceSystem.API\AttendanceSystem.API.csproj]
C:\Users\HP\AttendanceSystem\src\AttendanceSystem.API\Controllers\DashboardApiController.cs(132,66): warning CS1591: Missing XML comment for publicly visible type or member 'AttendanceTrendApiDto.Labels' [C:\Users\HP\AttendanceSystem\src\AttendanceSystem.API\AttendanceSystem.API.csproj]
C:\Users\HP\AttendanceSystem\src\AttendanceSystem.API\Controllers\DashboardApiController.cs(132,93): warning CS1591: Missing XML comment for publicly visible type or member 'AttendanceTrendApiDto.PresentCounts' [C:\Users\HP\AttendanceSystem\src\AttendanceSystem.API\AttendanceSystem.API.csproj]
C:\Users\HP\AttendanceSystem\src\AttendanceSystem.API\Controllers\DashboardApiController.cs(132,127): warning CS1591: Missing XML comment for publicly visible type or member 'AttendanceTrendApiDto.AbsentCounts' [C:\Users\HP\AttendanceSystem\src\AttendanceSystem.API\AttendanceSystem.API.csproj]
C:\Users\HP\AttendanceSystem\src\AttendanceSystem.API\Controllers\DashboardApiController.cs(132,160): warning CS1591: Missing XML comment for publicly visible type or member 'AttendanceTrendApiDto.LateCounts' [C:\Users\HP\AttendanceSystem\src\AttendanceSystem.API\AttendanceSystem.API.csproj]
C:\Users\HP\AttendanceSystem\src\AttendanceSystem.API\Controllers\DepartmentsApiController.cs(12,21): warning CS1591: Missing XML comment for publicly visible type or member 'DepartmentsApiController' [C:\Users\HP\AttendanceSystem\src\AttendanceSystem.API\AttendanceSystem.API.csproj]
C:\Users\HP\AttendanceSystem\src\AttendanceSystem.API\Controllers\DepartmentsApiController.cs(16,12): warning CS1591: Missing XML comment for publicly visible type or member 'DepartmentsApiController.DepartmentsApiController(ApplicationDbContext)' [C:\Users\HP\AttendanceSystem\src\AttendanceSystem.API\AttendanceSystem.API.csproj]
C:\Users\HP\AttendanceSystem\src\AttendanceSystem.API\Controllers\DepartmentsApiController.cs(19,73): warning CS1591: Missing XML comment for publicly visible type or member 'DepartmentsApiController.List(int, int, string?, CancellationToken)' [C:\Users\HP\AttendanceSystem\src\AttendanceSystem.API\AttendanceSystem.API.csproj]
C:\Users\HP\AttendanceSystem\src\AttendanceSystem.API\Controllers\DepartmentsApiController.cs(55,55): warning CS1591: Missing XML comment for publicly visible type or member 'DepartmentsApiController.Details(Guid, CancellationToken)' [C:\Users\HP\AttendanceSystem\src\AttendanceSystem.API\AttendanceSystem.API.csproj]
C:\Users\HP\AttendanceSystem\src\AttendanceSystem.API\Controllers\DepartmentsApiController.cs(75,55): warning CS1591: Missing XML comment for publicly visible type or member 'DepartmentsApiController.Create(DepartmentFormApiDto, CancellationToken)' [C:\Users\HP\AttendanceSystem\src\AttendanceSystem.API\AttendanceSystem.API.csproj]
C:\Users\HP\AttendanceSystem\src\AttendanceSystem.API\Controllers\DepartmentsApiController.cs(94,55): warning CS1591: Missing XML comment for publicly visible type or member 'DepartmentsApiController.Update(Guid, DepartmentFormApiDto, CancellationToken)' [C:\Users\HP\AttendanceSystem\src\AttendanceSystem.API\AttendanceSystem.API.csproj]
C:\Users\HP\AttendanceSystem\src\AttendanceSystem.API\Controllers\DepartmentsApiController.cs(110,22): warning CS1591: Missing XML comment for publicly visible type or member 'DepartmentApiDto' [C:\Users\HP\AttendanceSystem\src\AttendanceSystem.API\AttendanceSystem.API.csproj]
C:\Users\HP\AttendanceSystem\src\AttendanceSystem.API\Controllers\DepartmentsApiController.cs(110,22): warning CS1591: Missing XML comment for publicly visible type or member 'DepartmentApiDto.DepartmentApiDto(Guid, string, string?, string?, int, bool)' [C:\Users\HP\AttendanceSystem\src\AttendanceSystem.API\AttendanceSystem.API.csproj]
C:\Users\HP\AttendanceSystem\src\AttendanceSystem.API\Controllers\DepartmentsApiController.cs(110,44): warning CS1591: Missing XML comment for publicly visible type or member 'DepartmentApiDto.Id' [C:\Users\HP\AttendanceSystem\src\AttendanceSystem.API\AttendanceSystem.API.csproj]
C:\Users\HP\AttendanceSystem\src\AttendanceSystem.API\Controllers\DepartmentsApiController.cs(110,55): warning CS1591: Missing XML comment for publicly visible type or member 'DepartmentApiDto.Name' [C:\Users\HP\AttendanceSystem\src\AttendanceSystem.API\AttendanceSystem.API.csproj]
C:\Users\HP\AttendanceSystem\src\AttendanceSystem.API\Controllers\DepartmentsApiController.cs(110,69): warning CS1591: Missing XML comment for publicly visible type or member 'DepartmentApiDto.Description' [C:\Users\HP\AttendanceSystem\src\AttendanceSystem.API\AttendanceSystem.API.csproj]
C:\Users\HP\AttendanceSystem\src\AttendanceSystem.API\Controllers\DepartmentsApiController.cs(110,90): warning CS1591: Missing XML comment for publicly visible type or member 'DepartmentApiDto.HeadEmployeeName' [C:\Users\HP\AttendanceSystem\src\AttendanceSystem.API\AttendanceSystem.API.csproj]
C:\Users\HP\AttendanceSystem\src\AttendanceSystem.API\Controllers\DepartmentsApiController.cs(110,112): warning CS1591: Missing XML comment for publicly visible type or member 'DepartmentApiDto.EmployeeCount' [C:\Users\HP\AttendanceSystem\src\AttendanceSystem.API\AttendanceSystem.API.csproj]
C:\Users\HP\AttendanceSystem\src\AttendanceSystem.API\Controllers\DepartmentsApiController.cs(110,132): warning CS1591: Missing XML comment for publicly visible type or member 'DepartmentApiDto.IsActive' [C:\Users\HP\AttendanceSystem\src\AttendanceSystem.API\AttendanceSystem.API.csproj]
C:\Users\HP\AttendanceSystem\src\AttendanceSystem.API\Controllers\DepartmentsApiController.cs(111,22): warning CS1591: Missing XML comment for publicly visible type or member 'DepartmentFormApiDto' [C:\Users\HP\AttendanceSystem\src\AttendanceSystem.API\AttendanceSystem.API.csproj]
C:\Users\HP\AttendanceSystem\src\AttendanceSystem.API\Controllers\DepartmentsApiController.cs(111,22): warning CS1591: Missing XML comment for publicly visible type or member 'DepartmentFormApiDto.DepartmentFormApiDto(string, string?)' [C:\Users\HP\AttendanceSystem\src\AttendanceSystem.API\AttendanceSystem.API.csproj]
C:\Users\HP\AttendanceSystem\src\AttendanceSystem.API\Controllers\DepartmentsApiController.cs(111,50): warning CS1591: Missing XML comment for publicly visible type or member 'DepartmentFormApiDto.Name' [C:\Users\HP\AttendanceSystem\src\AttendanceSystem.API\AttendanceSystem.API.csproj]
C:\Users\HP\AttendanceSystem\src\AttendanceSystem.API\Controllers\DepartmentsApiController.cs(111,64): warning CS1591: Missing XML comment for publicly visible type or member 'DepartmentFormApiDto.Description' [C:\Users\HP\AttendanceSystem\src\AttendanceSystem.API\AttendanceSystem.API.csproj]
C:\Users\HP\AttendanceSystem\src\AttendanceSystem.API\Controllers\EmployeesApiController.cs(14,21): warning CS1591: Missing XML comment for publicly visible type or member 'EmployeesApiController' [C:\Users\HP\AttendanceSystem\src\AttendanceSystem.API\AttendanceSystem.API.csproj]
C:\Users\HP\AttendanceSystem\src\AttendanceSystem.API\Controllers\EmployeesApiController.cs(18,12): warning CS1591: Missing XML comment for publicly visible type or member 'EmployeesApiController.EmployeesApiController(ApplicationDbContext)' [C:\Users\HP\AttendanceSystem\src\AttendanceSystem.API\AttendanceSystem.API.csproj]
C:\Users\HP\AttendanceSystem\src\AttendanceSystem.API\Controllers\EmployeesApiController.cs(21,71): warning CS1591: Missing XML comment for publicly visible type or member 'EmployeesApiController.List(int, int, string?, CancellationToken)' [C:\Users\HP\AttendanceSystem\src\AttendanceSystem.API\AttendanceSystem.API.csproj]
C:\Users\HP\AttendanceSystem\src\AttendanceSystem.API\Controllers\EmployeesApiController.cs(65,53): warning CS1591: Missing XML comment for publicly visible type or member 'EmployeesApiController.Details(Guid, CancellationToken)' [C:\Users\HP\AttendanceSystem\src\AttendanceSystem.API\AttendanceSystem.API.csproj]
C:\Users\HP\AttendanceSystem\src\AttendanceSystem.API\Controllers\EmployeesApiController.cs(79,53): warning CS1591: Missing XML comment for publicly visible type or member 'EmployeesApiController.Create(EmployeeFormApiDto, CancellationToken)' [C:\Users\HP\AttendanceSystem\src\AttendanceSystem.API\AttendanceSystem.API.csproj]
C:\Users\HP\AttendanceSystem\src\AttendanceSystem.API\Controllers\EmployeesApiController.cs(110,53): warning CS1591: Missing XML comment for publicly visible type or member 'EmployeesApiController.Update(Guid, EmployeeFormApiDto, CancellationToken)' [C:\Users\HP\AttendanceSystem\src\AttendanceSystem.API\AttendanceSystem.API.csproj]
C:\Users\HP\AttendanceSystem\src\AttendanceSystem.API\Controllers\EmployeesApiController.cs(130,60): warning CS1591: Missing XML comment for publicly visible type or member 'EmployeesApiController.Me(CancellationToken)' [C:\Users\HP\AttendanceSystem\src\AttendanceSystem.API\AttendanceSystem.API.csproj]
C:\Users\HP\AttendanceSystem\src\AttendanceSystem.API\Controllers\EmployeesApiController.cs(161,60): warning CS1591: Missing XML comment for publicly visible type or member 'EmployeesApiController.UpdateMe(UpdateEmployeeProfileApiDto, CancellationToken)' [C:\Users\HP\AttendanceSystem\src\AttendanceSystem.API\AttendanceSystem.API.csproj]
C:\Users\HP\AttendanceSystem\src\AttendanceSystem.API\Controllers\EmployeesApiController.cs(203,22): warning CS1591: Missing XML comment for publicly visible type or member 'EmployeeApiDto' [C:\Users\HP\AttendanceSystem\src\AttendanceSystem.API\AttendanceSystem.API.csproj]
C:\Users\HP\AttendanceSystem\src\AttendanceSystem.API\Controllers\EmployeesApiController.cs(203,22): warning CS1591: Missing XML comment for publicly visible type or member 'EmployeeApiDto.EmployeeApiDto(Guid, string, string, string, string?, Guid, string?, string?, string?, DateOnly, string?, bool)' [C:\Users\HP\AttendanceSystem\src\AttendanceSystem.API\AttendanceSystem.API.csproj]
C:\Users\HP\AttendanceSystem\src\AttendanceSystem.API\Controllers\EmployeesApiController.cs(204,10): warning CS1591: Missing XML comment for publicly visible type or member 'EmployeeApiDto.Id' [C:\Users\HP\AttendanceSystem\src\AttendanceSystem.API\AttendanceSystem.API.csproj]
C:\Users\HP\AttendanceSystem\src\AttendanceSystem.API\Controllers\EmployeesApiController.cs(205,12): warning CS1591: Missing XML comment for publicly visible type or member 'EmployeeApiDto.EmployeeCode' [C:\Users\HP\AttendanceSystem\src\AttendanceSystem.API\AttendanceSystem.API.csproj]
C:\Users\HP\AttendanceSystem\src\AttendanceSystem.API\Controllers\EmployeesApiController.cs(206,12): warning CS1591: Missing XML comment for publicly visible type or member 'EmployeeApiDto.FullName' [C:\Users\HP\AttendanceSystem\src\AttendanceSystem.API\AttendanceSystem.API.csproj]
C:\Users\HP\AttendanceSystem\src\AttendanceSystem.API\Controllers\EmployeesApiController.cs(207,12): warning CS1591: Missing XML comment for publicly visible type or member 'EmployeeApiDto.Email' [C:\Users\HP\AttendanceSystem\src\AttendanceSystem.API\AttendanceSystem.API.csproj]
C:\Users\HP\AttendanceSystem\src\AttendanceSystem.API\Controllers\EmployeesApiController.cs(208,13): warning CS1591: Missing XML comment for publicly visible type or member 'EmployeeApiDto.Phone' [C:\Users\HP\AttendanceSystem\src\AttendanceSystem.API\AttendanceSystem.API.csproj]
C:\Users\HP\AttendanceSystem\src\AttendanceSystem.API\Controllers\EmployeesApiController.cs(209,10): warning CS1591: Missing XML comment for publicly visible type or member 'EmployeeApiDto.DepartmentId' [C:\Users\HP\AttendanceSystem\src\AttendanceSystem.API\AttendanceSystem.API.csproj]
C:\Users\HP\AttendanceSystem\src\AttendanceSystem.API\Controllers\EmployeesApiController.cs(210,13): warning CS1591: Missing XML comment for publicly visible type or member 'EmployeeApiDto.Department' [C:\Users\HP\AttendanceSystem\src\AttendanceSystem.API\AttendanceSystem.API.csproj]
C:\Users\HP\AttendanceSystem\src\AttendanceSystem.API\Controllers\EmployeesApiController.cs(211,13): warning CS1591: Missing XML comment for publicly visible type or member 'EmployeeApiDto.DepartmentName' [C:\Users\HP\AttendanceSystem\src\AttendanceSystem.API\AttendanceSystem.API.csproj]
C:\Users\HP\AttendanceSystem\src\AttendanceSystem.API\Controllers\EmployeesApiController.cs(212,13): warning CS1591: Missing XML comment for publicly visible type or member 'EmployeeApiDto.Position' [C:\Users\HP\AttendanceSystem\src\AttendanceSystem.API\AttendanceSystem.API.csproj]
C:\Users\HP\AttendanceSystem\src\AttendanceSystem.API\Controllers\EmployeesApiController.cs(213,14): warning CS1591: Missing XML comment for publicly visible type or member 'EmployeeApiDto.HireDate' [C:\Users\HP\AttendanceSystem\src\AttendanceSystem.API\AttendanceSystem.API.csproj]
C:\Users\HP\AttendanceSystem\src\AttendanceSystem.API\Controllers\EmployeesApiController.cs(214,13): warning CS1591: Missing XML comment for publicly visible type or member 'EmployeeApiDto.Status' [C:\Users\HP\AttendanceSystem\src\AttendanceSystem.API\AttendanceSystem.API.csproj]
C:\Users\HP\AttendanceSystem\src\AttendanceSystem.API\Controllers\EmployeesApiController.cs(215,10): warning CS1591: Missing XML comment for publicly visible type or member 'EmployeeApiDto.IsActive' [C:\Users\HP\AttendanceSystem\src\AttendanceSystem.API\AttendanceSystem.API.csproj]
C:\Users\HP\AttendanceSystem\src\AttendanceSystem.API\Controllers\EmployeesApiController.cs(217,22): warning CS1591: Missing XML comment for publicly visible type or member 'EmployeeProfileApiDto' [C:\Users\HP\AttendanceSystem\src\AttendanceSystem.API\AttendanceSystem.API.csproj]
C:\Users\HP\AttendanceSystem\src\AttendanceSystem.API\Controllers\EmployeesApiController.cs(217,22): warning CS1591: Missing XML comment for publicly visible type or member 'EmployeeProfileApiDto.EmployeeProfileApiDto(Guid, string?, string, string, string, string?, DateOnly?, string?, string?, string?, DateOnly, string?, string?, bool)' [C:\Users\HP\AttendanceSystem\src\AttendanceSystem.API\AttendanceSystem.API.csproj]
C:\Users\HP\AttendanceSystem\src\AttendanceSystem.API\Controllers\EmployeesApiController.cs(218,10): warning CS1591: Missing XML comment for publicly visible type or member 'EmployeeProfileApiDto.Id' [C:\Users\HP\AttendanceSystem\src\AttendanceSystem.API\AttendanceSystem.API.csproj]
C:\Users\HP\AttendanceSystem\src\AttendanceSystem.API\Controllers\EmployeesApiController.cs(219,13): warning CS1591: Missing XML comment for publicly visible type or member 'EmployeeProfileApiDto.ProfilePhotoUrl' [C:\Users\HP\AttendanceSystem\src\AttendanceSystem.API\AttendanceSystem.API.csproj]
C:\Users\HP\AttendanceSystem\src\AttendanceSystem.API\Controllers\EmployeesApiController.cs(220,12): warning CS1591: Missing XML comment for publicly visible type or member 'EmployeeProfileApiDto.EmployeeCode' [C:\Users\HP\AttendanceSystem\src\AttendanceSystem.API\AttendanceSystem.API.csproj]
C:\Users\HP\AttendanceSystem\src\AttendanceSystem.API\Controllers\EmployeesApiController.cs(221,12): warning CS1591: Missing XML comment for publicly visible type or member 'EmployeeProfileApiDto.FullName' [C:\Users\HP\AttendanceSystem\src\AttendanceSystem.API\AttendanceSystem.API.csproj]
C:\Users\HP\AttendanceSystem\src\AttendanceSystem.API\Controllers\EmployeesApiController.cs(222,12): warning CS1591: Missing XML comment for publicly visible type or member 'EmployeeProfileApiDto.Email' [C:\Users\HP\AttendanceSystem\src\AttendanceSystem.API\AttendanceSystem.API.csproj]
C:\Users\HP\AttendanceSystem\src\AttendanceSystem.API\Controllers\EmployeesApiController.cs(223,13): warning CS1591: Missing XML comment for publicly visible type or member 'EmployeeProfileApiDto.Phone' [C:\Users\HP\AttendanceSystem\src\AttendanceSystem.API\AttendanceSystem.API.csproj]
C:\Users\HP\AttendanceSystem\src\AttendanceSystem.API\Controllers\EmployeesApiController.cs(224,15): warning CS1591: Missing XML comment for publicly visible type or member 'EmployeeProfileApiDto.DateOfBirth' [C:\Users\HP\AttendanceSystem\src\AttendanceSystem.API\AttendanceSystem.API.csproj]
C:\Users\HP\AttendanceSystem\src\AttendanceSystem.API\Controllers\EmployeesApiController.cs(225,13): warning CS1591: Missing XML comment for publicly visible type or member 'EmployeeProfileApiDto.Department' [C:\Users\HP\AttendanceSystem\src\AttendanceSystem.API\AttendanceSystem.API.csproj]
C:\Users\HP\AttendanceSystem\src\AttendanceSystem.API\Controllers\EmployeesApiController.cs(226,13): warning CS1591: Missing XML comment for publicly visible type or member 'EmployeeProfileApiDto.DepartmentName' [C:\Users\HP\AttendanceSystem\src\AttendanceSystem.API\AttendanceSystem.API.csproj]
C:\Users\HP\AttendanceSystem\src\AttendanceSystem.API\Controllers\EmployeesApiController.cs(227,13): warning CS1591: Missing XML comment for publicly visible type or member 'EmployeeProfileApiDto.Position' [C:\Users\HP\AttendanceSystem\src\AttendanceSystem.API\AttendanceSystem.API.csproj]
C:\Users\HP\AttendanceSystem\src\AttendanceSystem.API\Controllers\EmployeesApiController.cs(228,14): warning CS1591: Missing XML comment for publicly visible type or member 'EmployeeProfileApiDto.HireDate' [C:\Users\HP\AttendanceSystem\src\AttendanceSystem.API\AttendanceSystem.API.csproj]
C:\Users\HP\AttendanceSystem\src\AttendanceSystem.API\Controllers\EmployeesApiController.cs(229,13): warning CS1591: Missing XML comment for publicly visible type or member 'EmployeeProfileApiDto.EmploymentStatus' [C:\Users\HP\AttendanceSystem\src\AttendanceSystem.API\AttendanceSystem.API.csproj]
C:\Users\HP\AttendanceSystem\src\AttendanceSystem.API\Controllers\EmployeesApiController.cs(230,13): warning CS1591: Missing XML comment for publicly visible type or member 'EmployeeProfileApiDto.Status' [C:\Users\HP\AttendanceSystem\src\AttendanceSystem.API\AttendanceSystem.API.csproj]
C:\Users\HP\AttendanceSystem\src\AttendanceSystem.API\Controllers\EmployeesApiController.cs(231,10): warning CS1591: Missing XML comment for publicly visible type or member 'EmployeeProfileApiDto.IsActive' [C:\Users\HP\AttendanceSystem\src\AttendanceSystem.API\AttendanceSystem.API.csproj]
C:\Users\HP\AttendanceSystem\src\AttendanceSystem.API\Controllers\EmployeesApiController.cs(233,22): warning CS1591: Missing XML comment for publicly visible type or member 'UpdateEmployeeProfileApiDto' [C:\Users\HP\AttendanceSystem\src\AttendanceSystem.API\AttendanceSystem.API.csproj]
C:\Users\HP\AttendanceSystem\src\AttendanceSystem.API\Controllers\EmployeesApiController.cs(233,22): warning CS1591: Missing XML comment for publicly visible type or member 'UpdateEmployeeProfileApiDto.UpdateEmployeeProfileApiDto(string, string, string?, DateOnly?)' [C:\Users\HP\AttendanceSystem\src\AttendanceSystem.API\AttendanceSystem.API.csproj]
C:\Users\HP\AttendanceSystem\src\AttendanceSystem.API\Controllers\EmployeesApiController.cs(233,57): warning CS1591: Missing XML comment for publicly visible type or member 'UpdateEmployeeProfileApiDto.FullName' [C:\Users\HP\AttendanceSystem\src\AttendanceSystem.API\AttendanceSystem.API.csproj]
C:\Users\HP\AttendanceSystem\src\AttendanceSystem.API\Controllers\EmployeesApiController.cs(233,74): warning CS1591: Missing XML comment for publicly visible type or member 'UpdateEmployeeProfileApiDto.Email' [C:\Users\HP\AttendanceSystem\src\AttendanceSystem.API\AttendanceSystem.API.csproj]
C:\Users\HP\AttendanceSystem\src\AttendanceSystem.API\Controllers\EmployeesApiController.cs(233,89): warning CS1591: Missing XML comment for publicly visible type or member 'UpdateEmployeeProfileApiDto.Phone' [C:\Users\HP\AttendanceSystem\src\AttendanceSystem.API\AttendanceSystem.API.csproj]
C:\Users\HP\AttendanceSystem\src\AttendanceSystem.API\Controllers\EmployeesApiController.cs(233,106): warning CS1591: Missing XML comment for publicly visible type or member 'UpdateEmployeeProfileApiDto.DateOfBirth' [C:\Users\HP\AttendanceSystem\src\AttendanceSystem.API\AttendanceSystem.API.csproj]
C:\Users\HP\AttendanceSystem\src\AttendanceSystem.API\Controllers\EmployeesApiController.cs(234,22): warning CS1591: Missing XML comment for publicly visible type or member 'EmployeeFormApiDto' [C:\Users\HP\AttendanceSystem\src\AttendanceSystem.API\AttendanceSystem.API.csproj]
C:\Users\HP\AttendanceSystem\src\AttendanceSystem.API\Controllers\EmployeesApiController.cs(234,22): warning CS1591: Missing XML comment for publicly visible type or member 'EmployeeFormApiDto.EmployeeFormApiDto(string?, string?, string?, string?, Guid?, string?, DateOnly?, DateOnly?)' [C:\Users\HP\AttendanceSystem\src\AttendanceSystem.API\AttendanceSystem.API.csproj]
C:\Users\HP\AttendanceSystem\src\AttendanceSystem.API\Controllers\EmployeesApiController.cs(235,13): warning CS1591: Missing XML comment for publicly visible type or member 'EmployeeFormApiDto.EmployeeCode' [C:\Users\HP\AttendanceSystem\src\AttendanceSystem.API\AttendanceSystem.API.csproj]
C:\Users\HP\AttendanceSystem\src\AttendanceSystem.API\Controllers\EmployeesApiController.cs(236,13): warning CS1591: Missing XML comment for publicly visible type or member 'EmployeeFormApiDto.FullName' [C:\Users\HP\AttendanceSystem\src\AttendanceSystem.API\AttendanceSystem.API.csproj]
C:\Users\HP\AttendanceSystem\src\AttendanceSystem.API\Controllers\EmployeesApiController.cs(237,13): warning CS1591: Missing XML comment for publicly visible type or member 'EmployeeFormApiDto.Email' [C:\Users\HP\AttendanceSystem\src\AttendanceSystem.API\AttendanceSystem.API.csproj]
C:\Users\HP\AttendanceSystem\src\AttendanceSystem.API\Controllers\EmployeesApiController.cs(238,13): warning CS1591: Missing XML comment for publicly visible type or member 'EmployeeFormApiDto.Phone' [C:\Users\HP\AttendanceSystem\src\AttendanceSystem.API\AttendanceSystem.API.csproj]
C:\Users\HP\AttendanceSystem\src\AttendanceSystem.API\Controllers\EmployeesApiController.cs(239,11): warning CS1591: Missing XML comment for publicly visible type or member 'EmployeeFormApiDto.DepartmentId' [C:\Users\HP\AttendanceSystem\src\AttendanceSystem.API\AttendanceSystem.API.csproj]
C:\Users\HP\AttendanceSystem\src\AttendanceSystem.API\Controllers\EmployeesApiController.cs(240,13): warning CS1591: Missing XML comment for publicly visible type or member 'EmployeeFormApiDto.Position' [C:\Users\HP\AttendanceSystem\src\AttendanceSystem.API\AttendanceSystem.API.csproj]
C:\Users\HP\AttendanceSystem\src\AttendanceSystem.API\Controllers\EmployeesApiController.cs(241,15): warning CS1591: Missing XML comment for publicly visible type or member 'EmployeeFormApiDto.HireDate' [C:\Users\HP\AttendanceSystem\src\AttendanceSystem.API\AttendanceSystem.API.csproj]
C:\Users\HP\AttendanceSystem\src\AttendanceSystem.API\Controllers\EmployeesApiController.cs(242,15): warning CS1591: Missing XML comment for publicly visible type or member 'EmployeeFormApiDto.DateOfBirth' [C:\Users\HP\AttendanceSystem\src\AttendanceSystem.API\AttendanceSystem.API.csproj]
C:\Users\HP\AttendanceSystem\src\AttendanceSystem.API\Controllers\EnterpriseApiControllers.cs(20,23): warning CS1591: Missing XML comment for publicly visible type or member 'ContractControllerBase' [C:\Users\HP\AttendanceSystem\src\AttendanceSystem.API\AttendanceSystem.API.csproj]
C:\Users\HP\AttendanceSystem\src\AttendanceSystem.API\Controllers\EnterpriseApiControllers.cs(22,28): warning CS1591: Missing XML comment for publicly visible type or member 'ContractControllerBase.Contract(string, string, string, string, string, params string[])' [C:\Users\HP\AttendanceSystem\src\AttendanceSystem.API\AttendanceSystem.API.csproj]
C:\Users\HP\AttendanceSystem\src\AttendanceSystem.API\Controllers\EnterpriseApiControllers.cs(32,22): warning CS1591: Missing XML comment for publicly visible type or member 'EndpointContractResponse' [C:\Users\HP\AttendanceSystem\src\AttendanceSystem.API\AttendanceSystem.API.csproj]
C:\Users\HP\AttendanceSystem\src\AttendanceSystem.API\Controllers\EnterpriseApiControllers.cs(32,22): warning CS1591: Missing XML comment for publicly visible type or member 'EndpointContractResponse.EndpointContractResponse(string, string, string, string, string, IReadOnlyList<string>)' [C:\Users\HP\AttendanceSystem\src\AttendanceSystem.API\AttendanceSystem.API.csproj]
C:\Users\HP\AttendanceSystem\src\AttendanceSystem.API\Controllers\EnterpriseApiControllers.cs(33,12): warning CS1591: Missing XML comment for publicly visible type or member 'EndpointContractResponse.Level' [C:\Users\HP\AttendanceSystem\src\AttendanceSystem.API\AttendanceSystem.API.csproj]
C:\Users\HP\AttendanceSystem\src\AttendanceSystem.API\Controllers\EnterpriseApiControllers.cs(34,12): warning CS1591: Missing XML comment for publicly visible type or member 'EndpointContractResponse.Purpose' [C:\Users\HP\AttendanceSystem\src\AttendanceSystem.API\AttendanceSystem.API.csproj]
C:\Users\HP\AttendanceSystem\src\AttendanceSystem.API\Controllers\EnterpriseApiControllers.cs(35,12): warning CS1591: Missing XML comment for publicly visible type or member 'EndpointContractResponse.RequestDto' [C:\Users\HP\AttendanceSystem\src\AttendanceSystem.API\AttendanceSystem.API.csproj]
C:\Users\HP\AttendanceSystem\src\AttendanceSystem.API\Controllers\EnterpriseApiControllers.cs(36,12): warning CS1591: Missing XML comment for publicly visible type or member 'EndpointContractResponse.ResponseDto' [C:\Users\HP\AttendanceSystem\src\AttendanceSystem.API\AttendanceSystem.API.csproj]
C:\Users\HP\AttendanceSystem\src\AttendanceSystem.API\Controllers\EnterpriseApiControllers.cs(37,12): warning CS1591: Missing XML comment for publicly visible type or member 'EndpointContractResponse.Authorization' [C:\Users\HP\AttendanceSystem\src\AttendanceSystem.API\AttendanceSystem.API.csproj]
C:\Users\HP\AttendanceSystem\src\AttendanceSystem.API\Controllers\EnterpriseApiControllers.cs(38,27): warning CS1591: Missing XML comment for publicly visible type or member 'EndpointContractResponse.ValidationRules' [C:\Users\HP\AttendanceSystem\src\AttendanceSystem.API\AttendanceSystem.API.csproj]
C:\Users\HP\AttendanceSystem\src\AttendanceSystem.API\Controllers\EnterpriseApiControllers.cs(40,22): warning CS1591: Missing XML comment for publicly visible type or member 'MessageResponseDto' [C:\Users\HP\AttendanceSystem\src\AttendanceSystem.API\AttendanceSystem.API.csproj]
C:\Users\HP\AttendanceSystem\src\AttendanceSystem.API\Controllers\EnterpriseApiControllers.cs(40,22): warning CS1591: Missing XML comment for publicly visible type or member 'MessageResponseDto.MessageResponseDto(string)' [C:\Users\HP\AttendanceSystem\src\AttendanceSystem.API\AttendanceSystem.API.csproj]
C:\Users\HP\AttendanceSystem\src\AttendanceSystem.API\Controllers\EnterpriseApiControllers.cs(40,48): warning CS1591: Missing XML comment for publicly visible type or member 'MessageResponseDto.Message' [C:\Users\HP\AttendanceSystem\src\AttendanceSystem.API\AttendanceSystem.API.csproj]
C:\Users\HP\AttendanceSystem\src\AttendanceSystem.API\Controllers\EnterpriseApiControllers.cs(41,22): warning CS1591: Missing XML comment for publicly visible type or member 'PagedResponseDto<T>' [C:\Users\HP\AttendanceSystem\src\AttendanceSystem.API\AttendanceSystem.API.csproj]
C:\Users\HP\AttendanceSystem\src\AttendanceSystem.API\Controllers\EnterpriseApiControllers.cs(41,22): warning CS1591: Missing XML comment for publicly visible type or member 'PagedResponseDto<T>.PagedResponseDto(IReadOnlyList<T>, int, int, int)' [C:\Users\HP\AttendanceSystem\src\AttendanceSystem.API\AttendanceSystem.API.csproj]
C:\Users\HP\AttendanceSystem\src\AttendanceSystem.API\Controllers\EnterpriseApiControllers.cs(41,59): warning CS1591: Missing XML comment for publicly visible type or member 'PagedResponseDto<T>.Items' [C:\Users\HP\AttendanceSystem\src\AttendanceSystem.API\AttendanceSystem.API.csproj]
C:\Users\HP\AttendanceSystem\src\AttendanceSystem.API\Controllers\EnterpriseApiControllers.cs(41,70): warning CS1591: Missing XML comment for publicly visible type or member 'PagedResponseDto<T>.PageNumber' [C:\Users\HP\AttendanceSystem\src\AttendanceSystem.API\AttendanceSystem.API.csproj]
C:\Users\HP\AttendanceSystem\src\AttendanceSystem.API\Controllers\EnterpriseApiControllers.cs(41,86): warning CS1591: Missing XML comment for publicly visible type or member 'PagedResponseDto<T>.PageSize' [C:\Users\HP\AttendanceSystem\src\AttendanceSystem.API\AttendanceSystem.API.csproj]
C:\Users\HP\AttendanceSystem\src\AttendanceSystem.API\Controllers\EnterpriseApiControllers.cs(41,100): warning CS1591: Missing XML comment for publicly visible type or member 'PagedResponseDto<T>.TotalCount' [C:\Users\HP\AttendanceSystem\src\AttendanceSystem.API\AttendanceSystem.API.csproj]
C:\Users\HP\AttendanceSystem\src\AttendanceSystem.API\Controllers\EnterpriseApiControllers.cs(42,22): warning CS1591: Missing XML comment for publicly visible type or member 'DateRangeQueryDto' [C:\Users\HP\AttendanceSystem\src\AttendanceSystem.API\AttendanceSystem.API.csproj]
C:\Users\HP\AttendanceSystem\src\AttendanceSystem.API\Controllers\EnterpriseApiControllers.cs(42,22): warning CS1591: Missing XML comment for publicly visible type or member 'DateRangeQueryDto.DateRangeQueryDto(DateOnly?, DateOnly?, int, int)' [C:\Users\HP\AttendanceSystem\src\AttendanceSystem.API\AttendanceSystem.API.csproj]
C:\Users\HP\AttendanceSystem\src\AttendanceSystem.API\Controllers\EnterpriseApiControllers.cs(42,50): warning CS1591: Missing XML comment for publicly visible type or member 'DateRangeQueryDto.From' [C:\Users\HP\AttendanceSystem\src\AttendanceSystem.API\AttendanceSystem.API.csproj]
C:\Users\HP\AttendanceSystem\src\AttendanceSystem.API\Controllers\EnterpriseApiControllers.cs(42,66): warning CS1591: Missing XML comment for publicly visible type or member 'DateRangeQueryDto.To' [C:\Users\HP\AttendanceSystem\src\AttendanceSystem.API\AttendanceSystem.API.csproj]
C:\Users\HP\AttendanceSystem\src\AttendanceSystem.API\Controllers\EnterpriseApiControllers.cs(42,74): warning CS1591: Missing XML comment for publicly visible type or member 'DateRangeQueryDto.PageNumber' [C:\Users\HP\AttendanceSystem\src\AttendanceSystem.API\AttendanceSystem.API.csproj]
C:\Users\HP\AttendanceSystem\src\AttendanceSystem.API\Controllers\EnterpriseApiControllers.cs(42,94): warning CS1591: Missing XML comment for publicly visible type or member 'DateRangeQueryDto.PageSize' [C:\Users\HP\AttendanceSystem\src\AttendanceSystem.API\AttendanceSystem.API.csproj]
C:\Users\HP\AttendanceSystem\src\AttendanceSystem.API\Controllers\EnterpriseApiControllers.cs(43,22): warning CS1591: Missing XML comment for publicly visible type or member 'ApprovalRequestDto' [C:\Users\HP\AttendanceSystem\src\AttendanceSystem.API\AttendanceSystem.API.csproj]
C:\Users\HP\AttendanceSystem\src\AttendanceSystem.API\Controllers\EnterpriseApiControllers.cs(43,22): warning CS1591: Missing XML comment for publicly visible type or member 'ApprovalRequestDto.ApprovalRequestDto(string?)' [C:\Users\HP\AttendanceSystem\src\AttendanceSystem.API\AttendanceSystem.API.csproj]
C:\Users\HP\AttendanceSystem\src\AttendanceSystem.API\Controllers\EnterpriseApiControllers.cs(43,49): warning CS1591: Missing XML comment for publicly visible type or member 'ApprovalRequestDto.Comment' [C:\Users\HP\AttendanceSystem\src\AttendanceSystem.API\AttendanceSystem.API.csproj]
C:\Users\HP\AttendanceSystem\src\AttendanceSystem.API\Controllers\EnterpriseApiControllers.cs(44,22): warning CS1591: Missing XML comment for publicly visible type or member 'RejectionRequestDto' [C:\Users\HP\AttendanceSystem\src\AttendanceSystem.API\AttendanceSystem.API.csproj]
C:\Users\HP\AttendanceSystem\src\AttendanceSystem.API\Controllers\EnterpriseApiControllers.cs(44,22): warning CS1591: Missing XML comment for publicly visible type or member 'RejectionRequestDto.RejectionRequestDto(string)' [C:\Users\HP\AttendanceSystem\src\AttendanceSystem.API\AttendanceSystem.API.csproj]
C:\Users\HP\AttendanceSystem\src\AttendanceSystem.API\Controllers\EnterpriseApiControllers.cs(44,49): warning CS1591: Missing XML comment for publicly visible type or member 'RejectionRequestDto.Reason' [C:\Users\HP\AttendanceSystem\src\AttendanceSystem.API\AttendanceSystem.API.csproj]
C:\Users\HP\AttendanceSystem\src\AttendanceSystem.API\Controllers\EnterpriseApiControllers.cs(45,22): warning CS1591: Missing XML comment for publicly visible type or member 'FileExportQueryDto' [C:\Users\HP\AttendanceSystem\src\AttendanceSystem.API\AttendanceSystem.API.csproj]
C:\Users\HP\AttendanceSystem\src\AttendanceSystem.API\Controllers\EnterpriseApiControllers.cs(45,22): warning CS1591: Missing XML comment for publicly visible type or member 'FileExportQueryDto.FileExportQueryDto(DateOnly, DateOnly, Guid?, Guid?)' [C:\Users\HP\AttendanceSystem\src\AttendanceSystem.API\AttendanceSystem.API.csproj]
C:\Users\HP\AttendanceSystem\src\AttendanceSystem.API\Controllers\EnterpriseApiControllers.cs(45,50): warning CS1591: Missing XML comment for publicly visible type or member 'FileExportQueryDto.From' [C:\Users\HP\AttendanceSystem\src\AttendanceSystem.API\AttendanceSystem.API.csproj]
C:\Users\HP\AttendanceSystem\src\AttendanceSystem.API\Controllers\EnterpriseApiControllers.cs(45,65): warning CS1591: Missing XML comment for publicly visible type or member 'FileExportQueryDto.To' [C:\Users\HP\AttendanceSystem\src\AttendanceSystem.API\AttendanceSystem.API.csproj]
C:\Users\HP\AttendanceSystem\src\AttendanceSystem.API\Controllers\EnterpriseApiControllers.cs(45,75): warning CS1591: Missing XML comment for publicly visible type or member 'FileExportQueryDto.DepartmentId' [C:\Users\HP\AttendanceSystem\src\AttendanceSystem.API\AttendanceSystem.API.csproj]
C:\Users\HP\AttendanceSystem\src\AttendanceSystem.API\Controllers\EnterpriseApiControllers.cs(45,95): warning CS1591: Missing XML comment for publicly visible type or member 'FileExportQueryDto.EmployeeId' [C:\Users\HP\AttendanceSystem\src\AttendanceSystem.API\AttendanceSystem.API.csproj]
C:\Users\HP\AttendanceSystem\src\AttendanceSystem.API\Controllers\EnterpriseApiControllers.cs(49,21): warning CS1591: Missing XML comment for publicly visible type or member 'AuthV1Controller' [C:\Users\HP\AttendanceSystem\src\AttendanceSystem.API\AttendanceSystem.API.csproj]
C:\Users\HP\AttendanceSystem\src\AttendanceSystem.API\Controllers\EnterpriseApiControllers.cs(53,12): warning CS1591: Missing XML comment for publicly visible type or member 'AuthV1Controller.AuthV1Controller(JwtTokenService)' [C:\Users\HP\AttendanceSystem\src\AttendanceSystem.API\AttendanceSystem.API.csproj]
C:\Users\HP\AttendanceSystem\src\AttendanceSystem.API\Controllers\EnterpriseApiControllers.cs(58,38): warning CS1591: Missing XML comment for publicly visible type or member 'AuthV1Controller.Login(LoginRequestDto, CancellationToken)' [C:\Users\HP\AttendanceSystem\src\AttendanceSystem.API\AttendanceSystem.API.csproj]
C:\Users\HP\AttendanceSystem\src\AttendanceSystem.API\Controllers\EnterpriseApiControllers.cs(66,38): warning CS1591: Missing XML comment for publicly visible type or member 'AuthV1Controller.RefreshToken(RefreshTokenRequestDto, CancellationToken)' [C:\Users\HP\AttendanceSystem\src\AttendanceSystem.API\AttendanceSystem.API.csproj]
C:\Users\HP\AttendanceSystem\src\AttendanceSystem.API\Controllers\EnterpriseApiControllers.cs(74,26): warning CS1591: Missing XML comment for publicly visible type or member 'AuthV1Controller.Logout(LogoutRequestDto)' [C:\Users\HP\AttendanceSystem\src\AttendanceSystem.API\AttendanceSystem.API.csproj]
C:\Users\HP\AttendanceSystem\src\AttendanceSystem.API\Controllers\EnterpriseApiControllers.cs(79,26): warning CS1591: Missing XML comment for publicly visible type or member 'AuthV1Controller.ChangePassword(ChangePasswordRequestDto)' [C:\Users\HP\AttendanceSystem\src\AttendanceSystem.API\AttendanceSystem.API.csproj]
C:\Users\HP\AttendanceSystem\src\AttendanceSystem.API\Controllers\EnterpriseApiControllers.cs(84,26): warning CS1591: Missing XML comment for publicly visible type or member 'AuthV1Controller.ForgotPassword(ForgotPasswordRequestDto)' [C:\Users\HP\AttendanceSystem\src\AttendanceSystem.API\AttendanceSystem.API.csproj]
C:\Users\HP\AttendanceSystem\src\AttendanceSystem.API\Controllers\EnterpriseApiControllers.cs(89,26): warning CS1591: Missing XML comment for publicly visible type or member 'AuthV1Controller.ResetPassword(ResetPasswordRequestDto)' [C:\Users\HP\AttendanceSystem\src\AttendanceSystem.API\AttendanceSystem.API.csproj]
C:\Users\HP\AttendanceSystem\src\AttendanceSystem.API\Controllers\EnterpriseApiControllers.cs(93,22): warning CS1591: Missing XML comment for publicly visible type or member 'RefreshTokenRequestDto' [C:\Users\HP\AttendanceSystem\src\AttendanceSystem.API\AttendanceSystem.API.csproj]
C:\Users\HP\AttendanceSystem\src\AttendanceSystem.API\Controllers\EnterpriseApiControllers.cs(93,22): warning CS1591: Missing XML comment for publicly visible type or member 'RefreshTokenRequestDto.RefreshTokenRequestDto(string)' [C:\Users\HP\AttendanceSystem\src\AttendanceSystem.API\AttendanceSystem.API.csproj]
C:\Users\HP\AttendanceSystem\src\AttendanceSystem.API\Controllers\EnterpriseApiControllers.cs(93,52): warning CS1591: Missing XML comment for publicly visible type or member 'RefreshTokenRequestDto.RefreshToken' [C:\Users\HP\AttendanceSystem\src\AttendanceSystem.API\AttendanceSystem.API.csproj]
C:\Users\HP\AttendanceSystem\src\AttendanceSystem.API\Controllers\EnterpriseApiControllers.cs(94,22): warning CS1591: Missing XML comment for publicly visible type or member 'LogoutRequestDto' [C:\Users\HP\AttendanceSystem\src\AttendanceSystem.API\AttendanceSystem.API.csproj]
C:\Users\HP\AttendanceSystem\src\AttendanceSystem.API\Controllers\EnterpriseApiControllers.cs(94,22): warning CS1591: Missing XML comment for publicly visible type or member 'LogoutRequestDto.LogoutRequestDto(string)' [C:\Users\HP\AttendanceSystem\src\AttendanceSystem.API\AttendanceSystem.API.csproj]
C:\Users\HP\AttendanceSystem\src\AttendanceSystem.API\Controllers\EnterpriseApiControllers.cs(94,46): warning CS1591: Missing XML comment for publicly visible type or member 'LogoutRequestDto.RefreshToken' [C:\Users\HP\AttendanceSystem\src\AttendanceSystem.API\AttendanceSystem.API.csproj]
C:\Users\HP\AttendanceSystem\src\AttendanceSystem.API\Controllers\EnterpriseApiControllers.cs(95,22): warning CS1591: Missing XML comment for publicly visible type or member 'ChangePasswordRequestDto' [C:\Users\HP\AttendanceSystem\src\AttendanceSystem.API\AttendanceSystem.API.csproj]
C:\Users\HP\AttendanceSystem\src\AttendanceSystem.API\Controllers\EnterpriseApiControllers.cs(95,22): warning CS1591: Missing XML comment for publicly visible type or member 'ChangePasswordRequestDto.ChangePasswordRequestDto(string, string, string)' [C:\Users\HP\AttendanceSystem\src\AttendanceSystem.API\AttendanceSystem.API.csproj]
C:\Users\HP\AttendanceSystem\src\AttendanceSystem.API\Controllers\EnterpriseApiControllers.cs(95,54): warning CS1591: Missing XML comment for publicly visible type or member 'ChangePasswordRequestDto.CurrentPassword' [C:\Users\HP\AttendanceSystem\src\AttendanceSystem.API\AttendanceSystem.API.csproj]
C:\Users\HP\AttendanceSystem\src\AttendanceSystem.API\Controllers\EnterpriseApiControllers.cs(95,78): warning CS1591: Missing XML comment for publicly visible type or member 'ChangePasswordRequestDto.NewPassword' [C:\Users\HP\AttendanceSystem\src\AttendanceSystem.API\AttendanceSystem.API.csproj]
C:\Users\HP\AttendanceSystem\src\AttendanceSystem.API\Controllers\EnterpriseApiControllers.cs(95,98): warning CS1591: Missing XML comment for publicly visible type or member 'ChangePasswordRequestDto.ConfirmPassword' [C:\Users\HP\AttendanceSystem\src\AttendanceSystem.API\AttendanceSystem.API.csproj]
C:\Users\HP\AttendanceSystem\src\AttendanceSystem.API\Controllers\EnterpriseApiControllers.cs(96,22): warning CS1591: Missing XML comment for publicly visible type or member 'ForgotPasswordRequestDto' [C:\Users\HP\AttendanceSystem\src\AttendanceSystem.API\AttendanceSystem.API.csproj]
C:\Users\HP\AttendanceSystem\src\AttendanceSystem.API\Controllers\EnterpriseApiControllers.cs(96,22): warning CS1591: Missing XML comment for publicly visible type or member 'ForgotPasswordRequestDto.ForgotPasswordRequestDto(string)' [C:\Users\HP\AttendanceSystem\src\AttendanceSystem.API\AttendanceSystem.API.csproj]
C:\Users\HP\AttendanceSystem\src\AttendanceSystem.API\Controllers\EnterpriseApiControllers.cs(96,54): warning CS1591: Missing XML comment for publicly visible type or member 'ForgotPasswordRequestDto.Email' [C:\Users\HP\AttendanceSystem\src\AttendanceSystem.API\AttendanceSystem.API.csproj]
C:\Users\HP\AttendanceSystem\src\AttendanceSystem.API\Controllers\EnterpriseApiControllers.cs(97,22): warning CS1591: Missing XML comment for publicly visible type or member 'ResetPasswordRequestDto' [C:\Users\HP\AttendanceSystem\src\AttendanceSystem.API\AttendanceSystem.API.csproj]
C:\Users\HP\AttendanceSystem\src\AttendanceSystem.API\Controllers\EnterpriseApiControllers.cs(97,22): warning CS1591: Missing XML comment for publicly visible type or member 'ResetPasswordRequestDto.ResetPasswordRequestDto(string, string, string, string)' [C:\Users\HP\AttendanceSystem\src\AttendanceSystem.API\AttendanceSystem.API.csproj]
C:\Users\HP\AttendanceSystem\src\AttendanceSystem.API\Controllers\EnterpriseApiControllers.cs(97,53): warning CS1591: Missing XML comment for publicly visible type or member 'ResetPasswordRequestDto.Email' [C:\Users\HP\AttendanceSystem\src\AttendanceSystem.API\AttendanceSystem.API.csproj]
C:\Users\HP\AttendanceSystem\src\AttendanceSystem.API\Controllers\EnterpriseApiControllers.cs(97,67): warning CS1591: Missing XML comment for publicly visible type or member 'ResetPasswordRequestDto.Token' [C:\Users\HP\AttendanceSystem\src\AttendanceSystem.API\AttendanceSystem.API.csproj]
C:\Users\HP\AttendanceSystem\src\AttendanceSystem.API\Controllers\EnterpriseApiControllers.cs(97,81): warning CS1591: Missing XML comment for publicly visible type or member 'ResetPasswordRequestDto.NewPassword' [C:\Users\HP\AttendanceSystem\src\AttendanceSystem.API\AttendanceSystem.API.csproj]
C:\Users\HP\AttendanceSystem\src\AttendanceSystem.API\Controllers\EnterpriseApiControllers.cs(97,101): warning CS1591: Missing XML comment for publicly visible type or member 'ResetPasswordRequestDto.ConfirmPassword' [C:\Users\HP\AttendanceSystem\src\AttendanceSystem.API\AttendanceSystem.API.csproj]
C:\Users\HP\AttendanceSystem\src\AttendanceSystem.API\Controllers\EnterpriseApiControllers.cs(102,21): warning CS1591: Missing XML comment for publicly visible type or member 'EmployeesController' [C:\Users\HP\AttendanceSystem\src\AttendanceSystem.API\AttendanceSystem.API.csproj]
C:\Users\HP\AttendanceSystem\src\AttendanceSystem.API\Controllers\EnterpriseApiControllers.cs(106,26): warning CS1591: Missing XML comment for publicly visible type or member 'EmployeesController.Create(CreateEmployeeRequestDto)' [C:\Users\HP\AttendanceSystem\src\AttendanceSystem.API\AttendanceSystem.API.csproj]
C:\Users\HP\AttendanceSystem\src\AttendanceSystem.API\Controllers\EnterpriseApiControllers.cs(111,26): warning CS1591: Missing XML comment for publicly visible type or member 'EmployeesController.Update(Guid, UpdateEmployeeRequestDto)' [C:\Users\HP\AttendanceSystem\src\AttendanceSystem.API\AttendanceSystem.API.csproj]
C:\Users\HP\AttendanceSystem\src\AttendanceSystem.API\Controllers\EnterpriseApiControllers.cs(116,26): warning CS1591: Missing XML comment for publicly visible type or member 'EmployeesController.Delete(Guid)' [C:\Users\HP\AttendanceSystem\src\AttendanceSystem.API\AttendanceSystem.API.csproj]
C:\Users\HP\AttendanceSystem\src\AttendanceSystem.API\Controllers\EnterpriseApiControllers.cs(120,26): warning CS1591: Missing XML comment for publicly visible type or member 'EmployeesController.Details(Guid)' [C:\Users\HP\AttendanceSystem\src\AttendanceSystem.API\AttendanceSystem.API.csproj]
C:\Users\HP\AttendanceSystem\src\AttendanceSystem.API\Controllers\EnterpriseApiControllers.cs(125,26): warning CS1591: Missing XML comment for publicly visible type or member 'EmployeesController.List(EmployeeQueryDto)' [C:\Users\HP\AttendanceSystem\src\AttendanceSystem.API\AttendanceSystem.API.csproj]
C:\Users\HP\AttendanceSystem\src\AttendanceSystem.API\Controllers\EnterpriseApiControllers.cs(129,26): warning CS1591: Missing XML comment for publicly visible type or member 'EmployeesController.Search(EmployeeSearchQueryDto)' [C:\Users\HP\AttendanceSystem\src\AttendanceSystem.API\AttendanceSystem.API.csproj]
C:\Users\HP\AttendanceSystem\src\AttendanceSystem.API\Controllers\EnterpriseApiControllers.cs(133,26): warning CS1591: Missing XML comment for publicly visible type or member 'EmployeesController.AttendanceSummary(Guid, DateRangeQueryDto)' [C:\Users\HP\AttendanceSystem\src\AttendanceSystem.API\AttendanceSystem.API.csproj]
C:\Users\HP\AttendanceSystem\src\AttendanceSystem.API\Controllers\EnterpriseApiControllers.cs(137,22): warning CS1591: Missing XML comment for publicly visible type or member 'CreateEmployeeRequestDto' [C:\Users\HP\AttendanceSystem\src\AttendanceSystem.API\AttendanceSystem.API.csproj]
C:\Users\HP\AttendanceSystem\src\AttendanceSystem.API\Controllers\EnterpriseApiControllers.cs(137,22): warning CS1591: Missing XML comment for publicly visible type or member 'CreateEmployeeRequestDto.CreateEmployeeRequestDto(string, string, string, string?, Guid, Guid, Guid, DateOnly, string, string?)' [C:\Users\HP\AttendanceSystem\src\AttendanceSystem.API\AttendanceSystem.API.csproj]
C:\Users\HP\AttendanceSystem\src\AttendanceSystem.API\Controllers\EnterpriseApiControllers.cs(137,54): warning CS1591: Missing XML comment for publicly visible type or member 'CreateEmployeeRequestDto.EmployeeCode' [C:\Users\HP\AttendanceSystem\src\AttendanceSystem.API\AttendanceSystem.API.csproj]
C:\Users\HP\AttendanceSystem\src\AttendanceSystem.API\Controllers\EnterpriseApiControllers.cs(137,75): warning CS1591: Missing XML comment for publicly visible type or member 'CreateEmployeeRequestDto.FullName' [C:\Users\HP\AttendanceSystem\src\AttendanceSystem.API\AttendanceSystem.API.csproj]
C:\Users\HP\AttendanceSystem\src\AttendanceSystem.API\Controllers\EnterpriseApiControllers.cs(137,92): warning CS1591: Missing XML comment for publicly visible type or member 'CreateEmployeeRequestDto.Email' [C:\Users\HP\AttendanceSystem\src\AttendanceSystem.API\AttendanceSystem.API.csproj]
C:\Users\HP\AttendanceSystem\src\AttendanceSystem.API\Controllers\EnterpriseApiControllers.cs(137,107): warning CS1591: Missing XML comment for publicly visible type or member 'CreateEmployeeRequestDto.Phone' [C:\Users\HP\AttendanceSystem\src\AttendanceSystem.API\AttendanceSystem.API.csproj]
C:\Users\HP\AttendanceSystem\src\AttendanceSystem.API\Controllers\EnterpriseApiControllers.cs(137,119): warning CS1591: Missing XML comment for publicly visible type or member 'CreateEmployeeRequestDto.DepartmentId' [C:\Users\HP\AttendanceSystem\src\AttendanceSystem.API\AttendanceSystem.API.csproj]
C:\Users\HP\AttendanceSystem\src\AttendanceSystem.API\Controllers\EnterpriseApiControllers.cs(137,138): warning CS1591: Missing XML comment for publicly visible type or member 'CreateEmployeeRequestDto.WorkScheduleId' [C:\Users\HP\AttendanceSystem\src\AttendanceSystem.API\AttendanceSystem.API.csproj]
C:\Users\HP\AttendanceSystem\src\AttendanceSystem.API\Controllers\EnterpriseApiControllers.cs(137,159): warning CS1591: Missing XML comment for publicly visible type or member 'CreateEmployeeRequestDto.OfficeLocationId' [C:\Users\HP\AttendanceSystem\src\AttendanceSystem.API\AttendanceSystem.API.csproj]
C:\Users\HP\AttendanceSystem\src\AttendanceSystem.API\Controllers\EnterpriseApiControllers.cs(137,186): warning CS1591: Missing XML comment for publicly visible type or member 'CreateEmployeeRequestDto.HireDate' [C:\Users\HP\AttendanceSystem\src\AttendanceSystem.API\AttendanceSystem.API.csproj]
C:\Users\HP\AttendanceSystem\src\AttendanceSystem.API\Controllers\EnterpriseApiControllers.cs(137,203): warning CS1591: Missing XML comment for publicly visible type or member 'CreateEmployeeRequestDto.ContractType' [C:\Users\HP\AttendanceSystem\src\AttendanceSystem.API\AttendanceSystem.API.csproj]
C:\Users\HP\AttendanceSystem\src\AttendanceSystem.API\Controllers\EnterpriseApiControllers.cs(137,225): warning CS1591: Missing XML comment for publicly visible type or member 'CreateEmployeeRequestDto.UserId' [C:\Users\HP\AttendanceSystem\src\AttendanceSystem.API\AttendanceSystem.API.csproj]
C:\Users\HP\AttendanceSystem\src\AttendanceSystem.API\Controllers\EnterpriseApiControllers.cs(138,22): warning CS1591: Missing XML comment for publicly visible type or member 'UpdateEmployeeRequestDto' [C:\Users\HP\AttendanceSystem\src\AttendanceSystem.API\AttendanceSystem.API.csproj]
C:\Users\HP\AttendanceSystem\src\AttendanceSystem.API\Controllers\EnterpriseApiControllers.cs(138,22): warning CS1591: Missing XML comment for publicly visible type or member 'UpdateEmployeeRequestDto.UpdateEmployeeRequestDto(string, string, string?, Guid, Guid, Guid, DateOnly?, bool)' [C:\Users\HP\AttendanceSystem\src\AttendanceSystem.API\AttendanceSystem.API.csproj]
C:\Users\HP\AttendanceSystem\src\AttendanceSystem.API\Controllers\EnterpriseApiControllers.cs(138,54): warning CS1591: Missing XML comment for publicly visible type or member 'UpdateEmployeeRequestDto.FullName' [C:\Users\HP\AttendanceSystem\src\AttendanceSystem.API\AttendanceSystem.API.csproj]
C:\Users\HP\AttendanceSystem\src\AttendanceSystem.API\Controllers\EnterpriseApiControllers.cs(138,71): warning CS1591: Missing XML comment for publicly visible type or member 'UpdateEmployeeRequestDto.Email' [C:\Users\HP\AttendanceSystem\src\AttendanceSystem.API\AttendanceSystem.API.csproj]
C:\Users\HP\AttendanceSystem\src\AttendanceSystem.API\Controllers\EnterpriseApiControllers.cs(138,86): warning CS1591: Missing XML comment for publicly visible type or member 'UpdateEmployeeRequestDto.Phone' [C:\Users\HP\AttendanceSystem\src\AttendanceSystem.API\AttendanceSystem.API.csproj]
C:\Users\HP\AttendanceSystem\src\AttendanceSystem.API\Controllers\EnterpriseApiControllers.cs(138,98): warning CS1591: Missing XML comment for publicly visible type or member 'UpdateEmployeeRequestDto.DepartmentId' [C:\Users\HP\AttendanceSystem\src\AttendanceSystem.API\AttendanceSystem.API.csproj]
C:\Users\HP\AttendanceSystem\src\AttendanceSystem.API\Controllers\EnterpriseApiControllers.cs(138,117): warning CS1591: Missing XML comment for publicly visible type or member 'UpdateEmployeeRequestDto.WorkScheduleId' [C:\Users\HP\AttendanceSystem\src\AttendanceSystem.API\AttendanceSystem.API.csproj]
C:\Users\HP\AttendanceSystem\src\AttendanceSystem.API\Controllers\EnterpriseApiControllers.cs(138,138): warning CS1591: Missing XML comment for publicly visible type or member 'UpdateEmployeeRequestDto.OfficeLocationId' [C:\Users\HP\AttendanceSystem\src\AttendanceSystem.API\AttendanceSystem.API.csproj]
C:\Users\HP\AttendanceSystem\src\AttendanceSystem.API\Controllers\EnterpriseApiControllers.cs(138,166): warning CS1591: Missing XML comment for publicly visible type or member 'UpdateEmployeeRequestDto.DateOfBirth' [C:\Users\HP\AttendanceSystem\src\AttendanceSystem.API\AttendanceSystem.API.csproj]
C:\Users\HP\AttendanceSystem\src\AttendanceSystem.API\Controllers\EnterpriseApiControllers.cs(138,184): warning CS1591: Missing XML comment for publicly visible type or member 'UpdateEmployeeRequestDto.IsActive' [C:\Users\HP\AttendanceSystem\src\AttendanceSystem.API\AttendanceSystem.API.csproj]
C:\Users\HP\AttendanceSystem\src\AttendanceSystem.API\Controllers\EnterpriseApiControllers.cs(139,22): warning CS1591: Missing XML comment for publicly visible type or member 'EmployeeQueryDto' [C:\Users\HP\AttendanceSystem\src\AttendanceSystem.API\AttendanceSystem.API.csproj]
C:\Users\HP\AttendanceSystem\src\AttendanceSystem.API\Controllers\EnterpriseApiControllers.cs(139,22): warning CS1591: Missing XML comment for publicly visible type or member 'EmployeeQueryDto.EmployeeQueryDto(int, int, Guid?, bool?)' [C:\Users\HP\AttendanceSystem\src\AttendanceSystem.API\AttendanceSystem.API.csproj]
C:\Users\HP\AttendanceSystem\src\AttendanceSystem.API\Controllers\EnterpriseApiControllers.cs(139,43): warning CS1591: Missing XML comment for publicly visible type or member 'EmployeeQueryDto.PageNumber' [C:\Users\HP\AttendanceSystem\src\AttendanceSystem.API\AttendanceSystem.API.csproj]
C:\Users\HP\AttendanceSystem\src\AttendanceSystem.API\Controllers\EnterpriseApiControllers.cs(139,63): warning CS1591: Missing XML comment for publicly visible type or member 'EmployeeQueryDto.PageSize' [C:\Users\HP\AttendanceSystem\src\AttendanceSystem.API\AttendanceSystem.API.csproj]
C:\Users\HP\AttendanceSystem\src\AttendanceSystem.API\Controllers\EnterpriseApiControllers.cs(139,84): warning CS1591: Missing XML comment for publicly visible type or member 'EmployeeQueryDto.DepartmentId' [C:\Users\HP\AttendanceSystem\src\AttendanceSystem.API\AttendanceSystem.API.csproj]
C:\Users\HP\AttendanceSystem\src\AttendanceSystem.API\Controllers\EnterpriseApiControllers.cs(139,111): warning CS1591: Missing XML comment for publicly visible type or member 'EmployeeQueryDto.IsActive' [C:\Users\HP\AttendanceSystem\src\AttendanceSystem.API\AttendanceSystem.API.csproj]
C:\Users\HP\AttendanceSystem\src\AttendanceSystem.API\Controllers\EnterpriseApiControllers.cs(140,22): warning CS1591: Missing XML comment for publicly visible type or member 'EmployeeSearchQueryDto' [C:\Users\HP\AttendanceSystem\src\AttendanceSystem.API\AttendanceSystem.API.csproj]
C:\Users\HP\AttendanceSystem\src\AttendanceSystem.API\Controllers\EnterpriseApiControllers.cs(140,22): warning CS1591: Missing XML comment for publicly visible type or member 'EmployeeSearchQueryDto.EmployeeSearchQueryDto(string, int)' [C:\Users\HP\AttendanceSystem\src\AttendanceSystem.API\AttendanceSystem.API.csproj]
C:\Users\HP\AttendanceSystem\src\AttendanceSystem.API\Controllers\EnterpriseApiControllers.cs(140,52): warning CS1591: Missing XML comment for publicly visible type or member 'EmployeeSearchQueryDto.Query' [C:\Users\HP\AttendanceSystem\src\AttendanceSystem.API\AttendanceSystem.API.csproj]
C:\Users\HP\AttendanceSystem\src\AttendanceSystem.API\Controllers\EnterpriseApiControllers.cs(140,63): warning CS1591: Missing XML comment for publicly visible type or member 'EmployeeSearchQueryDto.Limit' [C:\Users\HP\AttendanceSystem\src\AttendanceSystem.API\AttendanceSystem.API.csproj]
C:\Users\HP\AttendanceSystem\src\AttendanceSystem.API\Controllers\EnterpriseApiControllers.cs(141,22): warning CS1591: Missing XML comment for publicly visible type or member 'EmployeeDetailsResponseDto' [C:\Users\HP\AttendanceSystem\src\AttendanceSystem.API\AttendanceSystem.API.csproj]
C:\Users\HP\AttendanceSystem\src\AttendanceSystem.API\Controllers\EnterpriseApiControllers.cs(141,22): warning CS1591: Missing XML comment for publicly visible type or member 'EmployeeDetailsResponseDto.EmployeeDetailsResponseDto(Guid, string, string, string, string?, Guid, string, Guid, Guid, DateOnly, bool)' [C:\Users\HP\AttendanceSystem\src\AttendanceSystem.API\AttendanceSystem.API.csproj]
C:\Users\HP\AttendanceSystem\src\AttendanceSystem.API\Controllers\EnterpriseApiControllers.cs(141,54): warning CS1591: Missing XML comment for publicly visible type or member 'EmployeeDetailsResponseDto.Id' [C:\Users\HP\AttendanceSystem\src\AttendanceSystem.API\AttendanceSystem.API.csproj]
C:\Users\HP\AttendanceSystem\src\AttendanceSystem.API\Controllers\EnterpriseApiControllers.cs(141,65): warning CS1591: Missing XML comment for publicly visible type or member 'EmployeeDetailsResponseDto.EmployeeCode' [C:\Users\HP\AttendanceSystem\src\AttendanceSystem.API\AttendanceSystem.API.csproj]
C:\Users\HP\AttendanceSystem\src\AttendanceSystem.API\Controllers\EnterpriseApiControllers.cs(141,86): warning CS1591: Missing XML comment for publicly visible type or member 'EmployeeDetailsResponseDto.FullName' [C:\Users\HP\AttendanceSystem\src\AttendanceSystem.API\AttendanceSystem.API.csproj]
C:\Users\HP\AttendanceSystem\src\AttendanceSystem.API\Controllers\EnterpriseApiControllers.cs(141,103): warning CS1591: Missing XML comment for publicly visible type or member 'EmployeeDetailsResponseDto.Email' [C:\Users\HP\AttendanceSystem\src\AttendanceSystem.API\AttendanceSystem.API.csproj]
C:\Users\HP\AttendanceSystem\src\AttendanceSystem.API\Controllers\EnterpriseApiControllers.cs(141,118): warning CS1591: Missing XML comment for publicly visible type or member 'EmployeeDetailsResponseDto.Phone' [C:\Users\HP\AttendanceSystem\src\AttendanceSystem.API\AttendanceSystem.API.csproj]
C:\Users\HP\AttendanceSystem\src\AttendanceSystem.API\Controllers\EnterpriseApiControllers.cs(141,130): warning CS1591: Missing XML comment for publicly visible type or member 'EmployeeDetailsResponseDto.DepartmentId' [C:\Users\HP\AttendanceSystem\src\AttendanceSystem.API\AttendanceSystem.API.csproj]
C:\Users\HP\AttendanceSystem\src\AttendanceSystem.API\Controllers\EnterpriseApiControllers.cs(141,151): warning CS1591: Missing XML comment for publicly visible type or member 'EmployeeDetailsResponseDto.DepartmentName' [C:\Users\HP\AttendanceSystem\src\AttendanceSystem.API\AttendanceSystem.API.csproj]
C:\Users\HP\AttendanceSystem\src\AttendanceSystem.API\Controllers\EnterpriseApiControllers.cs(141,172): warning CS1591: Missing XML comment for publicly visible type or member 'EmployeeDetailsResponseDto.WorkScheduleId' [C:\Users\HP\AttendanceSystem\src\AttendanceSystem.API\AttendanceSystem.API.csproj]
C:\Users\HP\AttendanceSystem\src\AttendanceSystem.API\Controllers\EnterpriseApiControllers.cs(141,193): warning CS1591: Missing XML comment for publicly visible type or member 'EmployeeDetailsResponseDto.OfficeLocationId' [C:\Users\HP\AttendanceSystem\src\AttendanceSystem.API\AttendanceSystem.API.csproj]
C:\Users\HP\AttendanceSystem\src\AttendanceSystem.API\Controllers\EnterpriseApiControllers.cs(141,220): warning CS1591: Missing XML comment for publicly visible type or member 'EmployeeDetailsResponseDto.HireDate' [C:\Users\HP\AttendanceSystem\src\AttendanceSystem.API\AttendanceSystem.API.csproj]
C:\Users\HP\AttendanceSystem\src\AttendanceSystem.API\Controllers\EnterpriseApiControllers.cs(141,235): warning CS1591: Missing XML comment for publicly visible type or member 'EmployeeDetailsResponseDto.IsActive' [C:\Users\HP\AttendanceSystem\src\AttendanceSystem.API\AttendanceSystem.API.csproj]
C:\Users\HP\AttendanceSystem\src\AttendanceSystem.API\Controllers\EnterpriseApiControllers.cs(142,22): warning CS1591: Missing XML comment for publicly visible type or member 'EmployeeListItemResponseDto' [C:\Users\HP\AttendanceSystem\src\AttendanceSystem.API\AttendanceSystem.API.csproj]
C:\Users\HP\AttendanceSystem\src\AttendanceSystem.API\Controllers\EnterpriseApiControllers.cs(142,22): warning CS1591: Missing XML comment for publicly visible type or member 'EmployeeListItemResponseDto.EmployeeListItemResponseDto(Guid, string, string, string, string, bool)' [C:\Users\HP\AttendanceSystem\src\AttendanceSystem.API\AttendanceSystem.API.csproj]
C:\Users\HP\AttendanceSystem\src\AttendanceSystem.API\Controllers\EnterpriseApiControllers.cs(142,55): warning CS1591: Missing XML comment for publicly visible type or member 'EmployeeListItemResponseDto.Id' [C:\Users\HP\AttendanceSystem\src\AttendanceSystem.API\AttendanceSystem.API.csproj]
C:\Users\HP\AttendanceSystem\src\AttendanceSystem.API\Controllers\EnterpriseApiControllers.cs(142,66): warning CS1591: Missing XML comment for publicly visible type or member 'EmployeeListItemResponseDto.EmployeeCode' [C:\Users\HP\AttendanceSystem\src\AttendanceSystem.API\AttendanceSystem.API.csproj]
C:\Users\HP\AttendanceSystem\src\AttendanceSystem.API\Controllers\EnterpriseApiControllers.cs(142,87): warning CS1591: Missing XML comment for publicly visible type or member 'EmployeeListItemResponseDto.FullName' [C:\Users\HP\AttendanceSystem\src\AttendanceSystem.API\AttendanceSystem.API.csproj]
C:\Users\HP\AttendanceSystem\src\AttendanceSystem.API\Controllers\EnterpriseApiControllers.cs(142,104): warning CS1591: Missing XML comment for publicly visible type or member 'EmployeeListItemResponseDto.Email' [C:\Users\HP\AttendanceSystem\src\AttendanceSystem.API\AttendanceSystem.API.csproj]
C:\Users\HP\AttendanceSystem\src\AttendanceSystem.API\Controllers\EnterpriseApiControllers.cs(142,118): warning CS1591: Missing XML comment for publicly visible type or member 'EmployeeListItemResponseDto.DepartmentName' [C:\Users\HP\AttendanceSystem\src\AttendanceSystem.API\AttendanceSystem.API.csproj]
C:\Users\HP\AttendanceSystem\src\AttendanceSystem.API\Controllers\EnterpriseApiControllers.cs(142,139): warning CS1591: Missing XML comment for publicly visible type or member 'EmployeeListItemResponseDto.IsActive' [C:\Users\HP\AttendanceSystem\src\AttendanceSystem.API\AttendanceSystem.API.csproj]
C:\Users\HP\AttendanceSystem\src\AttendanceSystem.API\Controllers\EnterpriseApiControllers.cs(143,22): warning CS1591: Missing XML comment for publicly visible type or member 'EmployeeAttendanceSummaryResponseDto' [C:\Users\HP\AttendanceSystem\src\AttendanceSystem.API\AttendanceSystem.API.csproj]
C:\Users\HP\AttendanceSystem\src\AttendanceSystem.API\Controllers\EnterpriseApiControllers.cs(143,22): warning CS1591: Missing XML comment for publicly visible type or member 'EmployeeAttendanceSummaryResponseDto.EmployeeAttendanceSummaryResponseDto(Guid, int, int, int, decimal)' [C:\Users\HP\AttendanceSystem\src\AttendanceSystem.API\AttendanceSystem.API.csproj]
C:\Users\HP\AttendanceSystem\src\AttendanceSystem.API\Controllers\EnterpriseApiControllers.cs(143,64): warning CS1591: Missing XML comment for publicly visible type or member 'EmployeeAttendanceSummaryResponseDto.EmployeeId' [C:\Users\HP\AttendanceSystem\src\AttendanceSystem.API\AttendanceSystem.API.csproj]
C:\Users\HP\AttendanceSystem\src\AttendanceSystem.API\Controllers\EnterpriseApiControllers.cs(143,80): warning CS1591: Missing XML comment for publicly visible type or member 'EmployeeAttendanceSummaryResponseDto.PresentDays' [C:\Users\HP\AttendanceSystem\src\AttendanceSystem.API\AttendanceSystem.API.csproj]
C:\Users\HP\AttendanceSystem\src\AttendanceSystem.API\Controllers\EnterpriseApiControllers.cs(143,97): warning CS1591: Missing XML comment for publicly visible type or member 'EmployeeAttendanceSummaryResponseDto.AbsentDays' [C:\Users\HP\AttendanceSystem\src\AttendanceSystem.API\AttendanceSystem.API.csproj]
C:\Users\HP\AttendanceSystem\src\AttendanceSystem.API\Controllers\EnterpriseApiControllers.cs(143,113): warning CS1591: Missing XML comment for publicly visible type or member 'EmployeeAttendanceSummaryResponseDto.LateDays' [C:\Users\HP\AttendanceSystem\src\AttendanceSystem.API\AttendanceSystem.API.csproj]
C:\Users\HP\AttendanceSystem\src\AttendanceSystem.API\Controllers\EnterpriseApiControllers.cs(143,131): warning CS1591: Missing XML comment for publicly visible type or member 'EmployeeAttendanceSummaryResponseDto.OvertimeHours' [C:\Users\HP\AttendanceSystem\src\AttendanceSystem.API\AttendanceSystem.API.csproj]
C:\Users\HP\AttendanceSystem\src\AttendanceSystem.API\Controllers\EnterpriseApiControllers.cs(148,21): warning CS1591: Missing XML comment for publicly visible type or member 'DepartmentsController' [C:\Users\HP\AttendanceSystem\src\AttendanceSystem.API\AttendanceSystem.API.csproj]
C:\Users\HP\AttendanceSystem\src\AttendanceSystem.API\Controllers\EnterpriseApiControllers.cs(152,26): warning CS1591: Missing XML comment for publicly visible type or member 'DepartmentsController.Create(CreateDepartmentRequestDto)' [C:\Users\HP\AttendanceSystem\src\AttendanceSystem.API\AttendanceSystem.API.csproj]
C:\Users\HP\AttendanceSystem\src\AttendanceSystem.API\Controllers\EnterpriseApiControllers.cs(156,26): warning CS1591: Missing XML comment for publicly visible type or member 'DepartmentsController.List(DepartmentQueryDto)' [C:\Users\HP\AttendanceSystem\src\AttendanceSystem.API\AttendanceSystem.API.csproj]
C:\Users\HP\AttendanceSystem\src\AttendanceSystem.API\Controllers\EnterpriseApiControllers.cs(160,26): warning CS1591: Missing XML comment for publicly visible type or member 'DepartmentsController.Details(Guid)' [C:\Users\HP\AttendanceSystem\src\AttendanceSystem.API\AttendanceSystem.API.csproj]
C:\Users\HP\AttendanceSystem\src\AttendanceSystem.API\Controllers\EnterpriseApiControllers.cs(165,26): warning CS1591: Missing XML comment for publicly visible type or member 'DepartmentsController.Update(Guid, UpdateDepartmentRequestDto)' [C:\Users\HP\AttendanceSystem\src\AttendanceSystem.API\AttendanceSystem.API.csproj]
C:\Users\HP\AttendanceSystem\src\AttendanceSystem.API\Controllers\EnterpriseApiControllers.cs(170,26): warning CS1591: Missing XML comment for publicly visible type or member 'DepartmentsController.Delete(Guid)' [C:\Users\HP\AttendanceSystem\src\AttendanceSystem.API\AttendanceSystem.API.csproj]
C:\Users\HP\AttendanceSystem\src\AttendanceSystem.API\Controllers\EnterpriseApiControllers.cs(174,22): warning CS1591: Missing XML comment for publicly visible type or member 'CreateDepartmentRequestDto' [C:\Users\HP\AttendanceSystem\src\AttendanceSystem.API\AttendanceSystem.API.csproj]
C:\Users\HP\AttendanceSystem\src\AttendanceSystem.API\Controllers\EnterpriseApiControllers.cs(174,22): warning CS1591: Missing XML comment for publicly visible type or member 'CreateDepartmentRequestDto.CreateDepartmentRequestDto(string, Guid?, Guid?, Guid?)' [C:\Users\HP\AttendanceSystem\src\AttendanceSystem.API\AttendanceSystem.API.csproj]
C:\Users\HP\AttendanceSystem\src\AttendanceSystem.API\Controllers\EnterpriseApiControllers.cs(174,56): warning CS1591: Missing XML comment for publicly visible type or member 'CreateDepartmentRequestDto.Name' [C:\Users\HP\AttendanceSystem\src\AttendanceSystem.API\AttendanceSystem.API.csproj]
C:\Users\HP\AttendanceSystem\src\AttendanceSystem.API\Controllers\EnterpriseApiControllers.cs(174,68): warning CS1591: Missing XML comment for publicly visible type or member 'CreateDepartmentRequestDto.ParentDepartmentId' [C:\Users\HP\AttendanceSystem\src\AttendanceSystem.API\AttendanceSystem.API.csproj]
C:\Users\HP\AttendanceSystem\src\AttendanceSystem.API\Controllers\EnterpriseApiControllers.cs(174,94): warning CS1591: Missing XML comment for publicly visible type or member 'CreateDepartmentRequestDto.HeadEmployeeId' [C:\Users\HP\AttendanceSystem\src\AttendanceSystem.API\AttendanceSystem.API.csproj]
C:\Users\HP\AttendanceSystem\src\AttendanceSystem.API\Controllers\EnterpriseApiControllers.cs(174,116): warning CS1591: Missing XML comment for publicly visible type or member 'CreateDepartmentRequestDto.DefaultWorkScheduleId' [C:\Users\HP\AttendanceSystem\src\AttendanceSystem.API\AttendanceSystem.API.csproj]
C:\Users\HP\AttendanceSystem\src\AttendanceSystem.API\Controllers\EnterpriseApiControllers.cs(175,22): warning CS1591: Missing XML comment for publicly visible type or member 'UpdateDepartmentRequestDto' [C:\Users\HP\AttendanceSystem\src\AttendanceSystem.API\AttendanceSystem.API.csproj]
C:\Users\HP\AttendanceSystem\src\AttendanceSystem.API\Controllers\EnterpriseApiControllers.cs(175,22): warning CS1591: Missing XML comment for publicly visible type or member 'UpdateDepartmentRequestDto.UpdateDepartmentRequestDto(string, Guid?, Guid?, bool)' [C:\Users\HP\AttendanceSystem\src\AttendanceSystem.API\AttendanceSystem.API.csproj]
C:\Users\HP\AttendanceSystem\src\AttendanceSystem.API\Controllers\EnterpriseApiControllers.cs(175,56): warning CS1591: Missing XML comment for publicly visible type or member 'UpdateDepartmentRequestDto.Name' [C:\Users\HP\AttendanceSystem\src\AttendanceSystem.API\AttendanceSystem.API.csproj]
C:\Users\HP\AttendanceSystem\src\AttendanceSystem.API\Controllers\EnterpriseApiControllers.cs(175,68): warning CS1591: Missing XML comment for publicly visible type or member 'UpdateDepartmentRequestDto.HeadEmployeeId' [C:\Users\HP\AttendanceSystem\src\AttendanceSystem.API\AttendanceSystem.API.csproj]
C:\Users\HP\AttendanceSystem\src\AttendanceSystem.API\Controllers\EnterpriseApiControllers.cs(175,90): warning CS1591: Missing XML comment for publicly visible type or member 'UpdateDepartmentRequestDto.DefaultWorkScheduleId' [C:\Users\HP\AttendanceSystem\src\AttendanceSystem.API\AttendanceSystem.API.csproj]
C:\Users\HP\AttendanceSystem\src\AttendanceSystem.API\Controllers\EnterpriseApiControllers.cs(175,118): warning CS1591: Missing XML comment for publicly visible type or member 'UpdateDepartmentRequestDto.IsActive' [C:\Users\HP\AttendanceSystem\src\AttendanceSystem.API\AttendanceSystem.API.csproj]
C:\Users\HP\AttendanceSystem\src\AttendanceSystem.API\Controllers\EnterpriseApiControllers.cs(176,22): warning CS1591: Missing XML comment for publicly visible type or member 'DepartmentQueryDto' [C:\Users\HP\AttendanceSystem\src\AttendanceSystem.API\AttendanceSystem.API.csproj]
C:\Users\HP\AttendanceSystem\src\AttendanceSystem.API\Controllers\EnterpriseApiControllers.cs(176,22): warning CS1591: Missing XML comment for publicly visible type or member 'DepartmentQueryDto.DepartmentQueryDto(int, int, bool?)' [C:\Users\HP\AttendanceSystem\src\AttendanceSystem.API\AttendanceSystem.API.csproj]
C:\Users\HP\AttendanceSystem\src\AttendanceSystem.API\Controllers\EnterpriseApiControllers.cs(176,45): warning CS1591: Missing XML comment for publicly visible type or member 'DepartmentQueryDto.PageNumber' [C:\Users\HP\AttendanceSystem\src\AttendanceSystem.API\AttendanceSystem.API.csproj]
C:\Users\HP\AttendanceSystem\src\AttendanceSystem.API\Controllers\EnterpriseApiControllers.cs(176,65): warning CS1591: Missing XML comment for publicly visible type or member 'DepartmentQueryDto.PageSize' [C:\Users\HP\AttendanceSystem\src\AttendanceSystem.API\AttendanceSystem.API.csproj]
C:\Users\HP\AttendanceSystem\src\AttendanceSystem.API\Controllers\EnterpriseApiControllers.cs(176,86): warning CS1591: Missing XML comment for publicly visible type or member 'DepartmentQueryDto.IsActive' [C:\Users\HP\AttendanceSystem\src\AttendanceSystem.API\AttendanceSystem.API.csproj]
C:\Users\HP\AttendanceSystem\src\AttendanceSystem.API\Controllers\EnterpriseApiControllers.cs(177,22): warning CS1591: Missing XML comment for publicly visible type or member 'DepartmentResponseDto' [C:\Users\HP\AttendanceSystem\src\AttendanceSystem.API\AttendanceSystem.API.csproj]
C:\Users\HP\AttendanceSystem\src\AttendanceSystem.API\Controllers\EnterpriseApiControllers.cs(177,22): warning CS1591: Missing XML comment for publicly visible type or member 'DepartmentResponseDto.DepartmentResponseDto(Guid, string, Guid?, Guid?, int, bool)' [C:\Users\HP\AttendanceSystem\src\AttendanceSystem.API\AttendanceSystem.API.csproj]
C:\Users\HP\AttendanceSystem\src\AttendanceSystem.API\Controllers\EnterpriseApiControllers.cs(177,49): warning CS1591: Missing XML comment for publicly visible type or member 'DepartmentResponseDto.Id' [C:\Users\HP\AttendanceSystem\src\AttendanceSystem.API\AttendanceSystem.API.csproj]
C:\Users\HP\AttendanceSystem\src\AttendanceSystem.API\Controllers\EnterpriseApiControllers.cs(177,60): warning CS1591: Missing XML comment for publicly visible type or member 'DepartmentResponseDto.Name' [C:\Users\HP\AttendanceSystem\src\AttendanceSystem.API\AttendanceSystem.API.csproj]
C:\Users\HP\AttendanceSystem\src\AttendanceSystem.API\Controllers\EnterpriseApiControllers.cs(177,72): warning CS1591: Missing XML comment for publicly visible type or member 'DepartmentResponseDto.ParentDepartmentId' [C:\Users\HP\AttendanceSystem\src\AttendanceSystem.API\AttendanceSystem.API.csproj]
C:\Users\HP\AttendanceSystem\src\AttendanceSystem.API\Controllers\EnterpriseApiControllers.cs(177,98): warning CS1591: Missing XML comment for publicly visible type or member 'DepartmentResponseDto.HeadEmployeeId' [C:\Users\HP\AttendanceSystem\src\AttendanceSystem.API\AttendanceSystem.API.csproj]
C:\Users\HP\AttendanceSystem\src\AttendanceSystem.API\Controllers\EnterpriseApiControllers.cs(177,118): warning CS1591: Missing XML comment for publicly visible type or member 'DepartmentResponseDto.EmployeeCount' [C:\Users\HP\AttendanceSystem\src\AttendanceSystem.API\AttendanceSystem.API.csproj]
C:\Users\HP\AttendanceSystem\src\AttendanceSystem.API\Controllers\EnterpriseApiControllers.cs(177,138): warning CS1591: Missing XML comment for publicly visible type or member 'DepartmentResponseDto.IsActive' [C:\Users\HP\AttendanceSystem\src\AttendanceSystem.API\AttendanceSystem.API.csproj]
C:\Users\HP\AttendanceSystem\src\AttendanceSystem.API\Controllers\EnterpriseApiControllers.cs(182,21): warning CS1591: Missing XML comment for publicly visible type or member 'AttendanceV1Controller' [C:\Users\HP\AttendanceSystem\src\AttendanceSystem.API\AttendanceSystem.API.csproj]
C:\Users\HP\AttendanceSystem\src\AttendanceSystem.API\Controllers\EnterpriseApiControllers.cs(185,26): warning CS1591: Missing XML comment for publicly visible type or member 'AttendanceV1Controller.CheckIn(CheckInRequestDto)' [C:\Users\HP\AttendanceSystem\src\AttendanceSystem.API\AttendanceSystem.API.csproj]
C:\Users\HP\AttendanceSystem\src\AttendanceSystem.API\Controllers\EnterpriseApiControllers.cs(189,26): warning CS1591: Missing XML comment for publicly visible type or member 'AttendanceV1Controller.CheckOut(CheckOutRequestDto)' [C:\Users\HP\AttendanceSystem\src\AttendanceSystem.API\AttendanceSystem.API.csproj]
C:\Users\HP\AttendanceSystem\src\AttendanceSystem.API\Controllers\EnterpriseApiControllers.cs(193,26): warning CS1591: Missing XML comment for publicly visible type or member 'AttendanceV1Controller.Today()' [C:\Users\HP\AttendanceSystem\src\AttendanceSystem.API\AttendanceSystem.API.csproj]
C:\Users\HP\AttendanceSystem\src\AttendanceSystem.API\Controllers\EnterpriseApiControllers.cs(197,26): warning CS1591: Missing XML comment for publicly visible type or member 'AttendanceV1Controller.History(DateRangeQueryDto)' [C:\Users\HP\AttendanceSystem\src\AttendanceSystem.API\AttendanceSystem.API.csproj]
C:\Users\HP\AttendanceSystem\src\AttendanceSystem.API\Controllers\EnterpriseApiControllers.cs(201,26): warning CS1591: Missing XML comment for publicly visible type or member 'AttendanceV1Controller.Statistics(DateRangeQueryDto)' [C:\Users\HP\AttendanceSystem\src\AttendanceSystem.API\AttendanceSystem.API.csproj]
C:\Users\HP\AttendanceSystem\src\AttendanceSystem.API\Controllers\EnterpriseApiControllers.cs(205,26): warning CS1591: Missing XML comment for publicly visible type or member 'AttendanceV1Controller.MonthlyStatistics(MonthlyStatisticsQueryDto)' [C:\Users\HP\AttendanceSystem\src\AttendanceSystem.API\AttendanceSystem.API.csproj]
C:\Users\HP\AttendanceSystem\src\AttendanceSystem.API\Controllers\EnterpriseApiControllers.cs(210,26): warning CS1591: Missing XML comment for publicly visible type or member 'AttendanceV1Controller.EmployeeRecords(Guid, DateRangeQueryDto)' [C:\Users\HP\AttendanceSystem\src\AttendanceSystem.API\AttendanceSystem.API.csproj]
C:\Users\HP\AttendanceSystem\src\AttendanceSystem.API\Controllers\EnterpriseApiControllers.cs(214,26): warning CS1591: Missing XML comment for publicly visible type or member 'AttendanceV1Controller.CreateCorrection(CreateAttendanceCorrectionRequestDto)' [C:\Users\HP\AttendanceSystem\src\AttendanceSystem.API\AttendanceSystem.API.csproj]
C:\Users\HP\AttendanceSystem\src\AttendanceSystem.API\Controllers\EnterpriseApiControllers.cs(219,26): warning CS1591: Missing XML comment for publicly visible type or member 'AttendanceV1Controller.Corrections(CorrectionQueryDto)' [C:\Users\HP\AttendanceSystem\src\AttendanceSystem.API\AttendanceSystem.API.csproj]
C:\Users\HP\AttendanceSystem\src\AttendanceSystem.API\Controllers\EnterpriseApiControllers.cs(224,26): warning CS1591: Missing XML comment for publicly visible type or member 'AttendanceV1Controller.ApproveCorrection(Guid, ApprovalRequestDto)' [C:\Users\HP\AttendanceSystem\src\AttendanceSystem.API\AttendanceSystem.API.csproj]
C:\Users\HP\AttendanceSystem\src\AttendanceSystem.API\Controllers\EnterpriseApiControllers.cs(229,26): warning CS1591: Missing XML comment for publicly visible type or member 'AttendanceV1Controller.RejectCorrection(Guid, RejectionRequestDto)' [C:\Users\HP\AttendanceSystem\src\AttendanceSystem.API\AttendanceSystem.API.csproj]
C:\Users\HP\AttendanceSystem\src\AttendanceSystem.API\Controllers\EnterpriseApiControllers.cs(234,26): warning CS1591: Missing XML comment for publicly visible type or member 'AttendanceV1Controller.PendingApprovals(ApprovalQueryDto)' [C:\Users\HP\AttendanceSystem\src\AttendanceSystem.API\AttendanceSystem.API.csproj]
C:\Users\HP\AttendanceSystem\src\AttendanceSystem.API\Controllers\EnterpriseApiControllers.cs(238,26): warning CS1591: Missing XML comment for publicly visible type or member 'AttendanceV1Controller.CurrentStatus()' [C:\Users\HP\AttendanceSystem\src\AttendanceSystem.API\AttendanceSystem.API.csproj]
C:\Users\HP\AttendanceSystem\src\AttendanceSystem.API\Controllers\EnterpriseApiControllers.cs(242,22): warning CS1591: Missing XML comment for publicly visible type or member 'CheckInRequestDto' [C:\Users\HP\AttendanceSystem\src\AttendanceSystem.API\AttendanceSystem.API.csproj]
C:\Users\HP\AttendanceSystem\src\AttendanceSystem.API\Controllers\EnterpriseApiControllers.cs(242,22): warning CS1591: Missing XML comment for publicly visible type or member 'CheckInRequestDto.CheckInRequestDto(double?, double?, double?, string?, string?, string?, string?)' [C:\Users\HP\AttendanceSystem\src\AttendanceSystem.API\AttendanceSystem.API.csproj]
C:\Users\HP\AttendanceSystem\src\AttendanceSystem.API\Controllers\EnterpriseApiControllers.cs(242,48): warning CS1591: Missing XML comment for publicly visible type or member 'CheckInRequestDto.Latitude' [C:\Users\HP\AttendanceSystem\src\AttendanceSystem.API\AttendanceSystem.API.csproj]
C:\Users\HP\AttendanceSystem\src\AttendanceSystem.API\Controllers\EnterpriseApiControllers.cs(242,66): warning CS1591: Missing XML comment for publicly visible type or member 'CheckInRequestDto.Longitude' [C:\Users\HP\AttendanceSystem\src\AttendanceSystem.API\AttendanceSystem.API.csproj]
C:\Users\HP\AttendanceSystem\src\AttendanceSystem.API\Controllers\EnterpriseApiControllers.cs(242,85): warning CS1591: Missing XML comment for publicly visible type or member 'CheckInRequestDto.AccuracyMeters' [C:\Users\HP\AttendanceSystem\src\AttendanceSystem.API\AttendanceSystem.API.csproj]
C:\Users\HP\AttendanceSystem\src\AttendanceSystem.API\Controllers\EnterpriseApiControllers.cs(242,109): warning CS1591: Missing XML comment for publicly visible type or member 'CheckInRequestDto.DeviceId' [C:\Users\HP\AttendanceSystem\src\AttendanceSystem.API\AttendanceSystem.API.csproj]
C:\Users\HP\AttendanceSystem\src\AttendanceSystem.API\Controllers\EnterpriseApiControllers.cs(242,127): warning CS1591: Missing XML comment for publicly visible type or member 'CheckInRequestDto.IpAddress' [C:\Users\HP\AttendanceSystem\src\AttendanceSystem.API\AttendanceSystem.API.csproj]
C:\Users\HP\AttendanceSystem\src\AttendanceSystem.API\Controllers\EnterpriseApiControllers.cs(242,146): warning CS1591: Missing XML comment for publicly visible type or member 'CheckInRequestDto.PhotoBase64' [C:\Users\HP\AttendanceSystem\src\AttendanceSystem.API\AttendanceSystem.API.csproj]
C:\Users\HP\AttendanceSystem\src\AttendanceSystem.API\Controllers\EnterpriseApiControllers.cs(242,167): warning CS1591: Missing XML comment for publicly visible type or member 'CheckInRequestDto.Notes' [C:\Users\HP\AttendanceSystem\src\AttendanceSystem.API\AttendanceSystem.API.csproj]
C:\Users\HP\AttendanceSystem\src\AttendanceSystem.API\Controllers\EnterpriseApiControllers.cs(243,22): warning CS1591: Missing XML comment for publicly visible type or member 'CheckOutRequestDto' [C:\Users\HP\AttendanceSystem\src\AttendanceSystem.API\AttendanceSystem.API.csproj]
C:\Users\HP\AttendanceSystem\src\AttendanceSystem.API\Controllers\EnterpriseApiControllers.cs(243,22): warning CS1591: Missing XML comment for publicly visible type or member 'CheckOutRequestDto.CheckOutRequestDto(double?, double?, double?, string?, string?, string?, string?)' [C:\Users\HP\AttendanceSystem\src\AttendanceSystem.API\AttendanceSystem.API.csproj]
C:\Users\HP\AttendanceSystem\src\AttendanceSystem.API\Controllers\EnterpriseApiControllers.cs(243,49): warning CS1591: Missing XML comment for publicly visible type or member 'CheckOutRequestDto.Latitude' [C:\Users\HP\AttendanceSystem\src\AttendanceSystem.API\AttendanceSystem.API.csproj]
C:\Users\HP\AttendanceSystem\src\AttendanceSystem.API\Controllers\EnterpriseApiControllers.cs(243,67): warning CS1591: Missing XML comment for publicly visible type or member 'CheckOutRequestDto.Longitude' [C:\Users\HP\AttendanceSystem\src\AttendanceSystem.API\AttendanceSystem.API.csproj]
C:\Users\HP\AttendanceSystem\src\AttendanceSystem.API\Controllers\EnterpriseApiControllers.cs(243,86): warning CS1591: Missing XML comment for publicly visible type or member 'CheckOutRequestDto.AccuracyMeters' [C:\Users\HP\AttendanceSystem\src\AttendanceSystem.API\AttendanceSystem.API.csproj]
C:\Users\HP\AttendanceSystem\src\AttendanceSystem.API\Controllers\EnterpriseApiControllers.cs(243,110): warning CS1591: Missing XML comment for publicly visible type or member 'CheckOutRequestDto.DeviceId' [C:\Users\HP\AttendanceSystem\src\AttendanceSystem.API\AttendanceSystem.API.csproj]
C:\Users\HP\AttendanceSystem\src\AttendanceSystem.API\Controllers\EnterpriseApiControllers.cs(243,128): warning CS1591: Missing XML comment for publicly visible type or member 'CheckOutRequestDto.IpAddress' [C:\Users\HP\AttendanceSystem\src\AttendanceSystem.API\AttendanceSystem.API.csproj]
C:\Users\HP\AttendanceSystem\src\AttendanceSystem.API\Controllers\EnterpriseApiControllers.cs(243,147): warning CS1591: Missing XML comment for publicly visible type or member 'CheckOutRequestDto.PhotoBase64' [C:\Users\HP\AttendanceSystem\src\AttendanceSystem.API\AttendanceSystem.API.csproj]
C:\Users\HP\AttendanceSystem\src\AttendanceSystem.API\Controllers\EnterpriseApiControllers.cs(243,168): warning CS1591: Missing XML comment for publicly visible type or member 'CheckOutRequestDto.Notes' [C:\Users\HP\AttendanceSystem\src\AttendanceSystem.API\AttendanceSystem.API.csproj]
C:\Users\HP\AttendanceSystem\src\AttendanceSystem.API\Controllers\EnterpriseApiControllers.cs(244,22): warning CS1591: Missing XML comment for publicly visible type or member 'MonthlyStatisticsQueryDto' [C:\Users\HP\AttendanceSystem\src\AttendanceSystem.API\AttendanceSystem.API.csproj]
C:\Users\HP\AttendanceSystem\src\AttendanceSystem.API\Controllers\EnterpriseApiControllers.cs(244,22): warning CS1591: Missing XML comment for publicly visible type or member 'MonthlyStatisticsQueryDto.MonthlyStatisticsQueryDto(int, int, Guid?, Guid?)' [C:\Users\HP\AttendanceSystem\src\AttendanceSystem.API\AttendanceSystem.API.csproj]
C:\Users\HP\AttendanceSystem\src\AttendanceSystem.API\Controllers\EnterpriseApiControllers.cs(244,52): warning CS1591: Missing XML comment for publicly visible type or member 'MonthlyStatisticsQueryDto.Month' [C:\Users\HP\AttendanceSystem\src\AttendanceSystem.API\AttendanceSystem.API.csproj]
C:\Users\HP\AttendanceSystem\src\AttendanceSystem.API\Controllers\EnterpriseApiControllers.cs(244,63): warning CS1591: Missing XML comment for publicly visible type or member 'MonthlyStatisticsQueryDto.Year' [C:\Users\HP\AttendanceSystem\src\AttendanceSystem.API\AttendanceSystem.API.csproj]
C:\Users\HP\AttendanceSystem\src\AttendanceSystem.API\Controllers\EnterpriseApiControllers.cs(244,75): warning CS1591: Missing XML comment for publicly visible type or member 'MonthlyStatisticsQueryDto.EmployeeId' [C:\Users\HP\AttendanceSystem\src\AttendanceSystem.API\AttendanceSystem.API.csproj]
C:\Users\HP\AttendanceSystem\src\AttendanceSystem.API\Controllers\EnterpriseApiControllers.cs(244,93): warning CS1591: Missing XML comment for publicly visible type or member 'MonthlyStatisticsQueryDto.DepartmentId' [C:\Users\HP\AttendanceSystem\src\AttendanceSystem.API\AttendanceSystem.API.csproj]
C:\Users\HP\AttendanceSystem\src\AttendanceSystem.API\Controllers\EnterpriseApiControllers.cs(245,22): warning CS1591: Missing XML comment for publicly visible type or member 'CreateAttendanceCorrectionRequestDto' [C:\Users\HP\AttendanceSystem\src\AttendanceSystem.API\AttendanceSystem.API.csproj]
C:\Users\HP\AttendanceSystem\src\AttendanceSystem.API\Controllers\EnterpriseApiControllers.cs(245,22): warning CS1591: Missing XML comment for publicly visible type or member 'CreateAttendanceCorrectionRequestDto.CreateAttendanceCorrectionRequestDto(Guid, DateTime?, DateTime?, string)' [C:\Users\HP\AttendanceSystem\src\AttendanceSystem.API\AttendanceSystem.API.csproj]
C:\Users\HP\AttendanceSystem\src\AttendanceSystem.API\Controllers\EnterpriseApiControllers.cs(245,64): warning CS1591: Missing XML comment for publicly visible type or member 'CreateAttendanceCorrectionRequestDto.AttendanceRecordId' [C:\Users\HP\AttendanceSystem\src\AttendanceSystem.API\AttendanceSystem.API.csproj]
C:\Users\HP\AttendanceSystem\src\AttendanceSystem.API\Controllers\EnterpriseApiControllers.cs(245,94): warning CS1591: Missing XML comment for publicly visible type or member 'CreateAttendanceCorrectionRequestDto.RequestedCheckInTime' [C:\Users\HP\AttendanceSystem\src\AttendanceSystem.API\AttendanceSystem.API.csproj]
C:\Users\HP\AttendanceSystem\src\AttendanceSystem.API\Controllers\EnterpriseApiControllers.cs(245,126): warning CS1591: Missing XML comment for publicly visible type or member 'CreateAttendanceCorrectionRequestDto.RequestedCheckOutTime' [C:\Users\HP\AttendanceSystem\src\AttendanceSystem.API\AttendanceSystem.API.csproj]
C:\Users\HP\AttendanceSystem\src\AttendanceSystem.API\Controllers\EnterpriseApiControllers.cs(245,156): warning CS1591: Missing XML comment for publicly visible type or member 'CreateAttendanceCorrectionRequestDto.Reason' [C:\Users\HP\AttendanceSystem\src\AttendanceSystem.API\AttendanceSystem.API.csproj]
C:\Users\HP\AttendanceSystem\src\AttendanceSystem.API\Controllers\EnterpriseApiControllers.cs(246,22): warning CS1591: Missing XML comment for publicly visible type or member 'CorrectionQueryDto' [C:\Users\HP\AttendanceSystem\src\AttendanceSystem.API\AttendanceSystem.API.csproj]
C:\Users\HP\AttendanceSystem\src\AttendanceSystem.API\Controllers\EnterpriseApiControllers.cs(246,22): warning CS1591: Missing XML comment for publicly visible type or member 'CorrectionQueryDto.CorrectionQueryDto(string?, Guid?, DateOnly?, DateOnly?, int, int)' [C:\Users\HP\AttendanceSystem\src\AttendanceSystem.API\AttendanceSystem.API.csproj]
C:\Users\HP\AttendanceSystem\src\AttendanceSystem.API\Controllers\EnterpriseApiControllers.cs(246,49): warning CS1591: Missing XML comment for publicly visible type or member 'CorrectionQueryDto.Status' [C:\Users\HP\AttendanceSystem\src\AttendanceSystem.API\AttendanceSystem.API.csproj]
C:\Users\HP\AttendanceSystem\src\AttendanceSystem.API\Controllers\EnterpriseApiControllers.cs(246,63): warning CS1591: Missing XML comment for publicly visible type or member 'CorrectionQueryDto.EmployeeId' [C:\Users\HP\AttendanceSystem\src\AttendanceSystem.API\AttendanceSystem.API.csproj]
C:\Users\HP\AttendanceSystem\src\AttendanceSystem.API\Controllers\EnterpriseApiControllers.cs(246,85): warning CS1591: Missing XML comment for publicly visible type or member 'CorrectionQueryDto.From' [C:\Users\HP\AttendanceSystem\src\AttendanceSystem.API\AttendanceSystem.API.csproj]
C:\Users\HP\AttendanceSystem\src\AttendanceSystem.API\Controllers\EnterpriseApiControllers.cs(246,101): warning CS1591: Missing XML comment for publicly visible type or member 'CorrectionQueryDto.To' [C:\Users\HP\AttendanceSystem\src\AttendanceSystem.API\AttendanceSystem.API.csproj]
C:\Users\HP\AttendanceSystem\src\AttendanceSystem.API\Controllers\EnterpriseApiControllers.cs(246,109): warning CS1591: Missing XML comment for publicly visible type or member 'CorrectionQueryDto.PageNumber' [C:\Users\HP\AttendanceSystem\src\AttendanceSystem.API\AttendanceSystem.API.csproj]
C:\Users\HP\AttendanceSystem\src\AttendanceSystem.API\Controllers\EnterpriseApiControllers.cs(246,129): warning CS1591: Missing XML comment for publicly visible type or member 'CorrectionQueryDto.PageSize' [C:\Users\HP\AttendanceSystem\src\AttendanceSystem.API\AttendanceSystem.API.csproj]
C:\Users\HP\AttendanceSystem\src\AttendanceSystem.API\Controllers\EnterpriseApiControllers.cs(247,22): warning CS1591: Missing XML comment for publicly visible type or member 'ApprovalQueryDto' [C:\Users\HP\AttendanceSystem\src\AttendanceSystem.API\AttendanceSystem.API.csproj]
C:\Users\HP\AttendanceSystem\src\AttendanceSystem.API\Controllers\EnterpriseApiControllers.cs(247,22): warning CS1591: Missing XML comment for publicly visible type or member 'ApprovalQueryDto.ApprovalQueryDto(Guid?, int, int)' [C:\Users\HP\AttendanceSystem\src\AttendanceSystem.API\AttendanceSystem.API.csproj]
C:\Users\HP\AttendanceSystem\src\AttendanceSystem.API\Controllers\EnterpriseApiControllers.cs(247,45): warning CS1591: Missing XML comment for publicly visible type or member 'ApprovalQueryDto.DepartmentId' [C:\Users\HP\AttendanceSystem\src\AttendanceSystem.API\AttendanceSystem.API.csproj]
C:\Users\HP\AttendanceSystem\src\AttendanceSystem.API\Controllers\EnterpriseApiControllers.cs(247,63): warning CS1591: Missing XML comment for publicly visible type or member 'ApprovalQueryDto.PageNumber' [C:\Users\HP\AttendanceSystem\src\AttendanceSystem.API\AttendanceSystem.API.csproj]
C:\Users\HP\AttendanceSystem\src\AttendanceSystem.API\Controllers\EnterpriseApiControllers.cs(247,83): warning CS1591: Missing XML comment for publicly visible type or member 'ApprovalQueryDto.PageSize' [C:\Users\HP\AttendanceSystem\src\AttendanceSystem.API\AttendanceSystem.API.csproj]
C:\Users\HP\AttendanceSystem\src\AttendanceSystem.API\Controllers\EnterpriseApiControllers.cs(248,22): warning CS1591: Missing XML comment for publicly visible type or member 'AttendanceRecordResponseDto' [C:\Users\HP\AttendanceSystem\src\AttendanceSystem.API\AttendanceSystem.API.csproj]
C:\Users\HP\AttendanceSystem\src\AttendanceSystem.API\Controllers\EnterpriseApiControllers.cs(248,22): warning CS1591: Missing XML comment for publicly visible type or member 'AttendanceRecordResponseDto.AttendanceRecordResponseDto(Guid, Guid, DateOnly, DateTime?, DateTime?, string, decimal, decimal)' [C:\Users\HP\AttendanceSystem\src\AttendanceSystem.API\AttendanceSystem.API.csproj]
C:\Users\HP\AttendanceSystem\src\AttendanceSystem.API\Controllers\EnterpriseApiControllers.cs(248,55): warning CS1591: Missing XML comment for publicly visible type or member 'AttendanceRecordResponseDto.Id' [C:\Users\HP\AttendanceSystem\src\AttendanceSystem.API\AttendanceSystem.API.csproj]
C:\Users\HP\AttendanceSystem\src\AttendanceSystem.API\Controllers\EnterpriseApiControllers.cs(248,64): warning CS1591: Missing XML comment for publicly visible type or member 'AttendanceRecordResponseDto.EmployeeId' [C:\Users\HP\AttendanceSystem\src\AttendanceSystem.API\AttendanceSystem.API.csproj]
C:\Users\HP\AttendanceSystem\src\AttendanceSystem.API\Controllers\EnterpriseApiControllers.cs(248,85): warning CS1591: Missing XML comment for publicly visible type or member 'AttendanceRecordResponseDto.Date' [C:\Users\HP\AttendanceSystem\src\AttendanceSystem.API\AttendanceSystem.API.csproj]
C:\Users\HP\AttendanceSystem\src\AttendanceSystem.API\Controllers\EnterpriseApiControllers.cs(248,101): warning CS1591: Missing XML comment for publicly visible type or member 'AttendanceRecordResponseDto.CheckInTime' [C:\Users\HP\AttendanceSystem\src\AttendanceSystem.API\AttendanceSystem.API.csproj]
C:\Users\HP\AttendanceSystem\src\AttendanceSystem.API\Controllers\EnterpriseApiControllers.cs(248,124): warning CS1591: Missing XML comment for publicly visible type or member 'AttendanceRecordResponseDto.CheckOutTime' [C:\Users\HP\AttendanceSystem\src\AttendanceSystem.API\AttendanceSystem.API.csproj]
C:\Users\HP\AttendanceSystem\src\AttendanceSystem.API\Controllers\EnterpriseApiControllers.cs(248,145): warning CS1591: Missing XML comment for publicly visible type or member 'AttendanceRecordResponseDto.Status' [C:\Users\HP\AttendanceSystem\src\AttendanceSystem.API\AttendanceSystem.API.csproj]
C:\Users\HP\AttendanceSystem\src\AttendanceSystem.API\Controllers\EnterpriseApiControllers.cs(248,161): warning CS1591: Missing XML comment for publicly visible type or member 'AttendanceRecordResponseDto.LateMinutes' [C:\Users\HP\AttendanceSystem\src\AttendanceSystem.API\AttendanceSystem.API.csproj]
C:\Users\HP\AttendanceSystem\src\AttendanceSystem.API\Controllers\EnterpriseApiControllers.cs(248,182): warning CS1591: Missing XML comment for publicly visible type or member 'AttendanceRecordResponseDto.OvertimeHours' [C:\Users\HP\AttendanceSystem\src\AttendanceSystem.API\AttendanceSystem.API.csproj]
C:\Users\HP\AttendanceSystem\src\AttendanceSystem.API\Controllers\EnterpriseApiControllers.cs(249,22): warning CS1591: Missing XML comment for publicly visible type or member 'TodayAttendanceResponseDto' [C:\Users\HP\AttendanceSystem\src\AttendanceSystem.API\AttendanceSystem.API.csproj]
C:\Users\HP\AttendanceSystem\src\AttendanceSystem.API\Controllers\EnterpriseApiControllers.cs(249,22): warning CS1591: Missing XML comment for publicly visible type or member 'TodayAttendanceResponseDto.TodayAttendanceResponseDto(bool, bool, DateTime?, DateTime?, string)' [C:\Users\HP\AttendanceSystem\src\AttendanceSystem.API\AttendanceSystem.API.csproj]
C:\Users\HP\AttendanceSystem\src\AttendanceSystem.API\Controllers\EnterpriseApiControllers.cs(249,54): warning CS1591: Missing XML comment for publicly visible type or member 'TodayAttendanceResponseDto.HasCheckedIn' [C:\Users\HP\AttendanceSystem\src\AttendanceSystem.API\AttendanceSystem.API.csproj]
C:\Users\HP\AttendanceSystem\src\AttendanceSystem.API\Controllers\EnterpriseApiControllers.cs(249,73): warning CS1591: Missing XML comment for publicly visible type or member 'TodayAttendanceResponseDto.HasCheckedOut' [C:\Users\HP\AttendanceSystem\src\AttendanceSystem.API\AttendanceSystem.API.csproj]
C:\Users\HP\AttendanceSystem\src\AttendanceSystem.API\Controllers\EnterpriseApiControllers.cs(249,98): warning CS1591: Missing XML comment for publicly visible type or member 'TodayAttendanceResponseDto.CheckInTime' [C:\Users\HP\AttendanceSystem\src\AttendanceSystem.API\AttendanceSystem.API.csproj]
C:\Users\HP\AttendanceSystem\src\AttendanceSystem.API\Controllers\EnterpriseApiControllers.cs(249,121): warning CS1591: Missing XML comment for publicly visible type or member 'TodayAttendanceResponseDto.CheckOutTime' [C:\Users\HP\AttendanceSystem\src\AttendanceSystem.API\AttendanceSystem.API.csproj]
C:\Users\HP\AttendanceSystem\src\AttendanceSystem.API\Controllers\EnterpriseApiControllers.cs(249,142): warning CS1591: Missing XML comment for publicly visible type or member 'TodayAttendanceResponseDto.Status' [C:\Users\HP\AttendanceSystem\src\AttendanceSystem.API\AttendanceSystem.API.csproj]
C:\Users\HP\AttendanceSystem\src\AttendanceSystem.API\Controllers\EnterpriseApiControllers.cs(250,22): warning CS1591: Missing XML comment for publicly visible type or member 'AttendanceStatisticsResponseDto' [C:\Users\HP\AttendanceSystem\src\AttendanceSystem.API\AttendanceSystem.API.csproj]
C:\Users\HP\AttendanceSystem\src\AttendanceSystem.API\Controllers\EnterpriseApiControllers.cs(250,22): warning CS1591: Missing XML comment for publicly visible type or member 'AttendanceStatisticsResponseDto.AttendanceStatisticsResponseDto(int, int, int, int, decimal)' [C:\Users\HP\AttendanceSystem\src\AttendanceSystem.API\AttendanceSystem.API.csproj]
C:\Users\HP\AttendanceSystem\src\AttendanceSystem.API\Controllers\EnterpriseApiControllers.cs(250,58): warning CS1591: Missing XML comment for publicly visible type or member 'AttendanceStatisticsResponseDto.PresentDays' [C:\Users\HP\AttendanceSystem\src\AttendanceSystem.API\AttendanceSystem.API.csproj]
C:\Users\HP\AttendanceSystem\src\AttendanceSystem.API\Controllers\EnterpriseApiControllers.cs(250,75): warning CS1591: Missing XML comment for publicly visible type or member 'AttendanceStatisticsResponseDto.AbsentDays' [C:\Users\HP\AttendanceSystem\src\AttendanceSystem.API\AttendanceSystem.API.csproj]
C:\Users\HP\AttendanceSystem\src\AttendanceSystem.API\Controllers\EnterpriseApiControllers.cs(250,91): warning CS1591: Missing XML comment for publicly visible type or member 'AttendanceStatisticsResponseDto.LateDays' [C:\Users\HP\AttendanceSystem\src\AttendanceSystem.API\AttendanceSystem.API.csproj]
C:\Users\HP\AttendanceSystem\src\AttendanceSystem.API\Controllers\EnterpriseApiControllers.cs(250,105): warning CS1591: Missing XML comment for publicly visible type or member 'AttendanceStatisticsResponseDto.LeaveDays' [C:\Users\HP\AttendanceSystem\src\AttendanceSystem.API\AttendanceSystem.API.csproj]
C:\Users\HP\AttendanceSystem\src\AttendanceSystem.API\Controllers\EnterpriseApiControllers.cs(250,124): warning CS1591: Missing XML comment for publicly visible type or member 'AttendanceStatisticsResponseDto.OvertimeHours' [C:\Users\HP\AttendanceSystem\src\AttendanceSystem.API\AttendanceSystem.API.csproj]
C:\Users\HP\AttendanceSystem\src\AttendanceSystem.API\Controllers\EnterpriseApiControllers.cs(251,22): warning CS1591: Missing XML comment for publicly visible type or member 'MonthlyAttendanceStatisticsResponseDto' [C:\Users\HP\AttendanceSystem\src\AttendanceSystem.API\AttendanceSystem.API.csproj]
C:\Users\HP\AttendanceSystem\src\AttendanceSystem.API\Controllers\EnterpriseApiControllers.cs(251,22): warning CS1591: Missing XML comment for publicly visible type or member 'MonthlyAttendanceStatisticsResponseDto.MonthlyAttendanceStatisticsResponseDto(int, int, AttendanceStatisticsResponseDto)' [C:\Users\HP\AttendanceSystem\src\AttendanceSystem.API\AttendanceSystem.API.csproj]
C:\Users\HP\AttendanceSystem\src\AttendanceSystem.API\Controllers\EnterpriseApiControllers.cs(251,65): warning CS1591: Missing XML comment for publicly visible type or member 'MonthlyAttendanceStatisticsResponseDto.Month' [C:\Users\HP\AttendanceSystem\src\AttendanceSystem.API\AttendanceSystem.API.csproj]
C:\Users\HP\AttendanceSystem\src\AttendanceSystem.API\Controllers\EnterpriseApiControllers.cs(251,76): warning CS1591: Missing XML comment for publicly visible type or member 'MonthlyAttendanceStatisticsResponseDto.Year' [C:\Users\HP\AttendanceSystem\src\AttendanceSystem.API\AttendanceSystem.API.csproj]
C:\Users\HP\AttendanceSystem\src\AttendanceSystem.API\Controllers\EnterpriseApiControllers.cs(251,114): warning CS1591: Missing XML comment for publicly visible type or member 'MonthlyAttendanceStatisticsResponseDto.Totals' [C:\Users\HP\AttendanceSystem\src\AttendanceSystem.API\AttendanceSystem.API.csproj]
C:\Users\HP\AttendanceSystem\src\AttendanceSystem.API\Controllers\EnterpriseApiControllers.cs(252,22): warning CS1591: Missing XML comment for publicly visible type or member 'AttendanceCorrectionResponseDto' [C:\Users\HP\AttendanceSystem\src\AttendanceSystem.API\AttendanceSystem.API.csproj]
C:\Users\HP\AttendanceSystem\src\AttendanceSystem.API\Controllers\EnterpriseApiControllers.cs(252,22): warning CS1591: Missing XML comment for publicly visible type or member 'AttendanceCorrectionResponseDto.AttendanceCorrectionResponseDto(Guid, Guid, string, string, DateTime)' [C:\Users\HP\AttendanceSystem\src\AttendanceSystem.API\AttendanceSystem.API.csproj]
C:\Users\HP\AttendanceSystem\src\AttendanceSystem.API\Controllers\EnterpriseApiControllers.cs(252,59): warning CS1591: Missing XML comment for publicly visible type or member 'AttendanceCorrectionResponseDto.Id' [C:\Users\HP\AttendanceSystem\src\AttendanceSystem.API\AttendanceSystem.API.csproj]
C:\Users\HP\AttendanceSystem\src\AttendanceSystem.API\Controllers\EnterpriseApiControllers.cs(252,68): warning CS1591: Missing XML comment for publicly visible type or member 'AttendanceCorrectionResponseDto.AttendanceRecordId' [C:\Users\HP\AttendanceSystem\src\AttendanceSystem.API\AttendanceSystem.API.csproj]
C:\Users\HP\AttendanceSystem\src\AttendanceSystem.API\Controllers\EnterpriseApiControllers.cs(252,95): warning CS1591: Missing XML comment for publicly visible type or member 'AttendanceCorrectionResponseDto.Status' [C:\Users\HP\AttendanceSystem\src\AttendanceSystem.API\AttendanceSystem.API.csproj]
C:\Users\HP\AttendanceSystem\src\AttendanceSystem.API\Controllers\EnterpriseApiControllers.cs(252,110): warning CS1591: Missing XML comment for publicly visible type or member 'AttendanceCorrectionResponseDto.Reason' [C:\Users\HP\AttendanceSystem\src\AttendanceSystem.API\AttendanceSystem.API.csproj]
C:\Users\HP\AttendanceSystem\src\AttendanceSystem.API\Controllers\EnterpriseApiControllers.cs(252,127): warning CS1591: Missing XML comment for publicly visible type or member 'AttendanceCorrectionResponseDto.CreatedAt' [C:\Users\HP\AttendanceSystem\src\AttendanceSystem.API\AttendanceSystem.API.csproj]
C:\Users\HP\AttendanceSystem\src\AttendanceSystem.API\Controllers\EnterpriseApiControllers.cs(253,22): warning CS1591: Missing XML comment for publicly visible type or member 'AttendanceApprovalResponseDto' [C:\Users\HP\AttendanceSystem\src\AttendanceSystem.API\AttendanceSystem.API.csproj]
C:\Users\HP\AttendanceSystem\src\AttendanceSystem.API\Controllers\EnterpriseApiControllers.cs(253,22): warning CS1591: Missing XML comment for publicly visible type or member 'AttendanceApprovalResponseDto.AttendanceApprovalResponseDto(Guid, Guid, string, string, string, DateTime)' [C:\Users\HP\AttendanceSystem\src\AttendanceSystem.API\AttendanceSystem.API.csproj]
C:\Users\HP\AttendanceSystem\src\AttendanceSystem.API\Controllers\EnterpriseApiControllers.cs(253,57): warning CS1591: Missing XML comment for publicly visible type or member 'AttendanceApprovalResponseDto.Id' [C:\Users\HP\AttendanceSystem\src\AttendanceSystem.API\AttendanceSystem.API.csproj]
C:\Users\HP\AttendanceSystem\src\AttendanceSystem.API\Controllers\EnterpriseApiControllers.cs(253,66): warning CS1591: Missing XML comment for publicly visible type or member 'AttendanceApprovalResponseDto.EmployeeId' [C:\Users\HP\AttendanceSystem\src\AttendanceSystem.API\AttendanceSystem.API.csproj]
C:\Users\HP\AttendanceSystem\src\AttendanceSystem.API\Controllers\EnterpriseApiControllers.cs(253,85): warning CS1591: Missing XML comment for publicly visible type or member 'AttendanceApprovalResponseDto.EmployeeName' [C:\Users\HP\AttendanceSystem\src\AttendanceSystem.API\AttendanceSystem.API.csproj]
C:\Users\HP\AttendanceSystem\src\AttendanceSystem.API\Controllers\EnterpriseApiControllers.cs(253,106): warning CS1591: Missing XML comment for publicly visible type or member 'AttendanceApprovalResponseDto.ApprovalType' [C:\Users\HP\AttendanceSystem\src\AttendanceSystem.API\AttendanceSystem.API.csproj]
C:\Users\HP\AttendanceSystem\src\AttendanceSystem.API\Controllers\EnterpriseApiControllers.cs(253,127): warning CS1591: Missing XML comment for publicly visible type or member 'AttendanceApprovalResponseDto.Status' [C:\Users\HP\AttendanceSystem\src\AttendanceSystem.API\AttendanceSystem.API.csproj]
C:\Users\HP\AttendanceSystem\src\AttendanceSystem.API\Controllers\EnterpriseApiControllers.cs(253,144): warning CS1591: Missing XML comment for publicly visible type or member 'AttendanceApprovalResponseDto.CreatedAt' [C:\Users\HP\AttendanceSystem\src\AttendanceSystem.API\AttendanceSystem.API.csproj]
C:\Users\HP\AttendanceSystem\src\AttendanceSystem.API\Controllers\EnterpriseApiControllers.cs(254,22): warning CS1591: Missing XML comment for publicly visible type or member 'CurrentAttendanceStatusResponseDto' [C:\Users\HP\AttendanceSystem\src\AttendanceSystem.API\AttendanceSystem.API.csproj]
C:\Users\HP\AttendanceSystem\src\AttendanceSystem.API\Controllers\EnterpriseApiControllers.cs(254,22): warning CS1591: Missing XML comment for publicly visible type or member 'CurrentAttendanceStatusResponseDto.CurrentAttendanceStatusResponseDto(bool, bool, Guid?, DateTime?)' [C:\Users\HP\AttendanceSystem\src\AttendanceSystem.API\AttendanceSystem.API.csproj]
C:\Users\HP\AttendanceSystem\src\AttendanceSystem.API\Controllers\EnterpriseApiControllers.cs(254,62): warning CS1591: Missing XML comment for publicly visible type or member 'CurrentAttendanceStatusResponseDto.CanCheckIn' [C:\Users\HP\AttendanceSystem\src\AttendanceSystem.API\AttendanceSystem.API.csproj]
C:\Users\HP\AttendanceSystem\src\AttendanceSystem.API\Controllers\EnterpriseApiControllers.cs(254,79): warning CS1591: Missing XML comment for publicly visible type or member 'CurrentAttendanceStatusResponseDto.CanCheckOut' [C:\Users\HP\AttendanceSystem\src\AttendanceSystem.API\AttendanceSystem.API.csproj]
C:\Users\HP\AttendanceSystem\src\AttendanceSystem.API\Controllers\EnterpriseApiControllers.cs(254,98): warning CS1591: Missing XML comment for publicly visible type or member 'CurrentAttendanceStatusResponseDto.OpenAttendanceRecordId' [C:\Users\HP\AttendanceSystem\src\AttendanceSystem.API\AttendanceSystem.API.csproj]
C:\Users\HP\AttendanceSystem\src\AttendanceSystem.API\Controllers\EnterpriseApiControllers.cs(254,132): warning CS1591: Missing XML comment for publicly visible type or member 'CurrentAttendanceStatusResponseDto.CheckInTime' [C:\Users\HP\AttendanceSystem\src\AttendanceSystem.API\AttendanceSystem.API.csproj]
C:\Users\HP\AttendanceSystem\src\AttendanceSystem.API\Controllers\EnterpriseApiControllers.cs(259,21): warning CS1591: Missing XML comment for publicly visible type or member 'GpsController' [C:\Users\HP\AttendanceSystem\src\AttendanceSystem.API\AttendanceSystem.API.csproj]
C:\Users\HP\AttendanceSystem\src\AttendanceSystem.API\Controllers\EnterpriseApiControllers.cs(262,26): warning CS1591: Missing XML comment for publicly visible type or member 'GpsController.ValidateLocation(ValidateLocationRequestDto)' [C:\Users\HP\AttendanceSystem\src\AttendanceSystem.API\AttendanceSystem.API.csproj]
C:\Users\HP\AttendanceSystem\src\AttendanceSystem.API\Controllers\EnterpriseApiControllers.cs(266,26): warning CS1591: Missing XML comment for publicly visible type or member 'GpsController.VerifyOfficeRadius(OfficeRadiusVerificationRequestDto)' [C:\Users\HP\AttendanceSystem\src\AttendanceSystem.API\AttendanceSystem.API.csproj]
C:\Users\HP\AttendanceSystem\src\AttendanceSystem.API\Controllers\EnterpriseApiControllers.cs(270,26): warning CS1591: Missing XML comment for publicly visible type or member 'GpsController.Offices()' [C:\Users\HP\AttendanceSystem\src\AttendanceSystem.API\AttendanceSystem.API.csproj]
C:\Users\HP\AttendanceSystem\src\AttendanceSystem.API\Controllers\EnterpriseApiControllers.cs(274,26): warning CS1591: Missing XML comment for publicly visible type or member 'GpsController.CreateGeofenceEvent(CreateGeofenceEventRequestDto)' [C:\Users\HP\AttendanceSystem\src\AttendanceSystem.API\AttendanceSystem.API.csproj]
C:\Users\HP\AttendanceSystem\src\AttendanceSystem.API\Controllers\EnterpriseApiControllers.cs(278,22): warning CS1591: Missing XML comment for publicly visible type or member 'ValidateLocationRequestDto' [C:\Users\HP\AttendanceSystem\src\AttendanceSystem.API\AttendanceSystem.API.csproj]
C:\Users\HP\AttendanceSystem\src\AttendanceSystem.API\Controllers\EnterpriseApiControllers.cs(278,22): warning CS1591: Missing XML comment for publicly visible type or member 'ValidateLocationRequestDto.ValidateLocationRequestDto(double, double, double?)' [C:\Users\HP\AttendanceSystem\src\AttendanceSystem.API\AttendanceSystem.API.csproj]
C:\Users\HP\AttendanceSystem\src\AttendanceSystem.API\Controllers\EnterpriseApiControllers.cs(278,56): warning CS1591: Missing XML comment for publicly visible type or member 'ValidateLocationRequestDto.Latitude' [C:\Users\HP\AttendanceSystem\src\AttendanceSystem.API\AttendanceSystem.API.csproj]
C:\Users\HP\AttendanceSystem\src\AttendanceSystem.API\Controllers\EnterpriseApiControllers.cs(278,73): warning CS1591: Missing XML comment for publicly visible type or member 'ValidateLocationRequestDto.Longitude' [C:\Users\HP\AttendanceSystem\src\AttendanceSystem.API\AttendanceSystem.API.csproj]
C:\Users\HP\AttendanceSystem\src\AttendanceSystem.API\Controllers\EnterpriseApiControllers.cs(278,92): warning CS1591: Missing XML comment for publicly visible type or member 'ValidateLocationRequestDto.AccuracyMeters' [C:\Users\HP\AttendanceSystem\src\AttendanceSystem.API\AttendanceSystem.API.csproj]
C:\Users\HP\AttendanceSystem\src\AttendanceSystem.API\Controllers\EnterpriseApiControllers.cs(279,22): warning CS1591: Missing XML comment for publicly visible type or member 'ValidateLocationResponseDto' [C:\Users\HP\AttendanceSystem\src\AttendanceSystem.API\AttendanceSystem.API.csproj]
C:\Users\HP\AttendanceSystem\src\AttendanceSystem.API\Controllers\EnterpriseApiControllers.cs(279,22): warning CS1591: Missing XML comment for publicly visible type or member 'ValidateLocationResponseDto.ValidateLocationResponseDto(bool, bool, double, string?, string?)' [C:\Users\HP\AttendanceSystem\src\AttendanceSystem.API\AttendanceSystem.API.csproj]
C:\Users\HP\AttendanceSystem\src\AttendanceSystem.API\Controllers\EnterpriseApiControllers.cs(279,55): warning CS1591: Missing XML comment for publicly visible type or member 'ValidateLocationResponseDto.IsValid' [C:\Users\HP\AttendanceSystem\src\AttendanceSystem.API\AttendanceSystem.API.csproj]
C:\Users\HP\AttendanceSystem\src\AttendanceSystem.API\Controllers\EnterpriseApiControllers.cs(279,69): warning CS1591: Missing XML comment for publicly visible type or member 'ValidateLocationResponseDto.IsWithinAllowedRadius' [C:\Users\HP\AttendanceSystem\src\AttendanceSystem.API\AttendanceSystem.API.csproj]
C:\Users\HP\AttendanceSystem\src\AttendanceSystem.API\Controllers\EnterpriseApiControllers.cs(279,99): warning CS1591: Missing XML comment for publicly visible type or member 'ValidateLocationResponseDto.DistanceMeters' [C:\Users\HP\AttendanceSystem\src\AttendanceSystem.API\AttendanceSystem.API.csproj]
C:\Users\HP\AttendanceSystem\src\AttendanceSystem.API\Controllers\EnterpriseApiControllers.cs(279,123): warning CS1591: Missing XML comment for publicly visible type or member 'ValidateLocationResponseDto.NearestOfficeName' [C:\Users\HP\AttendanceSystem\src\AttendanceSystem.API\AttendanceSystem.API.csproj]
C:\Users\HP\AttendanceSystem\src\AttendanceSystem.API\Controllers\EnterpriseApiControllers.cs(279,150): warning CS1591: Missing XML comment for publicly visible type or member 'ValidateLocationResponseDto.Message' [C:\Users\HP\AttendanceSystem\src\AttendanceSystem.API\AttendanceSystem.API.csproj]
C:\Users\HP\AttendanceSystem\src\AttendanceSystem.API\Controllers\EnterpriseApiControllers.cs(280,22): warning CS1591: Missing XML comment for publicly visible type or member 'OfficeRadiusVerificationRequestDto' [C:\Users\HP\AttendanceSystem\src\AttendanceSystem.API\AttendanceSystem.API.csproj]
C:\Users\HP\AttendanceSystem\src\AttendanceSystem.API\Controllers\EnterpriseApiControllers.cs(280,22): warning CS1591: Missing XML comment for publicly visible type or member 'OfficeRadiusVerificationRequestDto.OfficeRadiusVerificationRequestDto(Guid?, double, double)' [C:\Users\HP\AttendanceSystem\src\AttendanceSystem.API\AttendanceSystem.API.csproj]
C:\Users\HP\AttendanceSystem\src\AttendanceSystem.API\Controllers\EnterpriseApiControllers.cs(280,63): warning CS1591: Missing XML comment for publicly visible type or member 'OfficeRadiusVerificationRequestDto.OfficeLocationId' [C:\Users\HP\AttendanceSystem\src\AttendanceSystem.API\AttendanceSystem.API.csproj]
C:\Users\HP\AttendanceSystem\src\AttendanceSystem.API\Controllers\EnterpriseApiControllers.cs(280,88): warning CS1591: Missing XML comment for publicly visible type or member 'OfficeRadiusVerificationRequestDto.Latitude' [C:\Users\HP\AttendanceSystem\src\AttendanceSystem.API\AttendanceSystem.API.csproj]
C:\Users\HP\AttendanceSystem\src\AttendanceSystem.API\Controllers\EnterpriseApiControllers.cs(280,105): warning CS1591: Missing XML comment for publicly visible type or member 'OfficeRadiusVerificationRequestDto.Longitude' [C:\Users\HP\AttendanceSystem\src\AttendanceSystem.API\AttendanceSystem.API.csproj]
C:\Users\HP\AttendanceSystem\src\AttendanceSystem.API\Controllers\EnterpriseApiControllers.cs(281,22): warning CS1591: Missing XML comment for publicly visible type or member 'OfficeRadiusVerificationResponseDto' [C:\Users\HP\AttendanceSystem\src\AttendanceSystem.API\AttendanceSystem.API.csproj]
C:\Users\HP\AttendanceSystem\src\AttendanceSystem.API\Controllers\EnterpriseApiControllers.cs(281,22): warning CS1591: Missing XML comment for publicly visible type or member 'OfficeRadiusVerificationResponseDto.OfficeRadiusVerificationResponseDto(bool, double, double)' [C:\Users\HP\AttendanceSystem\src\AttendanceSystem.API\AttendanceSystem.API.csproj]
C:\Users\HP\AttendanceSystem\src\AttendanceSystem.API\Controllers\EnterpriseApiControllers.cs(281,63): warning CS1591: Missing XML comment for publicly visible type or member 'OfficeRadiusVerificationResponseDto.IsInsideRadius' [C:\Users\HP\AttendanceSystem\src\AttendanceSystem.API\AttendanceSystem.API.csproj]
C:\Users\HP\AttendanceSystem\src\AttendanceSystem.API\Controllers\EnterpriseApiControllers.cs(281,86): warning CS1591: Missing XML comment for publicly visible type or member 'OfficeRadiusVerificationResponseDto.DistanceMeters' [C:\Users\HP\AttendanceSystem\src\AttendanceSystem.API\AttendanceSystem.API.csproj]
C:\Users\HP\AttendanceSystem\src\AttendanceSystem.API\Controllers\EnterpriseApiControllers.cs(281,109): warning CS1591: Missing XML comment for publicly visible type or member 'OfficeRadiusVerificationResponseDto.AllowedRadiusMeters' [C:\Users\HP\AttendanceSystem\src\AttendanceSystem.API\AttendanceSystem.API.csproj]
C:\Users\HP\AttendanceSystem\src\AttendanceSystem.API\Controllers\EnterpriseApiControllers.cs(282,22): warning CS1591: Missing XML comment for publicly visible type or member 'OfficeLocationResponseDto' [C:\Users\HP\AttendanceSystem\src\AttendanceSystem.API\AttendanceSystem.API.csproj]
C:\Users\HP\AttendanceSystem\src\AttendanceSystem.API\Controllers\EnterpriseApiControllers.cs(282,22): warning CS1591: Missing XML comment for publicly visible type or member 'OfficeLocationResponseDto.OfficeLocationResponseDto(Guid, string, double, double, double, bool)' [C:\Users\HP\AttendanceSystem\src\AttendanceSystem.API\AttendanceSystem.API.csproj]
C:\Users\HP\AttendanceSystem\src\AttendanceSystem.API\Controllers\EnterpriseApiControllers.cs(282,53): warning CS1591: Missing XML comment for publicly visible type or member 'OfficeLocationResponseDto.Id' [C:\Users\HP\AttendanceSystem\src\AttendanceSystem.API\AttendanceSystem.API.csproj]
C:\Users\HP\AttendanceSystem\src\AttendanceSystem.API\Controllers\EnterpriseApiControllers.cs(282,64): warning CS1591: Missing XML comment for publicly visible type or member 'OfficeLocationResponseDto.Name' [C:\Users\HP\AttendanceSystem\src\AttendanceSystem.API\AttendanceSystem.API.csproj]
C:\Users\HP\AttendanceSystem\src\AttendanceSystem.API\Controllers\EnterpriseApiControllers.cs(282,77): warning CS1591: Missing XML comment for publicly visible type or member 'OfficeLocationResponseDto.Latitude' [C:\Users\HP\AttendanceSystem\src\AttendanceSystem.API\AttendanceSystem.API.csproj]
C:\Users\HP\AttendanceSystem\src\AttendanceSystem.API\Controllers\EnterpriseApiControllers.cs(282,94): warning CS1591: Missing XML comment for publicly visible type or member 'OfficeLocationResponseDto.Longitude' [C:\Users\HP\AttendanceSystem\src\AttendanceSystem.API\AttendanceSystem.API.csproj]
C:\Users\HP\AttendanceSystem\src\AttendanceSystem.API\Controllers\EnterpriseApiControllers.cs(282,112): warning CS1591: Missing XML comment for publicly visible type or member 'OfficeLocationResponseDto.RadiusMeters' [C:\Users\HP\AttendanceSystem\src\AttendanceSystem.API\AttendanceSystem.API.csproj]
C:\Users\HP\AttendanceSystem\src\AttendanceSystem.API\Controllers\EnterpriseApiControllers.cs(282,131): warning CS1591: Missing XML comment for publicly visible type or member 'OfficeLocationResponseDto.IsActive' [C:\Users\HP\AttendanceSystem\src\AttendanceSystem.API\AttendanceSystem.API.csproj]
C:\Users\HP\AttendanceSystem\src\AttendanceSystem.API\Controllers\EnterpriseApiControllers.cs(283,22): warning CS1591: Missing XML comment for publicly visible type or member 'CreateGeofenceEventRequestDto' [C:\Users\HP\AttendanceSystem\src\AttendanceSystem.API\AttendanceSystem.API.csproj]
C:\Users\HP\AttendanceSystem\src\AttendanceSystem.API\Controllers\EnterpriseApiControllers.cs(283,22): warning CS1591: Missing XML comment for publicly visible type or member 'CreateGeofenceEventRequestDto.CreateGeofenceEventRequestDto(string, double, double, double?, string?)' [C:\Users\HP\AttendanceSystem\src\AttendanceSystem.API\AttendanceSystem.API.csproj]
C:\Users\HP\AttendanceSystem\src\AttendanceSystem.API\Controllers\EnterpriseApiControllers.cs(283,59): warning CS1591: Missing XML comment for publicly visible type or member 'CreateGeofenceEventRequestDto.EventType' [C:\Users\HP\AttendanceSystem\src\AttendanceSystem.API\AttendanceSystem.API.csproj]
C:\Users\HP\AttendanceSystem\src\AttendanceSystem.API\Controllers\EnterpriseApiControllers.cs(283,77): warning CS1591: Missing XML comment for publicly visible type or member 'CreateGeofenceEventRequestDto.Latitude' [C:\Users\HP\AttendanceSystem\src\AttendanceSystem.API\AttendanceSystem.API.csproj]
C:\Users\HP\AttendanceSystem\src\AttendanceSystem.API\Controllers\EnterpriseApiControllers.cs(283,94): warning CS1591: Missing XML comment for publicly visible type or member 'CreateGeofenceEventRequestDto.Longitude' [C:\Users\HP\AttendanceSystem\src\AttendanceSystem.API\AttendanceSystem.API.csproj]
C:\Users\HP\AttendanceSystem\src\AttendanceSystem.API\Controllers\EnterpriseApiControllers.cs(283,113): warning CS1591: Missing XML comment for publicly visible type or member 'CreateGeofenceEventRequestDto.AccuracyMeters' [C:\Users\HP\AttendanceSystem\src\AttendanceSystem.API\AttendanceSystem.API.csproj]
C:\Users\HP\AttendanceSystem\src\AttendanceSystem.API\Controllers\EnterpriseApiControllers.cs(283,137): warning CS1591: Missing XML comment for publicly visible type or member 'CreateGeofenceEventRequestDto.DeviceId' [C:\Users\HP\AttendanceSystem\src\AttendanceSystem.API\AttendanceSystem.API.csproj]
C:\Users\HP\AttendanceSystem\src\AttendanceSystem.API\Controllers\EnterpriseApiControllers.cs(284,22): warning CS1591: Missing XML comment for publicly visible type or member 'GeofenceEventResponseDto' [C:\Users\HP\AttendanceSystem\src\AttendanceSystem.API\AttendanceSystem.API.csproj]
C:\Users\HP\AttendanceSystem\src\AttendanceSystem.API\Controllers\EnterpriseApiControllers.cs(284,22): warning CS1591: Missing XML comment for publicly visible type or member 'GeofenceEventResponseDto.GeofenceEventResponseDto(Guid, string, DateTime)' [C:\Users\HP\AttendanceSystem\src\AttendanceSystem.API\AttendanceSystem.API.csproj]
C:\Users\HP\AttendanceSystem\src\AttendanceSystem.API\Controllers\EnterpriseApiControllers.cs(284,52): warning CS1591: Missing XML comment for publicly visible type or member 'GeofenceEventResponseDto.Id' [C:\Users\HP\AttendanceSystem\src\AttendanceSystem.API\AttendanceSystem.API.csproj]
C:\Users\HP\AttendanceSystem\src\AttendanceSystem.API\Controllers\EnterpriseApiControllers.cs(284,63): warning CS1591: Missing XML comment for publicly visible type or member 'GeofenceEventResponseDto.EventType' [C:\Users\HP\AttendanceSystem\src\AttendanceSystem.API\AttendanceSystem.API.csproj]
C:\Users\HP\AttendanceSystem\src\AttendanceSystem.API\Controllers\EnterpriseApiControllers.cs(284,83): warning CS1591: Missing XML comment for publicly visible type or member 'GeofenceEventResponseDto.CreatedAt' [C:\Users\HP\AttendanceSystem\src\AttendanceSystem.API\AttendanceSystem.API.csproj]
C:\Users\HP\AttendanceSystem\src\AttendanceSystem.API\Controllers\EnterpriseApiControllers.cs(289,21): warning CS1591: Missing XML comment for publicly visible type or member 'DashboardController' [C:\Users\HP\AttendanceSystem\src\AttendanceSystem.API\AttendanceSystem.API.csproj]
C:\Users\HP\AttendanceSystem\src\AttendanceSystem.API\Controllers\EnterpriseApiControllers.cs(292,26): warning CS1591: Missing XML comment for publicly visible type or member 'DashboardController.Summary(DashboardQueryDto)' [C:\Users\HP\AttendanceSystem\src\AttendanceSystem.API\AttendanceSystem.API.csproj]
C:\Users\HP\AttendanceSystem\src\AttendanceSystem.API\Controllers\EnterpriseApiControllers.cs(296,26): warning CS1591: Missing XML comment for publicly visible type or member 'DashboardController.RecentActivities(RecentActivityQueryDto)' [C:\Users\HP\AttendanceSystem\src\AttendanceSystem.API\AttendanceSystem.API.csproj]
C:\Users\HP\AttendanceSystem\src\AttendanceSystem.API\Controllers\EnterpriseApiControllers.cs(300,26): warning CS1591: Missing XML comment for publicly visible type or member 'DashboardController.AttendanceTrends(DateRangeQueryDto)' [C:\Users\HP\AttendanceSystem\src\AttendanceSystem.API\AttendanceSystem.API.csproj]
C:\Users\HP\AttendanceSystem\src\AttendanceSystem.API\Controllers\EnterpriseApiControllers.cs(304,26): warning CS1591: Missing XML comment for publicly visible type or member 'DashboardController.DepartmentStatistics(DateRangeQueryDto)' [C:\Users\HP\AttendanceSystem\src\AttendanceSystem.API\AttendanceSystem.API.csproj]
C:\Users\HP\AttendanceSystem\src\AttendanceSystem.API\Controllers\EnterpriseApiControllers.cs(308,26): warning CS1591: Missing XML comment for publicly visible type or member 'DashboardController.EmployeeStatistics(EmployeeStatsQueryDto)' [C:\Users\HP\AttendanceSystem\src\AttendanceSystem.API\AttendanceSystem.API.csproj]
C:\Users\HP\AttendanceSystem\src\AttendanceSystem.API\Controllers\EnterpriseApiControllers.cs(312,22): warning CS1591: Missing XML comment for publicly visible type or member 'DashboardQueryDto' [C:\Users\HP\AttendanceSystem\src\AttendanceSystem.API\AttendanceSystem.API.csproj]
C:\Users\HP\AttendanceSystem\src\AttendanceSystem.API\Controllers\EnterpriseApiControllers.cs(312,22): warning CS1591: Missing XML comment for publicly visible type or member 'DashboardQueryDto.DashboardQueryDto(DateOnly?, Guid?)' [C:\Users\HP\AttendanceSystem\src\AttendanceSystem.API\AttendanceSystem.API.csproj]
C:\Users\HP\AttendanceSystem\src\AttendanceSystem.API\Controllers\EnterpriseApiControllers.cs(312,50): warning CS1591: Missing XML comment for publicly visible type or member 'DashboardQueryDto.Date' [C:\Users\HP\AttendanceSystem\src\AttendanceSystem.API\AttendanceSystem.API.csproj]
C:\Users\HP\AttendanceSystem\src\AttendanceSystem.API\Controllers\EnterpriseApiControllers.cs(312,62): warning CS1591: Missing XML comment for publicly visible type or member 'DashboardQueryDto.DepartmentId' [C:\Users\HP\AttendanceSystem\src\AttendanceSystem.API\AttendanceSystem.API.csproj]
C:\Users\HP\AttendanceSystem\src\AttendanceSystem.API\Controllers\EnterpriseApiControllers.cs(313,22): warning CS1591: Missing XML comment for publicly visible type or member 'RecentActivityQueryDto' [C:\Users\HP\AttendanceSystem\src\AttendanceSystem.API\AttendanceSystem.API.csproj]
C:\Users\HP\AttendanceSystem\src\AttendanceSystem.API\Controllers\EnterpriseApiControllers.cs(313,22): warning CS1591: Missing XML comment for publicly visible type or member 'RecentActivityQueryDto.RecentActivityQueryDto(int, int)' [C:\Users\HP\AttendanceSystem\src\AttendanceSystem.API\AttendanceSystem.API.csproj]
C:\Users\HP\AttendanceSystem\src\AttendanceSystem.API\Controllers\EnterpriseApiControllers.cs(313,49): warning CS1591: Missing XML comment for publicly visible type or member 'RecentActivityQueryDto.PageNumber' [C:\Users\HP\AttendanceSystem\src\AttendanceSystem.API\AttendanceSystem.API.csproj]
C:\Users\HP\AttendanceSystem\src\AttendanceSystem.API\Controllers\EnterpriseApiControllers.cs(313,69): warning CS1591: Missing XML comment for publicly visible type or member 'RecentActivityQueryDto.PageSize' [C:\Users\HP\AttendanceSystem\src\AttendanceSystem.API\AttendanceSystem.API.csproj]
C:\Users\HP\AttendanceSystem\src\AttendanceSystem.API\Controllers\EnterpriseApiControllers.cs(314,22): warning CS1591: Missing XML comment for publicly visible type or member 'EmployeeStatsQueryDto' [C:\Users\HP\AttendanceSystem\src\AttendanceSystem.API\AttendanceSystem.API.csproj]
C:\Users\HP\AttendanceSystem\src\AttendanceSystem.API\Controllers\EnterpriseApiControllers.cs(314,22): warning CS1591: Missing XML comment for publicly visible type or member 'EmployeeStatsQueryDto.EmployeeStatsQueryDto(Guid?, DateOnly?, DateOnly?, int, int)' [C:\Users\HP\AttendanceSystem\src\AttendanceSystem.API\AttendanceSystem.API.csproj]
C:\Users\HP\AttendanceSystem\src\AttendanceSystem.API\Controllers\EnterpriseApiControllers.cs(314,50): warning CS1591: Missing XML comment for publicly visible type or member 'EmployeeStatsQueryDto.DepartmentId' [C:\Users\HP\AttendanceSystem\src\AttendanceSystem.API\AttendanceSystem.API.csproj]
C:\Users\HP\AttendanceSystem\src\AttendanceSystem.API\Controllers\EnterpriseApiControllers.cs(314,74): warning CS1591: Missing XML comment for publicly visible type or member 'EmployeeStatsQueryDto.From' [C:\Users\HP\AttendanceSystem\src\AttendanceSystem.API\AttendanceSystem.API.csproj]
C:\Users\HP\AttendanceSystem\src\AttendanceSystem.API\Controllers\EnterpriseApiControllers.cs(314,90): warning CS1591: Missing XML comment for publicly visible type or member 'EmployeeStatsQueryDto.To' [C:\Users\HP\AttendanceSystem\src\AttendanceSystem.API\AttendanceSystem.API.csproj]
C:\Users\HP\AttendanceSystem\src\AttendanceSystem.API\Controllers\EnterpriseApiControllers.cs(314,98): warning CS1591: Missing XML comment for publicly visible type or member 'EmployeeStatsQueryDto.PageNumber' [C:\Users\HP\AttendanceSystem\src\AttendanceSystem.API\AttendanceSystem.API.csproj]
C:\Users\HP\AttendanceSystem\src\AttendanceSystem.API\Controllers\EnterpriseApiControllers.cs(314,118): warning CS1591: Missing XML comment for publicly visible type or member 'EmployeeStatsQueryDto.PageSize' [C:\Users\HP\AttendanceSystem\src\AttendanceSystem.API\AttendanceSystem.API.csproj]
C:\Users\HP\AttendanceSystem\src\AttendanceSystem.API\Controllers\EnterpriseApiControllers.cs(315,22): warning CS1591: Missing XML comment for publicly visible type or member 'DashboardSummaryResponseDto' [C:\Users\HP\AttendanceSystem\src\AttendanceSystem.API\AttendanceSystem.API.csproj]
C:\Users\HP\AttendanceSystem\src\AttendanceSystem.API\Controllers\EnterpriseApiControllers.cs(315,22): warning CS1591: Missing XML comment for publicly visible type or member 'DashboardSummaryResponseDto.DashboardSummaryResponseDto(int, int, int, int, int, int)' [C:\Users\HP\AttendanceSystem\src\AttendanceSystem.API\AttendanceSystem.API.csproj]
C:\Users\HP\AttendanceSystem\src\AttendanceSystem.API\Controllers\EnterpriseApiControllers.cs(315,54): warning CS1591: Missing XML comment for publicly visible type or member 'DashboardSummaryResponseDto.TotalEmployees' [C:\Users\HP\AttendanceSystem\src\AttendanceSystem.API\AttendanceSystem.API.csproj]
C:\Users\HP\AttendanceSystem\src\AttendanceSystem.API\Controllers\EnterpriseApiControllers.cs(315,74): warning CS1591: Missing XML comment for publicly visible type or member 'DashboardSummaryResponseDto.PresentToday' [C:\Users\HP\AttendanceSystem\src\AttendanceSystem.API\AttendanceSystem.API.csproj]
C:\Users\HP\AttendanceSystem\src\AttendanceSystem.API\Controllers\EnterpriseApiControllers.cs(315,92): warning CS1591: Missing XML comment for publicly visible type or member 'DashboardSummaryResponseDto.AbsentToday' [C:\Users\HP\AttendanceSystem\src\AttendanceSystem.API\AttendanceSystem.API.csproj]
C:\Users\HP\AttendanceSystem\src\AttendanceSystem.API\Controllers\EnterpriseApiControllers.cs(315,109): warning CS1591: Missing XML comment for publicly visible type or member 'DashboardSummaryResponseDto.LateToday' [C:\Users\HP\AttendanceSystem\src\AttendanceSystem.API\AttendanceSystem.API.csproj]
C:\Users\HP\AttendanceSystem\src\AttendanceSystem.API\Controllers\EnterpriseApiControllers.cs(315,124): warning CS1591: Missing XML comment for publicly visible type or member 'DashboardSummaryResponseDto.OnLeaveToday' [C:\Users\HP\AttendanceSystem\src\AttendanceSystem.API\AttendanceSystem.API.csproj]
C:\Users\HP\AttendanceSystem\src\AttendanceSystem.API\Controllers\EnterpriseApiControllers.cs(315,142): warning CS1591: Missing XML comment for publicly visible type or member 'DashboardSummaryResponseDto.PendingApprovals' [C:\Users\HP\AttendanceSystem\src\AttendanceSystem.API\AttendanceSystem.API.csproj]
C:\Users\HP\AttendanceSystem\src\AttendanceSystem.API\Controllers\EnterpriseApiControllers.cs(316,22): warning CS1591: Missing XML comment for publicly visible type or member 'RecentActivityResponseDto' [C:\Users\HP\AttendanceSystem\src\AttendanceSystem.API\AttendanceSystem.API.csproj]
C:\Users\HP\AttendanceSystem\src\AttendanceSystem.API\Controllers\EnterpriseApiControllers.cs(316,22): warning CS1591: Missing XML comment for publicly visible type or member 'RecentActivityResponseDto.RecentActivityResponseDto(Guid, string, string, string, DateTime)' [C:\Users\HP\AttendanceSystem\src\AttendanceSystem.API\AttendanceSystem.API.csproj]
C:\Users\HP\AttendanceSystem\src\AttendanceSystem.API\Controllers\EnterpriseApiControllers.cs(316,53): warning CS1591: Missing XML comment for publicly visible type or member 'RecentActivityResponseDto.Id' [C:\Users\HP\AttendanceSystem\src\AttendanceSystem.API\AttendanceSystem.API.csproj]
C:\Users\HP\AttendanceSystem\src\AttendanceSystem.API\Controllers\EnterpriseApiControllers.cs(316,64): warning CS1591: Missing XML comment for publicly visible type or member 'RecentActivityResponseDto.Type' [C:\Users\HP\AttendanceSystem\src\AttendanceSystem.API\AttendanceSystem.API.csproj]
C:\Users\HP\AttendanceSystem\src\AttendanceSystem.API\Controllers\EnterpriseApiControllers.cs(316,77): warning CS1591: Missing XML comment for publicly visible type or member 'RecentActivityResponseDto.Title' [C:\Users\HP\AttendanceSystem\src\AttendanceSystem.API\AttendanceSystem.API.csproj]
C:\Users\HP\AttendanceSystem\src\AttendanceSystem.API\Controllers\EnterpriseApiControllers.cs(316,91): warning CS1591: Missing XML comment for publicly visible type or member 'RecentActivityResponseDto.Description' [C:\Users\HP\AttendanceSystem\src\AttendanceSystem.API\AttendanceSystem.API.csproj]
C:\Users\HP\AttendanceSystem\src\AttendanceSystem.API\Controllers\EnterpriseApiControllers.cs(316,113): warning CS1591: Missing XML comment for publicly visible type or member 'RecentActivityResponseDto.CreatedAt' [C:\Users\HP\AttendanceSystem\src\AttendanceSystem.API\AttendanceSystem.API.csproj]
C:\Users\HP\AttendanceSystem\src\AttendanceSystem.API\Controllers\EnterpriseApiControllers.cs(317,22): warning CS1591: Missing XML comment for publicly visible type or member 'AttendanceTrendResponseDto' [C:\Users\HP\AttendanceSystem\src\AttendanceSystem.API\AttendanceSystem.API.csproj]
C:\Users\HP\AttendanceSystem\src\AttendanceSystem.API\Controllers\EnterpriseApiControllers.cs(317,22): warning CS1591: Missing XML comment for publicly visible type or member 'AttendanceTrendResponseDto.AttendanceTrendResponseDto(IReadOnlyList<string>, IReadOnlyList<int>, IReadOnlyList<int>, IReadOnlyList<int>)' [C:\Users\HP\AttendanceSystem\src\AttendanceSystem.API\AttendanceSystem.API.csproj]
C:\Users\HP\AttendanceSystem\src\AttendanceSystem.API\Controllers\EnterpriseApiControllers.cs(317,71): warning CS1591: Missing XML comment for publicly visible type or member 'AttendanceTrendResponseDto.Labels' [C:\Users\HP\AttendanceSystem\src\AttendanceSystem.API\AttendanceSystem.API.csproj]
C:\Users\HP\AttendanceSystem\src\AttendanceSystem.API\Controllers\EnterpriseApiControllers.cs(317,98): warning CS1591: Missing XML comment for publicly visible type or member 'AttendanceTrendResponseDto.PresentCounts' [C:\Users\HP\AttendanceSystem\src\AttendanceSystem.API\AttendanceSystem.API.csproj]
C:\Users\HP\AttendanceSystem\src\AttendanceSystem.API\Controllers\EnterpriseApiControllers.cs(317,132): warning CS1591: Missing XML comment for publicly visible type or member 'AttendanceTrendResponseDto.AbsentCounts' [C:\Users\HP\AttendanceSystem\src\AttendanceSystem.API\AttendanceSystem.API.csproj]
C:\Users\HP\AttendanceSystem\src\AttendanceSystem.API\Controllers\EnterpriseApiControllers.cs(317,165): warning CS1591: Missing XML comment for publicly visible type or member 'AttendanceTrendResponseDto.LateCounts' [C:\Users\HP\AttendanceSystem\src\AttendanceSystem.API\AttendanceSystem.API.csproj]
C:\Users\HP\AttendanceSystem\src\AttendanceSystem.API\Controllers\EnterpriseApiControllers.cs(318,22): warning CS1591: Missing XML comment for publicly visible type or member 'DepartmentAttendanceStatsResponseDto' [C:\Users\HP\AttendanceSystem\src\AttendanceSystem.API\AttendanceSystem.API.csproj]
C:\Users\HP\AttendanceSystem\src\AttendanceSystem.API\Controllers\EnterpriseApiControllers.cs(318,22): warning CS1591: Missing XML comment for publicly visible type or member 'DepartmentAttendanceStatsResponseDto.DepartmentAttendanceStatsResponseDto(Guid, string, int, int, int)' [C:\Users\HP\AttendanceSystem\src\AttendanceSystem.API\AttendanceSystem.API.csproj]
C:\Users\HP\AttendanceSystem\src\AttendanceSystem.API\Controllers\EnterpriseApiControllers.cs(318,64): warning CS1591: Missing XML comment for publicly visible type or member 'DepartmentAttendanceStatsResponseDto.DepartmentId' [C:\Users\HP\AttendanceSystem\src\AttendanceSystem.API\AttendanceSystem.API.csproj]
C:\Users\HP\AttendanceSystem\src\AttendanceSystem.API\Controllers\EnterpriseApiControllers.cs(318,85): warning CS1591: Missing XML comment for publicly visible type or member 'DepartmentAttendanceStatsResponseDto.DepartmentName' [C:\Users\HP\AttendanceSystem\src\AttendanceSystem.API\AttendanceSystem.API.csproj]
C:\Users\HP\AttendanceSystem\src\AttendanceSystem.API\Controllers\EnterpriseApiControllers.cs(318,105): warning CS1591: Missing XML comment for publicly visible type or member 'DepartmentAttendanceStatsResponseDto.Present' [C:\Users\HP\AttendanceSystem\src\AttendanceSystem.API\AttendanceSystem.API.csproj]
C:\Users\HP\AttendanceSystem\src\AttendanceSystem.API\Controllers\EnterpriseApiControllers.cs(318,118): warning CS1591: Missing XML comment for publicly visible type or member 'DepartmentAttendanceStatsResponseDto.Absent' [C:\Users\HP\AttendanceSystem\src\AttendanceSystem.API\AttendanceSystem.API.csproj]
C:\Users\HP\AttendanceSystem\src\AttendanceSystem.API\Controllers\EnterpriseApiControllers.cs(318,130): warning CS1591: Missing XML comment for publicly visible type or member 'DepartmentAttendanceStatsResponseDto.Late' [C:\Users\HP\AttendanceSystem\src\AttendanceSystem.API\AttendanceSystem.API.csproj]
C:\Users\HP\AttendanceSystem\src\AttendanceSystem.API\Controllers\EnterpriseApiControllers.cs(319,22): warning CS1591: Missing XML comment for publicly visible type or member 'EmployeeAttendanceStatsResponseDto' [C:\Users\HP\AttendanceSystem\src\AttendanceSystem.API\AttendanceSystem.API.csproj]
C:\Users\HP\AttendanceSystem\src\AttendanceSystem.API\Controllers\EnterpriseApiControllers.cs(319,22): warning CS1591: Missing XML comment for publicly visible type or member 'EmployeeAttendanceStatsResponseDto.EmployeeAttendanceStatsResponseDto(Guid, string, int, int, int, decimal)' [C:\Users\HP\AttendanceSystem\src\AttendanceSystem.API\AttendanceSystem.API.csproj]
C:\Users\HP\AttendanceSystem\src\AttendanceSystem.API\Controllers\EnterpriseApiControllers.cs(319,62): warning CS1591: Missing XML comment for publicly visible type or member 'EmployeeAttendanceStatsResponseDto.EmployeeId' [C:\Users\HP\AttendanceSystem\src\AttendanceSystem.API\AttendanceSystem.API.csproj]
C:\Users\HP\AttendanceSystem\src\AttendanceSystem.API\Controllers\EnterpriseApiControllers.cs(319,81): warning CS1591: Missing XML comment for publicly visible type or member 'EmployeeAttendanceStatsResponseDto.EmployeeName' [C:\Users\HP\AttendanceSystem\src\AttendanceSystem.API\AttendanceSystem.API.csproj]
C:\Users\HP\AttendanceSystem\src\AttendanceSystem.API\Controllers\EnterpriseApiControllers.cs(319,99): warning CS1591: Missing XML comment for publicly visible type or member 'EmployeeAttendanceStatsResponseDto.Present' [C:\Users\HP\AttendanceSystem\src\AttendanceSystem.API\AttendanceSystem.API.csproj]
C:\Users\HP\AttendanceSystem\src\AttendanceSystem.API\Controllers\EnterpriseApiControllers.cs(319,112): warning CS1591: Missing XML comment for publicly visible type or member 'EmployeeAttendanceStatsResponseDto.Absent' [C:\Users\HP\AttendanceSystem\src\AttendanceSystem.API\AttendanceSystem.API.csproj]
C:\Users\HP\AttendanceSystem\src\AttendanceSystem.API\Controllers\EnterpriseApiControllers.cs(319,124): warning CS1591: Missing XML comment for publicly visible type or member 'EmployeeAttendanceStatsResponseDto.Late' [C:\Users\HP\AttendanceSystem\src\AttendanceSystem.API\AttendanceSystem.API.csproj]
C:\Users\HP\AttendanceSystem\src\AttendanceSystem.API\Controllers\EnterpriseApiControllers.cs(319,138): warning CS1591: Missing XML comment for publicly visible type or member 'EmployeeAttendanceStatsResponseDto.OvertimeHours' [C:\Users\HP\AttendanceSystem\src\AttendanceSystem.API\AttendanceSystem.API.csproj]
C:\Users\HP\AttendanceSystem\src\AttendanceSystem.API\Controllers\EnterpriseApiControllers.cs(324,21): warning CS1591: Missing XML comment for publicly visible type or member 'LeavesV1Controller' [C:\Users\HP\AttendanceSystem\src\AttendanceSystem.API\AttendanceSystem.API.csproj]
C:\Users\HP\AttendanceSystem\src\AttendanceSystem.API\Controllers\EnterpriseApiControllers.cs(327,26): warning CS1591: Missing XML comment for publicly visible type or member 'LeavesV1Controller.Create(CreateLeaveRequestDto)' [C:\Users\HP\AttendanceSystem\src\AttendanceSystem.API\AttendanceSystem.API.csproj]
C:\Users\HP\AttendanceSystem\src\AttendanceSystem.API\Controllers\EnterpriseApiControllers.cs(331,26): warning CS1591: Missing XML comment for publicly visible type or member 'LeavesV1Controller.History(DateRangeQueryDto)' [C:\Users\HP\AttendanceSystem\src\AttendanceSystem.API\AttendanceSystem.API.csproj]
C:\Users\HP\AttendanceSystem\src\AttendanceSystem.API\Controllers\EnterpriseApiControllers.cs(336,26): warning CS1591: Missing XML comment for publicly visible type or member 'LeavesV1Controller.Approve(Guid, ApprovalRequestDto)' [C:\Users\HP\AttendanceSystem\src\AttendanceSystem.API\AttendanceSystem.API.csproj]
C:\Users\HP\AttendanceSystem\src\AttendanceSystem.API\Controllers\EnterpriseApiControllers.cs(341,26): warning CS1591: Missing XML comment for publicly visible type or member 'LeavesV1Controller.Reject(Guid, RejectionRequestDto)' [C:\Users\HP\AttendanceSystem\src\AttendanceSystem.API\AttendanceSystem.API.csproj]
C:\Users\HP\AttendanceSystem\src\AttendanceSystem.API\Controllers\EnterpriseApiControllers.cs(346,26): warning CS1591: Missing XML comment for publicly visible type or member 'LeavesV1Controller.List(LeaveQueryDto)' [C:\Users\HP\AttendanceSystem\src\AttendanceSystem.API\AttendanceSystem.API.csproj]
C:\Users\HP\AttendanceSystem\src\AttendanceSystem.API\Controllers\EnterpriseApiControllers.cs(350,26): warning CS1591: Missing XML comment for publicly visible type or member 'LeavesV1Controller.Statistics(DateRangeQueryDto)' [C:\Users\HP\AttendanceSystem\src\AttendanceSystem.API\AttendanceSystem.API.csproj]
C:\Users\HP\AttendanceSystem\src\AttendanceSystem.API\Controllers\EnterpriseApiControllers.cs(354,22): warning CS1591: Missing XML comment for publicly visible type or member 'CreateLeaveRequestDto' [C:\Users\HP\AttendanceSystem\src\AttendanceSystem.API\AttendanceSystem.API.csproj]
C:\Users\HP\AttendanceSystem\src\AttendanceSystem.API\Controllers\EnterpriseApiControllers.cs(354,22): warning CS1591: Missing XML comment for publicly visible type or member 'CreateLeaveRequestDto.CreateLeaveRequestDto(Guid, DateOnly, DateOnly, bool, string)' [C:\Users\HP\AttendanceSystem\src\AttendanceSystem.API\AttendanceSystem.API.csproj]
C:\Users\HP\AttendanceSystem\src\AttendanceSystem.API\Controllers\EnterpriseApiControllers.cs(354,49): warning CS1591: Missing XML comment for publicly visible type or member 'CreateLeaveRequestDto.LeaveTypeId' [C:\Users\HP\AttendanceSystem\src\AttendanceSystem.API\AttendanceSystem.API.csproj]
C:\Users\HP\AttendanceSystem\src\AttendanceSystem.API\Controllers\EnterpriseApiControllers.cs(354,71): warning CS1591: Missing XML comment for publicly visible type or member 'CreateLeaveRequestDto.StartDate' [C:\Users\HP\AttendanceSystem\src\AttendanceSystem.API\AttendanceSystem.API.csproj]
C:\Users\HP\AttendanceSystem\src\AttendanceSystem.API\Controllers\EnterpriseApiControllers.cs(354,91): warning CS1591: Missing XML comment for publicly visible type or member 'CreateLeaveRequestDto.EndDate' [C:\Users\HP\AttendanceSystem\src\AttendanceSystem.API\AttendanceSystem.API.csproj]
C:\Users\HP\AttendanceSystem\src\AttendanceSystem.API\Controllers\EnterpriseApiControllers.cs(354,105): warning CS1591: Missing XML comment for publicly visible type or member 'CreateLeaveRequestDto.IsHalfDay' [C:\Users\HP\AttendanceSystem\src\AttendanceSystem.API\AttendanceSystem.API.csproj]
C:\Users\HP\AttendanceSystem\src\AttendanceSystem.API\Controllers\EnterpriseApiControllers.cs(354,123): warning CS1591: Missing XML comment for publicly visible type or member 'CreateLeaveRequestDto.Reason' [C:\Users\HP\AttendanceSystem\src\AttendanceSystem.API\AttendanceSystem.API.csproj]
C:\Users\HP\AttendanceSystem\src\AttendanceSystem.API\Controllers\EnterpriseApiControllers.cs(355,22): warning CS1591: Missing XML comment for publicly visible type or member 'LeaveQueryDto' [C:\Users\HP\AttendanceSystem\src\AttendanceSystem.API\AttendanceSystem.API.csproj]
C:\Users\HP\AttendanceSystem\src\AttendanceSystem.API\Controllers\EnterpriseApiControllers.cs(355,22): warning CS1591: Missing XML comment for publicly visible type or member 'LeaveQueryDto.LeaveQueryDto(string?, Guid?, Guid?, int, int)' [C:\Users\HP\AttendanceSystem\src\AttendanceSystem.API\AttendanceSystem.API.csproj]
C:\Users\HP\AttendanceSystem\src\AttendanceSystem.API\Controllers\EnterpriseApiControllers.cs(355,44): warning CS1591: Missing XML comment for publicly visible type or member 'LeaveQueryDto.Status' [C:\Users\HP\AttendanceSystem\src\AttendanceSystem.API\AttendanceSystem.API.csproj]
C:\Users\HP\AttendanceSystem\src\AttendanceSystem.API\Controllers\EnterpriseApiControllers.cs(355,58): warning CS1591: Missing XML comment for publicly visible type or member 'LeaveQueryDto.EmployeeId' [C:\Users\HP\AttendanceSystem\src\AttendanceSystem.API\AttendanceSystem.API.csproj]
C:\Users\HP\AttendanceSystem\src\AttendanceSystem.API\Controllers\EnterpriseApiControllers.cs(355,76): warning CS1591: Missing XML comment for publicly visible type or member 'LeaveQueryDto.LeaveTypeId' [C:\Users\HP\AttendanceSystem\src\AttendanceSystem.API\AttendanceSystem.API.csproj]
C:\Users\HP\AttendanceSystem\src\AttendanceSystem.API\Controllers\EnterpriseApiControllers.cs(355,93): warning CS1591: Missing XML comment for publicly visible type or member 'LeaveQueryDto.PageNumber' [C:\Users\HP\AttendanceSystem\src\AttendanceSystem.API\AttendanceSystem.API.csproj]
C:\Users\HP\AttendanceSystem\src\AttendanceSystem.API\Controllers\EnterpriseApiControllers.cs(355,113): warning CS1591: Missing XML comment for publicly visible type or member 'LeaveQueryDto.PageSize' [C:\Users\HP\AttendanceSystem\src\AttendanceSystem.API\AttendanceSystem.API.csproj]
C:\Users\HP\AttendanceSystem\src\AttendanceSystem.API\Controllers\EnterpriseApiControllers.cs(356,22): warning CS1591: Missing XML comment for publicly visible type or member 'LeaveRequestResponseDto' [C:\Users\HP\AttendanceSystem\src\AttendanceSystem.API\AttendanceSystem.API.csproj]
C:\Users\HP\AttendanceSystem\src\AttendanceSystem.API\Controllers\EnterpriseApiControllers.cs(356,22): warning CS1591: Missing XML comment for publicly visible type or member 'LeaveRequestResponseDto.LeaveRequestResponseDto(Guid, Guid, string, DateOnly, DateOnly, decimal, string, string)' [C:\Users\HP\AttendanceSystem\src\AttendanceSystem.API\AttendanceSystem.API.csproj]
C:\Users\HP\AttendanceSystem\src\AttendanceSystem.API\Controllers\EnterpriseApiControllers.cs(356,51): warning CS1591: Missing XML comment for publicly visible type or member 'LeaveRequestResponseDto.Id' [C:\Users\HP\AttendanceSystem\src\AttendanceSystem.API\AttendanceSystem.API.csproj]
C:\Users\HP\AttendanceSystem\src\AttendanceSystem.API\Controllers\EnterpriseApiControllers.cs(356,60): warning CS1591: Missing XML comment for publicly visible type or member 'LeaveRequestResponseDto.EmployeeId' [C:\Users\HP\AttendanceSystem\src\AttendanceSystem.API\AttendanceSystem.API.csproj]
C:\Users\HP\AttendanceSystem\src\AttendanceSystem.API\Controllers\EnterpriseApiControllers.cs(356,79): warning CS1591: Missing XML comment for publicly visible type or member 'LeaveRequestResponseDto.LeaveType' [C:\Users\HP\AttendanceSystem\src\AttendanceSystem.API\AttendanceSystem.API.csproj]
C:\Users\HP\AttendanceSystem\src\AttendanceSystem.API\Controllers\EnterpriseApiControllers.cs(356,99): warning CS1591: Missing XML comment for publicly visible type or member 'LeaveRequestResponseDto.StartDate' [C:\Users\HP\AttendanceSystem\src\AttendanceSystem.API\AttendanceSystem.API.csproj]
C:\Users\HP\AttendanceSystem\src\AttendanceSystem.API\Controllers\EnterpriseApiControllers.cs(356,119): warning CS1591: Missing XML comment for publicly visible type or member 'LeaveRequestResponseDto.EndDate' [C:\Users\HP\AttendanceSystem\src\AttendanceSystem.API\AttendanceSystem.API.csproj]
C:\Users\HP\AttendanceSystem\src\AttendanceSystem.API\Controllers\EnterpriseApiControllers.cs(356,136): warning CS1591: Missing XML comment for publicly visible type or member 'LeaveRequestResponseDto.TotalDays' [C:\Users\HP\AttendanceSystem\src\AttendanceSystem.API\AttendanceSystem.API.csproj]
C:\Users\HP\AttendanceSystem\src\AttendanceSystem.API\Controllers\EnterpriseApiControllers.cs(356,154): warning CS1591: Missing XML comment for publicly visible type or member 'LeaveRequestResponseDto.Status' [C:\Users\HP\AttendanceSystem\src\AttendanceSystem.API\AttendanceSystem.API.csproj]
C:\Users\HP\AttendanceSystem\src\AttendanceSystem.API\Controllers\EnterpriseApiControllers.cs(356,169): warning CS1591: Missing XML comment for publicly visible type or member 'LeaveRequestResponseDto.Reason' [C:\Users\HP\AttendanceSystem\src\AttendanceSystem.API\AttendanceSystem.API.csproj]
C:\Users\HP\AttendanceSystem\src\AttendanceSystem.API\Controllers\EnterpriseApiControllers.cs(357,22): warning CS1591: Missing XML comment for publicly visible type or member 'LeaveStatisticsResponseDto' [C:\Users\HP\AttendanceSystem\src\AttendanceSystem.API\AttendanceSystem.API.csproj]
C:\Users\HP\AttendanceSystem\src\AttendanceSystem.API\Controllers\EnterpriseApiControllers.cs(357,22): warning CS1591: Missing XML comment for publicly visible type or member 'LeaveStatisticsResponseDto.LeaveStatisticsResponseDto(decimal, decimal, decimal, int)' [C:\Users\HP\AttendanceSystem\src\AttendanceSystem.API\AttendanceSystem.API.csproj]
C:\Users\HP\AttendanceSystem\src\AttendanceSystem.API\Controllers\EnterpriseApiControllers.cs(357,57): warning CS1591: Missing XML comment for publicly visible type or member 'LeaveStatisticsResponseDto.TotalAllocated' [C:\Users\HP\AttendanceSystem\src\AttendanceSystem.API\AttendanceSystem.API.csproj]
C:\Users\HP\AttendanceSystem\src\AttendanceSystem.API\Controllers\EnterpriseApiControllers.cs(357,81): warning CS1591: Missing XML comment for publicly visible type or member 'LeaveStatisticsResponseDto.Used' [C:\Users\HP\AttendanceSystem\src\AttendanceSystem.API\AttendanceSystem.API.csproj]
C:\Users\HP\AttendanceSystem\src\AttendanceSystem.API\Controllers\EnterpriseApiControllers.cs(357,95): warning CS1591: Missing XML comment for publicly visible type or member 'LeaveStatisticsResponseDto.Remaining' [C:\Users\HP\AttendanceSystem\src\AttendanceSystem.API\AttendanceSystem.API.csproj]
C:\Users\HP\AttendanceSystem\src\AttendanceSystem.API\Controllers\EnterpriseApiControllers.cs(357,110): warning CS1591: Missing XML comment for publicly visible type or member 'LeaveStatisticsResponseDto.PendingRequests' [C:\Users\HP\AttendanceSystem\src\AttendanceSystem.API\AttendanceSystem.API.csproj]
C:\Users\HP\AttendanceSystem\src\AttendanceSystem.API\Controllers\EnterpriseApiControllers.cs(362,21): warning CS1591: Missing XML comment for publicly visible type or member 'ReportsController' [C:\Users\HP\AttendanceSystem\src\AttendanceSystem.API\AttendanceSystem.API.csproj]
C:\Users\HP\AttendanceSystem\src\AttendanceSystem.API\Controllers\EnterpriseApiControllers.cs(365,26): warning CS1591: Missing XML comment for publicly visible type or member 'ReportsController.Attendance(FileExportQueryDto)' [C:\Users\HP\AttendanceSystem\src\AttendanceSystem.API\AttendanceSystem.API.csproj]
C:\Users\HP\AttendanceSystem\src\AttendanceSystem.API\Controllers\EnterpriseApiControllers.cs(370,26): warning CS1591: Missing XML comment for publicly visible type or member 'ReportsController.Employees(EmployeeReportQueryDto)' [C:\Users\HP\AttendanceSystem\src\AttendanceSystem.API\AttendanceSystem.API.csproj]
C:\Users\HP\AttendanceSystem\src\AttendanceSystem.API\Controllers\EnterpriseApiControllers.cs(375,26): warning CS1591: Missing XML comment for publicly visible type or member 'ReportsController.Departments(DepartmentReportQueryDto)' [C:\Users\HP\AttendanceSystem\src\AttendanceSystem.API\AttendanceSystem.API.csproj]
C:\Users\HP\AttendanceSystem\src\AttendanceSystem.API\Controllers\EnterpriseApiControllers.cs(379,26): warning CS1591: Missing XML comment for publicly visible type or member 'ReportsController.ExportAttendanceExcel(FileExportQueryDto)' [C:\Users\HP\AttendanceSystem\src\AttendanceSystem.API\AttendanceSystem.API.csproj]
C:\Users\HP\AttendanceSystem\src\AttendanceSystem.API\Controllers\EnterpriseApiControllers.cs(383,26): warning CS1591: Missing XML comment for publicly visible type or member 'ReportsController.ExportAttendancePdf(FileExportQueryDto)' [C:\Users\HP\AttendanceSystem\src\AttendanceSystem.API\AttendanceSystem.API.csproj]
C:\Users\HP\AttendanceSystem\src\AttendanceSystem.API\Controllers\EnterpriseApiControllers.cs(388,26): warning CS1591: Missing XML comment for publicly visible type or member 'ReportsController.CreateScheduled(CreateScheduledReportRequestDto)' [C:\Users\HP\AttendanceSystem\src\AttendanceSystem.API\AttendanceSystem.API.csproj]
C:\Users\HP\AttendanceSystem\src\AttendanceSystem.API\Controllers\EnterpriseApiControllers.cs(393,26): warning CS1591: Missing XML comment for publicly visible type or member 'ReportsController.AuditLog(DateRangeQueryDto)' [C:\Users\HP\AttendanceSystem\src\AttendanceSystem.API\AttendanceSystem.API.csproj]
C:\Users\HP\AttendanceSystem\src\AttendanceSystem.API\Controllers\EnterpriseApiControllers.cs(397,22): warning CS1591: Missing XML comment for publicly visible type or member 'EmployeeReportQueryDto' [C:\Users\HP\AttendanceSystem\src\AttendanceSystem.API\AttendanceSystem.API.csproj]
C:\Users\HP\AttendanceSystem\src\AttendanceSystem.API\Controllers\EnterpriseApiControllers.cs(397,22): warning CS1591: Missing XML comment for publicly visible type or member 'EmployeeReportQueryDto.EmployeeReportQueryDto(Guid?, bool?, int, int)' [C:\Users\HP\AttendanceSystem\src\AttendanceSystem.API\AttendanceSystem.API.csproj]
C:\Users\HP\AttendanceSystem\src\AttendanceSystem.API\Controllers\EnterpriseApiControllers.cs(397,51): warning CS1591: Missing XML comment for publicly visible type or member 'EmployeeReportQueryDto.DepartmentId' [C:\Users\HP\AttendanceSystem\src\AttendanceSystem.API\AttendanceSystem.API.csproj]
C:\Users\HP\AttendanceSystem\src\AttendanceSystem.API\Controllers\EnterpriseApiControllers.cs(397,71): warning CS1591: Missing XML comment for publicly visible type or member 'EmployeeReportQueryDto.IsActive' [C:\Users\HP\AttendanceSystem\src\AttendanceSystem.API\AttendanceSystem.API.csproj]
C:\Users\HP\AttendanceSystem\src\AttendanceSystem.API\Controllers\EnterpriseApiControllers.cs(397,85): warning CS1591: Missing XML comment for publicly visible type or member 'EmployeeReportQueryDto.PageNumber' [C:\Users\HP\AttendanceSystem\src\AttendanceSystem.API\AttendanceSystem.API.csproj]
C:\Users\HP\AttendanceSystem\src\AttendanceSystem.API\Controllers\EnterpriseApiControllers.cs(397,105): warning CS1591: Missing XML comment for publicly visible type or member 'EmployeeReportQueryDto.PageSize' [C:\Users\HP\AttendanceSystem\src\AttendanceSystem.API\AttendanceSystem.API.csproj]
C:\Users\HP\AttendanceSystem\src\AttendanceSystem.API\Controllers\EnterpriseApiControllers.cs(398,22): warning CS1591: Missing XML comment for publicly visible type or member 'DepartmentReportQueryDto' [C:\Users\HP\AttendanceSystem\src\AttendanceSystem.API\AttendanceSystem.API.csproj]
C:\Users\HP\AttendanceSystem\src\AttendanceSystem.API\Controllers\EnterpriseApiControllers.cs(398,22): warning CS1591: Missing XML comment for publicly visible type or member 'DepartmentReportQueryDto.DepartmentReportQueryDto(bool?, int, int)' [C:\Users\HP\AttendanceSystem\src\AttendanceSystem.API\AttendanceSystem.API.csproj]
C:\Users\HP\AttendanceSystem\src\AttendanceSystem.API\Controllers\EnterpriseApiControllers.cs(398,53): warning CS1591: Missing XML comment for publicly visible type or member 'DepartmentReportQueryDto.IsActive' [C:\Users\HP\AttendanceSystem\src\AttendanceSystem.API\AttendanceSystem.API.csproj]
C:\Users\HP\AttendanceSystem\src\AttendanceSystem.API\Controllers\EnterpriseApiControllers.cs(398,67): warning CS1591: Missing XML comment for publicly visible type or member 'DepartmentReportQueryDto.PageNumber' [C:\Users\HP\AttendanceSystem\src\AttendanceSystem.API\AttendanceSystem.API.csproj]
C:\Users\HP\AttendanceSystem\src\AttendanceSystem.API\Controllers\EnterpriseApiControllers.cs(398,87): warning CS1591: Missing XML comment for publicly visible type or member 'DepartmentReportQueryDto.PageSize' [C:\Users\HP\AttendanceSystem\src\AttendanceSystem.API\AttendanceSystem.API.csproj]
C:\Users\HP\AttendanceSystem\src\AttendanceSystem.API\Controllers\EnterpriseApiControllers.cs(399,22): warning CS1591: Missing XML comment for publicly visible type or member 'CreateScheduledReportRequestDto' [C:\Users\HP\AttendanceSystem\src\AttendanceSystem.API\AttendanceSystem.API.csproj]
C:\Users\HP\AttendanceSystem\src\AttendanceSystem.API\Controllers\EnterpriseApiControllers.cs(399,22): warning CS1591: Missing XML comment for publicly visible type or member 'CreateScheduledReportRequestDto.CreateScheduledReportRequestDto(string, string, IReadOnlyList<string>, FileExportQueryDto)' [C:\Users\HP\AttendanceSystem\src\AttendanceSystem.API\AttendanceSystem.API.csproj]
C:\Users\HP\AttendanceSystem\src\AttendanceSystem.API\Controllers\EnterpriseApiControllers.cs(399,61): warning CS1591: Missing XML comment for publicly visible type or member 'CreateScheduledReportRequestDto.ReportType' [C:\Users\HP\AttendanceSystem\src\AttendanceSystem.API\AttendanceSystem.API.csproj]
C:\Users\HP\AttendanceSystem\src\AttendanceSystem.API\Controllers\EnterpriseApiControllers.cs(399,80): warning CS1591: Missing XML comment for publicly visible type or member 'CreateScheduledReportRequestDto.Frequency' [C:\Users\HP\AttendanceSystem\src\AttendanceSystem.API\AttendanceSystem.API.csproj]
C:\Users\HP\AttendanceSystem\src\AttendanceSystem.API\Controllers\EnterpriseApiControllers.cs(399,113): warning CS1591: Missing XML comment for publicly visible type or member 'CreateScheduledReportRequestDto.Recipients' [C:\Users\HP\AttendanceSystem\src\AttendanceSystem.API\AttendanceSystem.API.csproj]
C:\Users\HP\AttendanceSystem\src\AttendanceSystem.API\Controllers\EnterpriseApiControllers.cs(399,144): warning CS1591: Missing XML comment for publicly visible type or member 'CreateScheduledReportRequestDto.Parameters' [C:\Users\HP\AttendanceSystem\src\AttendanceSystem.API\AttendanceSystem.API.csproj]
C:\Users\HP\AttendanceSystem\src\AttendanceSystem.API\Controllers\EnterpriseApiControllers.cs(400,22): warning CS1591: Missing XML comment for publicly visible type or member 'ScheduledReportResponseDto' [C:\Users\HP\AttendanceSystem\src\AttendanceSystem.API\AttendanceSystem.API.csproj]
C:\Users\HP\AttendanceSystem\src\AttendanceSystem.API\Controllers\EnterpriseApiControllers.cs(400,22): warning CS1591: Missing XML comment for publicly visible type or member 'ScheduledReportResponseDto.ScheduledReportResponseDto(Guid, string, string, bool)' [C:\Users\HP\AttendanceSystem\src\AttendanceSystem.API\AttendanceSystem.API.csproj]
C:\Users\HP\AttendanceSystem\src\AttendanceSystem.API\Controllers\EnterpriseApiControllers.cs(400,54): warning CS1591: Missing XML comment for publicly visible type or member 'ScheduledReportResponseDto.Id' [C:\Users\HP\AttendanceSystem\src\AttendanceSystem.API\AttendanceSystem.API.csproj]
C:\Users\HP\AttendanceSystem\src\AttendanceSystem.API\Controllers\EnterpriseApiControllers.cs(400,65): warning CS1591: Missing XML comment for publicly visible type or member 'ScheduledReportResponseDto.ReportType' [C:\Users\HP\AttendanceSystem\src\AttendanceSystem.API\AttendanceSystem.API.csproj]
C:\Users\HP\AttendanceSystem\src\AttendanceSystem.API\Controllers\EnterpriseApiControllers.cs(400,84): warning CS1591: Missing XML comment for publicly visible type or member 'ScheduledReportResponseDto.Frequency' [C:\Users\HP\AttendanceSystem\src\AttendanceSystem.API\AttendanceSystem.API.csproj]
C:\Users\HP\AttendanceSystem\src\AttendanceSystem.API\Controllers\EnterpriseApiControllers.cs(400,100): warning CS1591: Missing XML comment for publicly visible type or member 'ScheduledReportResponseDto.IsActive' [C:\Users\HP\AttendanceSystem\src\AttendanceSystem.API\AttendanceSystem.API.csproj]
C:\Users\HP\AttendanceSystem\src\AttendanceSystem.API\Controllers\EnterpriseApiControllers.cs(401,22): warning CS1591: Missing XML comment for publicly visible type or member 'AuditLogResponseDto' [C:\Users\HP\AttendanceSystem\src\AttendanceSystem.API\AttendanceSystem.API.csproj]
C:\Users\HP\AttendanceSystem\src\AttendanceSystem.API\Controllers\EnterpriseApiControllers.cs(401,22): warning CS1591: Missing XML comment for publicly visible type or member 'AuditLogResponseDto.AuditLogResponseDto(Guid, string, string, string, DateTime)' [C:\Users\HP\AttendanceSystem\src\AttendanceSystem.API\AttendanceSystem.API.csproj]
C:\Users\HP\AttendanceSystem\src\AttendanceSystem.API\Controllers\EnterpriseApiControllers.cs(401,47): warning CS1591: Missing XML comment for publicly visible type or member 'AuditLogResponseDto.Id' [C:\Users\HP\AttendanceSystem\src\AttendanceSystem.API\AttendanceSystem.API.csproj]
C:\Users\HP\AttendanceSystem\src\AttendanceSystem.API\Controllers\EnterpriseApiControllers.cs(401,58): warning CS1591: Missing XML comment for publicly visible type or member 'AuditLogResponseDto.Actor' [C:\Users\HP\AttendanceSystem\src\AttendanceSystem.API\AttendanceSystem.API.csproj]
C:\Users\HP\AttendanceSystem\src\AttendanceSystem.API\Controllers\EnterpriseApiControllers.cs(401,72): warning CS1591: Missing XML comment for publicly visible type or member 'AuditLogResponseDto.Action' [C:\Users\HP\AttendanceSystem\src\AttendanceSystem.API\AttendanceSystem.API.csproj]
C:\Users\HP\AttendanceSystem\src\AttendanceSystem.API\Controllers\EnterpriseApiControllers.cs(401,87): warning CS1591: Missing XML comment for publicly visible type or member 'AuditLogResponseDto.EntityName' [C:\Users\HP\AttendanceSystem\src\AttendanceSystem.API\AttendanceSystem.API.csproj]
C:\Users\HP\AttendanceSystem\src\AttendanceSystem.API\Controllers\EnterpriseApiControllers.cs(401,108): warning CS1591: Missing XML comment for publicly visible type or member 'AuditLogResponseDto.CreatedAt' [C:\Users\HP\AttendanceSystem\src\AttendanceSystem.API\AttendanceSystem.API.csproj]
C:\Users\HP\AttendanceSystem\src\AttendanceSystem.API\Controllers\EnterpriseApiControllers.cs(406,21): warning CS1591: Missing XML comment for publicly visible type or member 'NotificationsController' [C:\Users\HP\AttendanceSystem\src\AttendanceSystem.API\AttendanceSystem.API.csproj]
C:\Users\HP\AttendanceSystem\src\AttendanceSystem.API\Controllers\EnterpriseApiControllers.cs(409,26): warning CS1591: Missing XML comment for publicly visible type or member 'NotificationsController.List(NotificationQueryDto)' [C:\Users\HP\AttendanceSystem\src\AttendanceSystem.API\AttendanceSystem.API.csproj]
C:\Users\HP\AttendanceSystem\src\AttendanceSystem.API\Controllers\EnterpriseApiControllers.cs(413,26): warning CS1591: Missing XML comment for publicly visible type or member 'NotificationsController.MarkAsRead(Guid)' [C:\Users\HP\AttendanceSystem\src\AttendanceSystem.API\AttendanceSystem.API.csproj]
C:\Users\HP\AttendanceSystem\src\AttendanceSystem.API\Controllers\EnterpriseApiControllers.cs(417,26): warning CS1591: Missing XML comment for publicly visible type or member 'NotificationsController.UnreadCount()' [C:\Users\HP\AttendanceSystem\src\AttendanceSystem.API\AttendanceSystem.API.csproj]
C:\Users\HP\AttendanceSystem\src\AttendanceSystem.API\Controllers\EnterpriseApiControllers.cs(421,26): warning CS1591: Missing XML comment for publicly visible type or member 'NotificationsController.ReadAll()' [C:\Users\HP\AttendanceSystem\src\AttendanceSystem.API\AttendanceSystem.API.csproj]
C:\Users\HP\AttendanceSystem\src\AttendanceSystem.API\Controllers\EnterpriseApiControllers.cs(426,26): warning CS1591: Missing XML comment for publicly visible type or member 'NotificationsController.Broadcast(BroadcastNotificationRequestDto)' [C:\Users\HP\AttendanceSystem\src\AttendanceSystem.API\AttendanceSystem.API.csproj]
C:\Users\HP\AttendanceSystem\src\AttendanceSystem.API\Controllers\EnterpriseApiControllers.cs(430,22): warning CS1591: Missing XML comment for publicly visible type or member 'NotificationQueryDto' [C:\Users\HP\AttendanceSystem\src\AttendanceSystem.API\AttendanceSystem.API.csproj]
C:\Users\HP\AttendanceSystem\src\AttendanceSystem.API\Controllers\EnterpriseApiControllers.cs(430,22): warning CS1591: Missing XML comment for publicly visible type or member 'NotificationQueryDto.NotificationQueryDto(bool?, int, int)' [C:\Users\HP\AttendanceSystem\src\AttendanceSystem.API\AttendanceSystem.API.csproj]
C:\Users\HP\AttendanceSystem\src\AttendanceSystem.API\Controllers\EnterpriseApiControllers.cs(430,49): warning CS1591: Missing XML comment for publicly visible type or member 'NotificationQueryDto.IsRead' [C:\Users\HP\AttendanceSystem\src\AttendanceSystem.API\AttendanceSystem.API.csproj]
C:\Users\HP\AttendanceSystem\src\AttendanceSystem.API\Controllers\EnterpriseApiControllers.cs(430,61): warning CS1591: Missing XML comment for publicly visible type or member 'NotificationQueryDto.PageNumber' [C:\Users\HP\AttendanceSystem\src\AttendanceSystem.API\AttendanceSystem.API.csproj]
C:\Users\HP\AttendanceSystem\src\AttendanceSystem.API\Controllers\EnterpriseApiControllers.cs(430,81): warning CS1591: Missing XML comment for publicly visible type or member 'NotificationQueryDto.PageSize' [C:\Users\HP\AttendanceSystem\src\AttendanceSystem.API\AttendanceSystem.API.csproj]
C:\Users\HP\AttendanceSystem\src\AttendanceSystem.API\Controllers\EnterpriseApiControllers.cs(431,22): warning CS1591: Missing XML comment for publicly visible type or member 'BroadcastNotificationRequestDto' [C:\Users\HP\AttendanceSystem\src\AttendanceSystem.API\AttendanceSystem.API.csproj]
C:\Users\HP\AttendanceSystem\src\AttendanceSystem.API\Controllers\EnterpriseApiControllers.cs(431,22): warning CS1591: Missing XML comment for publicly visible type or member 'BroadcastNotificationRequestDto.BroadcastNotificationRequestDto(string, string, string, IReadOnlyList<Guid>?)' [C:\Users\HP\AttendanceSystem\src\AttendanceSystem.API\AttendanceSystem.API.csproj]
C:\Users\HP\AttendanceSystem\src\AttendanceSystem.API\Controllers\EnterpriseApiControllers.cs(431,61): warning CS1591: Missing XML comment for publicly visible type or member 'BroadcastNotificationRequestDto.Title' [C:\Users\HP\AttendanceSystem\src\AttendanceSystem.API\AttendanceSystem.API.csproj]
C:\Users\HP\AttendanceSystem\src\AttendanceSystem.API\Controllers\EnterpriseApiControllers.cs(431,75): warning CS1591: Missing XML comment for publicly visible type or member 'BroadcastNotificationRequestDto.Message' [C:\Users\HP\AttendanceSystem\src\AttendanceSystem.API\AttendanceSystem.API.csproj]
C:\Users\HP\AttendanceSystem\src\AttendanceSystem.API\Controllers\EnterpriseApiControllers.cs(431,91): warning CS1591: Missing XML comment for publicly visible type or member 'BroadcastNotificationRequestDto.Audience' [C:\Users\HP\AttendanceSystem\src\AttendanceSystem.API\AttendanceSystem.API.csproj]
C:\Users\HP\AttendanceSystem\src\AttendanceSystem.API\Controllers\EnterpriseApiControllers.cs(431,122): warning CS1591: Missing XML comment for publicly visible type or member 'BroadcastNotificationRequestDto.EmployeeIds' [C:\Users\HP\AttendanceSystem\src\AttendanceSystem.API\AttendanceSystem.API.csproj]
C:\Users\HP\AttendanceSystem\src\AttendanceSystem.API\Controllers\EnterpriseApiControllers.cs(432,22): warning CS1591: Missing XML comment for publicly visible type or member 'NotificationResponseDto' [C:\Users\HP\AttendanceSystem\src\AttendanceSystem.API\AttendanceSystem.API.csproj]
C:\Users\HP\AttendanceSystem\src\AttendanceSystem.API\Controllers\EnterpriseApiControllers.cs(432,22): warning CS1591: Missing XML comment for publicly visible type or member 'NotificationResponseDto.NotificationResponseDto(Guid, string, string, string, bool, DateTime)' [C:\Users\HP\AttendanceSystem\src\AttendanceSystem.API\AttendanceSystem.API.csproj]
C:\Users\HP\AttendanceSystem\src\AttendanceSystem.API\Controllers\EnterpriseApiControllers.cs(432,51): warning CS1591: Missing XML comment for publicly visible type or member 'NotificationResponseDto.Id' [C:\Users\HP\AttendanceSystem\src\AttendanceSystem.API\AttendanceSystem.API.csproj]
C:\Users\HP\AttendanceSystem\src\AttendanceSystem.API\Controllers\EnterpriseApiControllers.cs(432,62): warning CS1591: Missing XML comment for publicly visible type or member 'NotificationResponseDto.Title' [C:\Users\HP\AttendanceSystem\src\AttendanceSystem.API\AttendanceSystem.API.csproj]
C:\Users\HP\AttendanceSystem\src\AttendanceSystem.API\Controllers\EnterpriseApiControllers.cs(432,76): warning CS1591: Missing XML comment for publicly visible type or member 'NotificationResponseDto.Message' [C:\Users\HP\AttendanceSystem\src\AttendanceSystem.API\AttendanceSystem.API.csproj]
C:\Users\HP\AttendanceSystem\src\AttendanceSystem.API\Controllers\EnterpriseApiControllers.cs(432,92): warning CS1591: Missing XML comment for publicly visible type or member 'NotificationResponseDto.Type' [C:\Users\HP\AttendanceSystem\src\AttendanceSystem.API\AttendanceSystem.API.csproj]
C:\Users\HP\AttendanceSystem\src\AttendanceSystem.API\Controllers\EnterpriseApiControllers.cs(432,103): warning CS1591: Missing XML comment for publicly visible type or member 'NotificationResponseDto.IsRead' [C:\Users\HP\AttendanceSystem\src\AttendanceSystem.API\AttendanceSystem.API.csproj]
C:\Users\HP\AttendanceSystem\src\AttendanceSystem.API\Controllers\EnterpriseApiControllers.cs(432,120): warning CS1591: Missing XML comment for publicly visible type or member 'NotificationResponseDto.CreatedAt' [C:\Users\HP\AttendanceSystem\src\AttendanceSystem.API\AttendanceSystem.API.csproj]
C:\Users\HP\AttendanceSystem\src\AttendanceSystem.API\Controllers\EnterpriseApiControllers.cs(433,22): warning CS1591: Missing XML comment for publicly visible type or member 'UnreadNotificationCountResponseDto' [C:\Users\HP\AttendanceSystem\src\AttendanceSystem.API\AttendanceSystem.API.csproj]
C:\Users\HP\AttendanceSystem\src\AttendanceSystem.API\Controllers\EnterpriseApiControllers.cs(433,22): warning CS1591: Missing XML comment for publicly visible type or member 'UnreadNotificationCountResponseDto.UnreadNotificationCountResponseDto(int)' [C:\Users\HP\AttendanceSystem\src\AttendanceSystem.API\AttendanceSystem.API.csproj]
C:\Users\HP\AttendanceSystem\src\AttendanceSystem.API\Controllers\EnterpriseApiControllers.cs(433,61): warning CS1591: Missing XML comment for publicly visible type or member 'UnreadNotificationCountResponseDto.Count' [C:\Users\HP\AttendanceSystem\src\AttendanceSystem.API\AttendanceSystem.API.csproj]
C:\Users\HP\AttendanceSystem\src\AttendanceSystem.API\Controllers\EnterpriseApiControllers.cs(438,21): warning CS1591: Missing XML comment for publicly visible type or member 'WorkSchedulesController' [C:\Users\HP\AttendanceSystem\src\AttendanceSystem.API\AttendanceSystem.API.csproj]
C:\Users\HP\AttendanceSystem\src\AttendanceSystem.API\Controllers\EnterpriseApiControllers.cs(442,26): warning CS1591: Missing XML comment for publicly visible type or member 'WorkSchedulesController.Create(CreateWorkScheduleRequestDto)' [C:\Users\HP\AttendanceSystem\src\AttendanceSystem.API\AttendanceSystem.API.csproj]
C:\Users\HP\AttendanceSystem\src\AttendanceSystem.API\Controllers\EnterpriseApiControllers.cs(446,26): warning CS1591: Missing XML comment for publicly visible type or member 'WorkSchedulesController.List(WorkScheduleQueryDto)' [C:\Users\HP\AttendanceSystem\src\AttendanceSystem.API\AttendanceSystem.API.csproj]
C:\Users\HP\AttendanceSystem\src\AttendanceSystem.API\Controllers\EnterpriseApiControllers.cs(450,26): warning CS1591: Missing XML comment for publicly visible type or member 'WorkSchedulesController.Details(Guid)' [C:\Users\HP\AttendanceSystem\src\AttendanceSystem.API\AttendanceSystem.API.csproj]
C:\Users\HP\AttendanceSystem\src\AttendanceSystem.API\Controllers\EnterpriseApiControllers.cs(455,26): warning CS1591: Missing XML comment for publicly visible type or member 'WorkSchedulesController.Update(Guid, UpdateWorkScheduleRequestDto)' [C:\Users\HP\AttendanceSystem\src\AttendanceSystem.API\AttendanceSystem.API.csproj]
C:\Users\HP\AttendanceSystem\src\AttendanceSystem.API\Controllers\EnterpriseApiControllers.cs(460,26): warning CS1591: Missing XML comment for publicly visible type or member 'WorkSchedulesController.Delete(Guid)' [C:\Users\HP\AttendanceSystem\src\AttendanceSystem.API\AttendanceSystem.API.csproj]
C:\Users\HP\AttendanceSystem\src\AttendanceSystem.API\Controllers\EnterpriseApiControllers.cs(465,26): warning CS1591: Missing XML comment for publicly visible type or member 'WorkSchedulesController.Assign(Guid, AssignWorkScheduleRequestDto)' [C:\Users\HP\AttendanceSystem\src\AttendanceSystem.API\AttendanceSystem.API.csproj]
C:\Users\HP\AttendanceSystem\src\AttendanceSystem.API\Controllers\EnterpriseApiControllers.cs(469,26): warning CS1591: Missing XML comment for publicly visible type or member 'WorkSchedulesController.Statistics(DateRangeQueryDto)' [C:\Users\HP\AttendanceSystem\src\AttendanceSystem.API\AttendanceSystem.API.csproj]
C:\Users\HP\AttendanceSystem\src\AttendanceSystem.API\Controllers\EnterpriseApiControllers.cs(474,26): warning CS1591: Missing XML comment for publicly visible type or member 'WorkSchedulesController.BulkAssign(AssignWorkScheduleRequestDto)' [C:\Users\HP\AttendanceSystem\src\AttendanceSystem.API\AttendanceSystem.API.csproj]
C:\Users\HP\AttendanceSystem\src\AttendanceSystem.API\Controllers\EnterpriseApiControllers.cs(478,22): warning CS1591: Missing XML comment for publicly visible type or member 'CreateWorkScheduleRequestDto' [C:\Users\HP\AttendanceSystem\src\AttendanceSystem.API\AttendanceSystem.API.csproj]
C:\Users\HP\AttendanceSystem\src\AttendanceSystem.API\Controllers\EnterpriseApiControllers.cs(478,22): warning CS1591: Missing XML comment for publicly visible type or member 'CreateWorkScheduleRequestDto.CreateWorkScheduleRequestDto(string, TimeOnly, TimeOnly, TimeSpan, IReadOnlyList<DayOfWeek>, bool)' [C:\Users\HP\AttendanceSystem\src\AttendanceSystem.API\AttendanceSystem.API.csproj]
C:\Users\HP\AttendanceSystem\src\AttendanceSystem.API\Controllers\EnterpriseApiControllers.cs(478,58): warning CS1591: Missing XML comment for publicly visible type or member 'CreateWorkScheduleRequestDto.Name' [C:\Users\HP\AttendanceSystem\src\AttendanceSystem.API\AttendanceSystem.API.csproj]
C:\Users\HP\AttendanceSystem\src\AttendanceSystem.API\Controllers\EnterpriseApiControllers.cs(478,73): warning CS1591: Missing XML comment for publicly visible type or member 'CreateWorkScheduleRequestDto.StartTime' [C:\Users\HP\AttendanceSystem\src\AttendanceSystem.API\AttendanceSystem.API.csproj]
C:\Users\HP\AttendanceSystem\src\AttendanceSystem.API\Controllers\EnterpriseApiControllers.cs(478,93): warning CS1591: Missing XML comment for publicly visible type or member 'CreateWorkScheduleRequestDto.EndTime' [C:\Users\HP\AttendanceSystem\src\AttendanceSystem.API\AttendanceSystem.API.csproj]
C:\Users\HP\AttendanceSystem\src\AttendanceSystem.API\Controllers\EnterpriseApiControllers.cs(478,111): warning CS1591: Missing XML comment for publicly visible type or member 'CreateWorkScheduleRequestDto.GracePeriod' [C:\Users\HP\AttendanceSystem\src\AttendanceSystem.API\AttendanceSystem.API.csproj]
C:\Users\HP\AttendanceSystem\src\AttendanceSystem.API\Controllers\EnterpriseApiControllers.cs(478,149): warning CS1591: Missing XML comment for publicly visible type or member 'CreateWorkScheduleRequestDto.WorkingDays' [C:\Users\HP\AttendanceSystem\src\AttendanceSystem.API\AttendanceSystem.API.csproj]
C:\Users\HP\AttendanceSystem\src\AttendanceSystem.API\Controllers\EnterpriseApiControllers.cs(478,167): warning CS1591: Missing XML comment for publicly visible type or member 'CreateWorkScheduleRequestDto.IsFlexible' [C:\Users\HP\AttendanceSystem\src\AttendanceSystem.API\AttendanceSystem.API.csproj]
C:\Users\HP\AttendanceSystem\src\AttendanceSystem.API\Controllers\EnterpriseApiControllers.cs(479,22): warning CS1591: Missing XML comment for publicly visible type or member 'UpdateWorkScheduleRequestDto' [C:\Users\HP\AttendanceSystem\src\AttendanceSystem.API\AttendanceSystem.API.csproj]
C:\Users\HP\AttendanceSystem\src\AttendanceSystem.API\Controllers\EnterpriseApiControllers.cs(479,22): warning CS1591: Missing XML comment for publicly visible type or member 'UpdateWorkScheduleRequestDto.UpdateWorkScheduleRequestDto(string, TimeOnly, TimeOnly, TimeSpan, IReadOnlyList<DayOfWeek>, bool, bool)' [C:\Users\HP\AttendanceSystem\src\AttendanceSystem.API\AttendanceSystem.API.csproj]
C:\Users\HP\AttendanceSystem\src\AttendanceSystem.API\Controllers\EnterpriseApiControllers.cs(479,58): warning CS1591: Missing XML comment for publicly visible type or member 'UpdateWorkScheduleRequestDto.Name' [C:\Users\HP\AttendanceSystem\src\AttendanceSystem.API\AttendanceSystem.API.csproj]
C:\Users\HP\AttendanceSystem\src\AttendanceSystem.API\Controllers\EnterpriseApiControllers.cs(479,73): warning CS1591: Missing XML comment for publicly visible type or member 'UpdateWorkScheduleRequestDto.StartTime' [C:\Users\HP\AttendanceSystem\src\AttendanceSystem.API\AttendanceSystem.API.csproj]
C:\Users\HP\AttendanceSystem\src\AttendanceSystem.API\Controllers\EnterpriseApiControllers.cs(479,93): warning CS1591: Missing XML comment for publicly visible type or member 'UpdateWorkScheduleRequestDto.EndTime' [C:\Users\HP\AttendanceSystem\src\AttendanceSystem.API\AttendanceSystem.API.csproj]
C:\Users\HP\AttendanceSystem\src\AttendanceSystem.API\Controllers\EnterpriseApiControllers.cs(479,111): warning CS1591: Missing XML comment for publicly visible type or member 'UpdateWorkScheduleRequestDto.GracePeriod' [C:\Users\HP\AttendanceSystem\src\AttendanceSystem.API\AttendanceSystem.API.csproj]
C:\Users\HP\AttendanceSystem\src\AttendanceSystem.API\Controllers\EnterpriseApiControllers.cs(479,149): warning CS1591: Missing XML comment for publicly visible type or member 'UpdateWorkScheduleRequestDto.WorkingDays' [C:\Users\HP\AttendanceSystem\src\AttendanceSystem.API\AttendanceSystem.API.csproj]
C:\Users\HP\AttendanceSystem\src\AttendanceSystem.API\Controllers\EnterpriseApiControllers.cs(479,167): warning CS1591: Missing XML comment for publicly visible type or member 'UpdateWorkScheduleRequestDto.IsFlexible' [C:\Users\HP\AttendanceSystem\src\AttendanceSystem.API\AttendanceSystem.API.csproj]
C:\Users\HP\AttendanceSystem\src\AttendanceSystem.API\Controllers\EnterpriseApiControllers.cs(479,184): warning CS1591: Missing XML comment for publicly visible type or member 'UpdateWorkScheduleRequestDto.IsActive' [C:\Users\HP\AttendanceSystem\src\AttendanceSystem.API\AttendanceSystem.API.csproj]
C:\Users\HP\AttendanceSystem\src\AttendanceSystem.API\Controllers\EnterpriseApiControllers.cs(480,22): warning CS1591: Missing XML comment for publicly visible type or member 'AssignWorkScheduleRequestDto' [C:\Users\HP\AttendanceSystem\src\AttendanceSystem.API\AttendanceSystem.API.csproj]
C:\Users\HP\AttendanceSystem\src\AttendanceSystem.API\Controllers\EnterpriseApiControllers.cs(480,22): warning CS1591: Missing XML comment for publicly visible type or member 'AssignWorkScheduleRequestDto.AssignWorkScheduleRequestDto(Guid, IReadOnlyList<Guid>, DateOnly, DateOnly?)' [C:\Users\HP\AttendanceSystem\src\AttendanceSystem.API\AttendanceSystem.API.csproj]
C:\Users\HP\AttendanceSystem\src\AttendanceSystem.API\Controllers\EnterpriseApiControllers.cs(480,56): warning CS1591: Missing XML comment for publicly visible type or member 'AssignWorkScheduleRequestDto.WorkScheduleId' [C:\Users\HP\AttendanceSystem\src\AttendanceSystem.API\AttendanceSystem.API.csproj]
C:\Users\HP\AttendanceSystem\src\AttendanceSystem.API\Controllers\EnterpriseApiControllers.cs(480,92): warning CS1591: Missing XML comment for publicly visible type or member 'AssignWorkScheduleRequestDto.EmployeeIds' [C:\Users\HP\AttendanceSystem\src\AttendanceSystem.API\AttendanceSystem.API.csproj]
C:\Users\HP\AttendanceSystem\src\AttendanceSystem.API\Controllers\EnterpriseApiControllers.cs(480,114): warning CS1591: Missing XML comment for publicly visible type or member 'AssignWorkScheduleRequestDto.EffectiveFrom' [C:\Users\HP\AttendanceSystem\src\AttendanceSystem.API\AttendanceSystem.API.csproj]
C:\Users\HP\AttendanceSystem\src\AttendanceSystem.API\Controllers\EnterpriseApiControllers.cs(480,139): warning CS1591: Missing XML comment for publicly visible type or member 'AssignWorkScheduleRequestDto.EffectiveTo' [C:\Users\HP\AttendanceSystem\src\AttendanceSystem.API\AttendanceSystem.API.csproj]
C:\Users\HP\AttendanceSystem\src\AttendanceSystem.API\Controllers\EnterpriseApiControllers.cs(481,22): warning CS1591: Missing XML comment for publicly visible type or member 'WorkScheduleQueryDto' [C:\Users\HP\AttendanceSystem\src\AttendanceSystem.API\AttendanceSystem.API.csproj]
C:\Users\HP\AttendanceSystem\src\AttendanceSystem.API\Controllers\EnterpriseApiControllers.cs(481,22): warning CS1591: Missing XML comment for publicly visible type or member 'WorkScheduleQueryDto.WorkScheduleQueryDto(bool?, int, int)' [C:\Users\HP\AttendanceSystem\src\AttendanceSystem.API\AttendanceSystem.API.csproj]
C:\Users\HP\AttendanceSystem\src\AttendanceSystem.API\Controllers\EnterpriseApiControllers.cs(481,49): warning CS1591: Missing XML comment for publicly visible type or member 'WorkScheduleQueryDto.IsActive' [C:\Users\HP\AttendanceSystem\src\AttendanceSystem.API\AttendanceSystem.API.csproj]
C:\Users\HP\AttendanceSystem\src\AttendanceSystem.API\Controllers\EnterpriseApiControllers.cs(481,63): warning CS1591: Missing XML comment for publicly visible type or member 'WorkScheduleQueryDto.PageNumber' [C:\Users\HP\AttendanceSystem\src\AttendanceSystem.API\AttendanceSystem.API.csproj]
C:\Users\HP\AttendanceSystem\src\AttendanceSystem.API\Controllers\EnterpriseApiControllers.cs(481,83): warning CS1591: Missing XML comment for publicly visible type or member 'WorkScheduleQueryDto.PageSize' [C:\Users\HP\AttendanceSystem\src\AttendanceSystem.API\AttendanceSystem.API.csproj]
C:\Users\HP\AttendanceSystem\src\AttendanceSystem.API\Controllers\EnterpriseApiControllers.cs(482,22): warning CS1591: Missing XML comment for publicly visible type or member 'WorkScheduleResponseDto' [C:\Users\HP\AttendanceSystem\src\AttendanceSystem.API\AttendanceSystem.API.csproj]
C:\Users\HP\AttendanceSystem\src\AttendanceSystem.API\Controllers\EnterpriseApiControllers.cs(482,22): warning CS1591: Missing XML comment for publicly visible type or member 'WorkScheduleResponseDto.WorkScheduleResponseDto(Guid, string, TimeOnly, TimeOnly, TimeSpan, IReadOnlyList<DayOfWeek>, bool, bool)' [C:\Users\HP\AttendanceSystem\src\AttendanceSystem.API\AttendanceSystem.API.csproj]
C:\Users\HP\AttendanceSystem\src\AttendanceSystem.API\Controllers\EnterpriseApiControllers.cs(482,51): warning CS1591: Missing XML comment for publicly visible type or member 'WorkScheduleResponseDto.Id' [C:\Users\HP\AttendanceSystem\src\AttendanceSystem.API\AttendanceSystem.API.csproj]
C:\Users\HP\AttendanceSystem\src\AttendanceSystem.API\Controllers\EnterpriseApiControllers.cs(482,62): warning CS1591: Missing XML comment for publicly visible type or member 'WorkScheduleResponseDto.Name' [C:\Users\HP\AttendanceSystem\src\AttendanceSystem.API\AttendanceSystem.API.csproj]
C:\Users\HP\AttendanceSystem\src\AttendanceSystem.API\Controllers\EnterpriseApiControllers.cs(482,77): warning CS1591: Missing XML comment for publicly visible type or member 'WorkScheduleResponseDto.StartTime' [C:\Users\HP\AttendanceSystem\src\AttendanceSystem.API\AttendanceSystem.API.csproj]
C:\Users\HP\AttendanceSystem\src\AttendanceSystem.API\Controllers\EnterpriseApiControllers.cs(482,97): warning CS1591: Missing XML comment for publicly visible type or member 'WorkScheduleResponseDto.EndTime' [C:\Users\HP\AttendanceSystem\src\AttendanceSystem.API\AttendanceSystem.API.csproj]
C:\Users\HP\AttendanceSystem\src\AttendanceSystem.API\Controllers\EnterpriseApiControllers.cs(482,115): warning CS1591: Missing XML comment for publicly visible type or member 'WorkScheduleResponseDto.GracePeriod' [C:\Users\HP\AttendanceSystem\src\AttendanceSystem.API\AttendanceSystem.API.csproj]
C:\Users\HP\AttendanceSystem\src\AttendanceSystem.API\Controllers\EnterpriseApiControllers.cs(482,153): warning CS1591: Missing XML comment for publicly visible type or member 'WorkScheduleResponseDto.WorkingDays' [C:\Users\HP\AttendanceSystem\src\AttendanceSystem.API\AttendanceSystem.API.csproj]
C:\Users\HP\AttendanceSystem\src\AttendanceSystem.API\Controllers\EnterpriseApiControllers.cs(482,171): warning CS1591: Missing XML comment for publicly visible type or member 'WorkScheduleResponseDto.IsFlexible' [C:\Users\HP\AttendanceSystem\src\AttendanceSystem.API\AttendanceSystem.API.csproj]
C:\Users\HP\AttendanceSystem\src\AttendanceSystem.API\Controllers\EnterpriseApiControllers.cs(482,188): warning CS1591: Missing XML comment for publicly visible type or member 'WorkScheduleResponseDto.IsActive' [C:\Users\HP\AttendanceSystem\src\AttendanceSystem.API\AttendanceSystem.API.csproj]
C:\Users\HP\AttendanceSystem\src\AttendanceSystem.API\Controllers\EnterpriseApiControllers.cs(483,22): warning CS1591: Missing XML comment for publicly visible type or member 'WorkScheduleStatisticsResponseDto' [C:\Users\HP\AttendanceSystem\src\AttendanceSystem.API\AttendanceSystem.API.csproj]
C:\Users\HP\AttendanceSystem\src\AttendanceSystem.API\Controllers\EnterpriseApiControllers.cs(483,22): warning CS1591: Missing XML comment for publicly visible type or member 'WorkScheduleStatisticsResponseDto.WorkScheduleStatisticsResponseDto(int, int, int)' [C:\Users\HP\AttendanceSystem\src\AttendanceSystem.API\AttendanceSystem.API.csproj]
C:\Users\HP\AttendanceSystem\src\AttendanceSystem.API\Controllers\EnterpriseApiControllers.cs(483,60): warning CS1591: Missing XML comment for publicly visible type or member 'WorkScheduleStatisticsResponseDto.AssignedEmployees' [C:\Users\HP\AttendanceSystem\src\AttendanceSystem.API\AttendanceSystem.API.csproj]
C:\Users\HP\AttendanceSystem\src\AttendanceSystem.API\Controllers\EnterpriseApiControllers.cs(483,83): warning CS1591: Missing XML comment for publicly visible type or member 'WorkScheduleStatisticsResponseDto.ActiveSchedules' [C:\Users\HP\AttendanceSystem\src\AttendanceSystem.API\AttendanceSystem.API.csproj]
C:\Users\HP\AttendanceSystem\src\AttendanceSystem.API\Controllers\EnterpriseApiControllers.cs(483,104): warning CS1591: Missing XML comment for publicly visible type or member 'WorkScheduleStatisticsResponseDto.FlexibleSchedules' [C:\Users\HP\AttendanceSystem\src\AttendanceSystem.API\AttendanceSystem.API.csproj]
C:\Users\HP\AttendanceSystem\src\AttendanceSystem.API\Controllers\EnterpriseApiControllers.cs(484,22): warning CS1591: Missing XML comment for publicly visible type or member 'BulkOperationResultDto' [C:\Users\HP\AttendanceSystem\src\AttendanceSystem.API\AttendanceSystem.API.csproj]
C:\Users\HP\AttendanceSystem\src\AttendanceSystem.API\Controllers\EnterpriseApiControllers.cs(484,22): warning CS1591: Missing XML comment for publicly visible type or member 'BulkOperationResultDto.BulkOperationResultDto(int, int, int, IReadOnlyList<string>)' [C:\Users\HP\AttendanceSystem\src\AttendanceSystem.API\AttendanceSystem.API.csproj]
C:\Users\HP\AttendanceSystem\src\AttendanceSystem.API\Controllers\EnterpriseApiControllers.cs(484,49): warning CS1591: Missing XML comment for publicly visible type or member 'BulkOperationResultDto.Requested' [C:\Users\HP\AttendanceSystem\src\AttendanceSystem.API\AttendanceSystem.API.csproj]
C:\Users\HP\AttendanceSystem\src\AttendanceSystem.API\Controllers\EnterpriseApiControllers.cs(484,64): warning CS1591: Missing XML comment for publicly visible type or member 'BulkOperationResultDto.Succeeded' [C:\Users\HP\AttendanceSystem\src\AttendanceSystem.API\AttendanceSystem.API.csproj]
C:\Users\HP\AttendanceSystem\src\AttendanceSystem.API\Controllers\EnterpriseApiControllers.cs(484,79): warning CS1591: Missing XML comment for publicly visible type or member 'BulkOperationResultDto.Failed' [C:\Users\HP\AttendanceSystem\src\AttendanceSystem.API\AttendanceSystem.API.csproj]
C:\Users\HP\AttendanceSystem\src\AttendanceSystem.API\Controllers\EnterpriseApiControllers.cs(484,109): warning CS1591: Missing XML comment for publicly visible type or member 'BulkOperationResultDto.Errors' [C:\Users\HP\AttendanceSystem\src\AttendanceSystem.API\AttendanceSystem.API.csproj]
C:\Users\HP\AttendanceSystem\src\AttendanceSystem.API\Controllers\EnterpriseApiControllers.cs(489,21): warning CS1591: Missing XML comment for publicly visible type or member 'HolidaysController' [C:\Users\HP\AttendanceSystem\src\AttendanceSystem.API\AttendanceSystem.API.csproj]
C:\Users\HP\AttendanceSystem\src\AttendanceSystem.API\Controllers\EnterpriseApiControllers.cs(493,26): warning CS1591: Missing XML comment for publicly visible type or member 'HolidaysController.Create(CreateHolidayRequestDto)' [C:\Users\HP\AttendanceSystem\src\AttendanceSystem.API\AttendanceSystem.API.csproj]
C:\Users\HP\AttendanceSystem\src\AttendanceSystem.API\Controllers\EnterpriseApiControllers.cs(497,26): warning CS1591: Missing XML comment for publicly visible type or member 'HolidaysController.List(HolidayQueryDto)' [C:\Users\HP\AttendanceSystem\src\AttendanceSystem.API\AttendanceSystem.API.csproj]
C:\Users\HP\AttendanceSystem\src\AttendanceSystem.API\Controllers\EnterpriseApiControllers.cs(501,26): warning CS1591: Missing XML comment for publicly visible type or member 'HolidaysController.Details(Guid)' [C:\Users\HP\AttendanceSystem\src\AttendanceSystem.API\AttendanceSystem.API.csproj]
C:\Users\HP\AttendanceSystem\src\AttendanceSystem.API\Controllers\EnterpriseApiControllers.cs(506,26): warning CS1591: Missing XML comment for publicly visible type or member 'HolidaysController.Update(Guid, UpdateHolidayRequestDto)' [C:\Users\HP\AttendanceSystem\src\AttendanceSystem.API\AttendanceSystem.API.csproj]
C:\Users\HP\AttendanceSystem\src\AttendanceSystem.API\Controllers\EnterpriseApiControllers.cs(511,26): warning CS1591: Missing XML comment for publicly visible type or member 'HolidaysController.Delete(Guid)' [C:\Users\HP\AttendanceSystem\src\AttendanceSystem.API\AttendanceSystem.API.csproj]
C:\Users\HP\AttendanceSystem\src\AttendanceSystem.API\Controllers\EnterpriseApiControllers.cs(516,26): warning CS1591: Missing XML comment for publicly visible type or member 'HolidaysController.Import(ImportHolidayRequestDto)' [C:\Users\HP\AttendanceSystem\src\AttendanceSystem.API\AttendanceSystem.API.csproj]
C:\Users\HP\AttendanceSystem\src\AttendanceSystem.API\Controllers\EnterpriseApiControllers.cs(520,22): warning CS1591: Missing XML comment for publicly visible type or member 'CreateHolidayRequestDto' [C:\Users\HP\AttendanceSystem\src\AttendanceSystem.API\AttendanceSystem.API.csproj]
C:\Users\HP\AttendanceSystem\src\AttendanceSystem.API\Controllers\EnterpriseApiControllers.cs(520,22): warning CS1591: Missing XML comment for publicly visible type or member 'CreateHolidayRequestDto.CreateHolidayRequestDto(string, DateOnly, bool, string?)' [C:\Users\HP\AttendanceSystem\src\AttendanceSystem.API\AttendanceSystem.API.csproj]
C:\Users\HP\AttendanceSystem\src\AttendanceSystem.API\Controllers\EnterpriseApiControllers.cs(520,53): warning CS1591: Missing XML comment for publicly visible type or member 'CreateHolidayRequestDto.Name' [C:\Users\HP\AttendanceSystem\src\AttendanceSystem.API\AttendanceSystem.API.csproj]
C:\Users\HP\AttendanceSystem\src\AttendanceSystem.API\Controllers\EnterpriseApiControllers.cs(520,68): warning CS1591: Missing XML comment for publicly visible type or member 'CreateHolidayRequestDto.Date' [C:\Users\HP\AttendanceSystem\src\AttendanceSystem.API\AttendanceSystem.API.csproj]
C:\Users\HP\AttendanceSystem\src\AttendanceSystem.API\Controllers\EnterpriseApiControllers.cs(520,79): warning CS1591: Missing XML comment for publicly visible type or member 'CreateHolidayRequestDto.IsRecurring' [C:\Users\HP\AttendanceSystem\src\AttendanceSystem.API\AttendanceSystem.API.csproj]
C:\Users\HP\AttendanceSystem\src\AttendanceSystem.API\Controllers\EnterpriseApiControllers.cs(520,100): warning CS1591: Missing XML comment for publicly visible type or member 'CreateHolidayRequestDto.Description' [C:\Users\HP\AttendanceSystem\src\AttendanceSystem.API\AttendanceSystem.API.csproj]
C:\Users\HP\AttendanceSystem\src\AttendanceSystem.API\Controllers\EnterpriseApiControllers.cs(521,22): warning CS1591: Missing XML comment for publicly visible type or member 'UpdateHolidayRequestDto' [C:\Users\HP\AttendanceSystem\src\AttendanceSystem.API\AttendanceSystem.API.csproj]
C:\Users\HP\AttendanceSystem\src\AttendanceSystem.API\Controllers\EnterpriseApiControllers.cs(521,22): warning CS1591: Missing XML comment for publicly visible type or member 'UpdateHolidayRequestDto.UpdateHolidayRequestDto(string, DateOnly, bool, string?)' [C:\Users\HP\AttendanceSystem\src\AttendanceSystem.API\AttendanceSystem.API.csproj]
C:\Users\HP\AttendanceSystem\src\AttendanceSystem.API\Controllers\EnterpriseApiControllers.cs(521,53): warning CS1591: Missing XML comment for publicly visible type or member 'UpdateHolidayRequestDto.Name' [C:\Users\HP\AttendanceSystem\src\AttendanceSystem.API\AttendanceSystem.API.csproj]
C:\Users\HP\AttendanceSystem\src\AttendanceSystem.API\Controllers\EnterpriseApiControllers.cs(521,68): warning CS1591: Missing XML comment for publicly visible type or member 'UpdateHolidayRequestDto.Date' [C:\Users\HP\AttendanceSystem\src\AttendanceSystem.API\AttendanceSystem.API.csproj]
C:\Users\HP\AttendanceSystem\src\AttendanceSystem.API\Controllers\EnterpriseApiControllers.cs(521,79): warning CS1591: Missing XML comment for publicly visible type or member 'UpdateHolidayRequestDto.IsRecurring' [C:\Users\HP\AttendanceSystem\src\AttendanceSystem.API\AttendanceSystem.API.csproj]
C:\Users\HP\AttendanceSystem\src\AttendanceSystem.API\Controllers\EnterpriseApiControllers.cs(521,100): warning CS1591: Missing XML comment for publicly visible type or member 'UpdateHolidayRequestDto.Description' [C:\Users\HP\AttendanceSystem\src\AttendanceSystem.API\AttendanceSystem.API.csproj]
C:\Users\HP\AttendanceSystem\src\AttendanceSystem.API\Controllers\EnterpriseApiControllers.cs(522,22): warning CS1591: Missing XML comment for publicly visible type or member 'HolidayQueryDto' [C:\Users\HP\AttendanceSystem\src\AttendanceSystem.API\AttendanceSystem.API.csproj]
C:\Users\HP\AttendanceSystem\src\AttendanceSystem.API\Controllers\EnterpriseApiControllers.cs(522,22): warning CS1591: Missing XML comment for publicly visible type or member 'HolidayQueryDto.HolidayQueryDto(int?, DateOnly?, DateOnly?, int, int)' [C:\Users\HP\AttendanceSystem\src\AttendanceSystem.API\AttendanceSystem.API.csproj]
C:\Users\HP\AttendanceSystem\src\AttendanceSystem.API\Controllers\EnterpriseApiControllers.cs(522,43): warning CS1591: Missing XML comment for publicly visible type or member 'HolidayQueryDto.Year' [C:\Users\HP\AttendanceSystem\src\AttendanceSystem.API\AttendanceSystem.API.csproj]
C:\Users\HP\AttendanceSystem\src\AttendanceSystem.API\Controllers\EnterpriseApiControllers.cs(522,59): warning CS1591: Missing XML comment for publicly visible type or member 'HolidayQueryDto.From' [C:\Users\HP\AttendanceSystem\src\AttendanceSystem.API\AttendanceSystem.API.csproj]
C:\Users\HP\AttendanceSystem\src\AttendanceSystem.API\Controllers\EnterpriseApiControllers.cs(522,75): warning CS1591: Missing XML comment for publicly visible type or member 'HolidayQueryDto.To' [C:\Users\HP\AttendanceSystem\src\AttendanceSystem.API\AttendanceSystem.API.csproj]
C:\Users\HP\AttendanceSystem\src\AttendanceSystem.API\Controllers\EnterpriseApiControllers.cs(522,83): warning CS1591: Missing XML comment for publicly visible type or member 'HolidayQueryDto.PageNumber' [C:\Users\HP\AttendanceSystem\src\AttendanceSystem.API\AttendanceSystem.API.csproj]
C:\Users\HP\AttendanceSystem\src\AttendanceSystem.API\Controllers\EnterpriseApiControllers.cs(522,103): warning CS1591: Missing XML comment for publicly visible type or member 'HolidayQueryDto.PageSize' [C:\Users\HP\AttendanceSystem\src\AttendanceSystem.API\AttendanceSystem.API.csproj]
C:\Users\HP\AttendanceSystem\src\AttendanceSystem.API\Controllers\EnterpriseApiControllers.cs(523,22): warning CS1591: Missing XML comment for publicly visible type or member 'ImportHolidayRequestDto' [C:\Users\HP\AttendanceSystem\src\AttendanceSystem.API\AttendanceSystem.API.csproj]
C:\Users\HP\AttendanceSystem\src\AttendanceSystem.API\Controllers\EnterpriseApiControllers.cs(523,22): warning CS1591: Missing XML comment for publicly visible type or member 'ImportHolidayRequestDto.ImportHolidayRequestDto(IFormFile, int)' [C:\Users\HP\AttendanceSystem\src\AttendanceSystem.API\AttendanceSystem.API.csproj]
C:\Users\HP\AttendanceSystem\src\AttendanceSystem.API\Controllers\EnterpriseApiControllers.cs(523,56): warning CS1591: Missing XML comment for publicly visible type or member 'ImportHolidayRequestDto.File' [C:\Users\HP\AttendanceSystem\src\AttendanceSystem.API\AttendanceSystem.API.csproj]
C:\Users\HP\AttendanceSystem\src\AttendanceSystem.API\Controllers\EnterpriseApiControllers.cs(523,66): warning CS1591: Missing XML comment for publicly visible type or member 'ImportHolidayRequestDto.Year' [C:\Users\HP\AttendanceSystem\src\AttendanceSystem.API\AttendanceSystem.API.csproj]
C:\Users\HP\AttendanceSystem\src\AttendanceSystem.API\Controllers\EnterpriseApiControllers.cs(524,22): warning CS1591: Missing XML comment for publicly visible type or member 'HolidayResponseDto' [C:\Users\HP\AttendanceSystem\src\AttendanceSystem.API\AttendanceSystem.API.csproj]
C:\Users\HP\AttendanceSystem\src\AttendanceSystem.API\Controllers\EnterpriseApiControllers.cs(524,22): warning CS1591: Missing XML comment for publicly visible type or member 'HolidayResponseDto.HolidayResponseDto(Guid, string, DateOnly, bool, string?)' [C:\Users\HP\AttendanceSystem\src\AttendanceSystem.API\AttendanceSystem.API.csproj]
C:\Users\HP\AttendanceSystem\src\AttendanceSystem.API\Controllers\EnterpriseApiControllers.cs(524,46): warning CS1591: Missing XML comment for publicly visible type or member 'HolidayResponseDto.Id' [C:\Users\HP\AttendanceSystem\src\AttendanceSystem.API\AttendanceSystem.API.csproj]
C:\Users\HP\AttendanceSystem\src\AttendanceSystem.API\Controllers\EnterpriseApiControllers.cs(524,57): warning CS1591: Missing XML comment for publicly visible type or member 'HolidayResponseDto.Name' [C:\Users\HP\AttendanceSystem\src\AttendanceSystem.API\AttendanceSystem.API.csproj]
C:\Users\HP\AttendanceSystem\src\AttendanceSystem.API\Controllers\EnterpriseApiControllers.cs(524,72): warning CS1591: Missing XML comment for publicly visible type or member 'HolidayResponseDto.Date' [C:\Users\HP\AttendanceSystem\src\AttendanceSystem.API\AttendanceSystem.API.csproj]
C:\Users\HP\AttendanceSystem\src\AttendanceSystem.API\Controllers\EnterpriseApiControllers.cs(524,83): warning CS1591: Missing XML comment for publicly visible type or member 'HolidayResponseDto.IsRecurring' [C:\Users\HP\AttendanceSystem\src\AttendanceSystem.API\AttendanceSystem.API.csproj]
C:\Users\HP\AttendanceSystem\src\AttendanceSystem.API\Controllers\EnterpriseApiControllers.cs(524,104): warning CS1591: Missing XML comment for publicly visible type or member 'HolidayResponseDto.Description' [C:\Users\HP\AttendanceSystem\src\AttendanceSystem.API\AttendanceSystem.API.csproj]
C:\Users\HP\AttendanceSystem\src\AttendanceSystem.API\Controllers\EnterpriseApiControllers.cs(529,21): warning CS1591: Missing XML comment for publicly visible type or member 'ProfileController' [C:\Users\HP\AttendanceSystem\src\AttendanceSystem.API\AttendanceSystem.API.csproj]
C:\Users\HP\AttendanceSystem\src\AttendanceSystem.API\Controllers\EnterpriseApiControllers.cs(532,26): warning CS1591: Missing XML comment for publicly visible type or member 'ProfileController.Me()' [C:\Users\HP\AttendanceSystem\src\AttendanceSystem.API\AttendanceSystem.API.csproj]
C:\Users\HP\AttendanceSystem\src\AttendanceSystem.API\Controllers\EnterpriseApiControllers.cs(536,26): warning CS1591: Missing XML comment for publicly visible type or member 'ProfileController.Update(UpdateProfileRequestDto)' [C:\Users\HP\AttendanceSystem\src\AttendanceSystem.API\AttendanceSystem.API.csproj]
C:\Users\HP\AttendanceSystem\src\AttendanceSystem.API\Controllers\EnterpriseApiControllers.cs(540,26): warning CS1591: Missing XML comment for publicly visible type or member 'ProfileController.UploadPhoto(UploadProfilePhotoRequestDto)' [C:\Users\HP\AttendanceSystem\src\AttendanceSystem.API\AttendanceSystem.API.csproj]
C:\Users\HP\AttendanceSystem\src\AttendanceSystem.API\Controllers\EnterpriseApiControllers.cs(544,26): warning CS1591: Missing XML comment for publicly visible type or member 'ProfileController.DeletePhoto()' [C:\Users\HP\AttendanceSystem\src\AttendanceSystem.API\AttendanceSystem.API.csproj]
C:\Users\HP\AttendanceSystem\src\AttendanceSystem.API\Controllers\EnterpriseApiControllers.cs(548,22): warning CS1591: Missing XML comment for publicly visible type or member 'UpdateProfileRequestDto' [C:\Users\HP\AttendanceSystem\src\AttendanceSystem.API\AttendanceSystem.API.csproj]
C:\Users\HP\AttendanceSystem\src\AttendanceSystem.API\Controllers\EnterpriseApiControllers.cs(548,22): warning CS1591: Missing XML comment for publicly visible type or member 'UpdateProfileRequestDto.UpdateProfileRequestDto(string?, string?, string?)' [C:\Users\HP\AttendanceSystem\src\AttendanceSystem.API\AttendanceSystem.API.csproj]
C:\Users\HP\AttendanceSystem\src\AttendanceSystem.API\Controllers\EnterpriseApiControllers.cs(548,54): warning CS1591: Missing XML comment for publicly visible type or member 'UpdateProfileRequestDto.PhoneNumber' [C:\Users\HP\AttendanceSystem\src\AttendanceSystem.API\AttendanceSystem.API.csproj]
C:\Users\HP\AttendanceSystem\src\AttendanceSystem.API\Controllers\EnterpriseApiControllers.cs(548,75): warning CS1591: Missing XML comment for publicly visible type or member 'UpdateProfileRequestDto.PreferredLanguage' [C:\Users\HP\AttendanceSystem\src\AttendanceSystem.API\AttendanceSystem.API.csproj]
C:\Users\HP\AttendanceSystem\src\AttendanceSystem.API\Controllers\EnterpriseApiControllers.cs(548,102): warning CS1591: Missing XML comment for publicly visible type or member 'UpdateProfileRequestDto.TimeZone' [C:\Users\HP\AttendanceSystem\src\AttendanceSystem.API\AttendanceSystem.API.csproj]
C:\Users\HP\AttendanceSystem\src\AttendanceSystem.API\Controllers\EnterpriseApiControllers.cs(549,22): warning CS1591: Missing XML comment for publicly visible type or member 'UploadProfilePhotoRequestDto' [C:\Users\HP\AttendanceSystem\src\AttendanceSystem.API\AttendanceSystem.API.csproj]
C:\Users\HP\AttendanceSystem\src\AttendanceSystem.API\Controllers\EnterpriseApiControllers.cs(549,22): warning CS1591: Missing XML comment for publicly visible type or member 'UploadProfilePhotoRequestDto.UploadProfilePhotoRequestDto(IFormFile)' [C:\Users\HP\AttendanceSystem\src\AttendanceSystem.API\AttendanceSystem.API.csproj]
C:\Users\HP\AttendanceSystem\src\AttendanceSystem.API\Controllers\EnterpriseApiControllers.cs(549,61): warning CS1591: Missing XML comment for publicly visible type or member 'UploadProfilePhotoRequestDto.File' [C:\Users\HP\AttendanceSystem\src\AttendanceSystem.API\AttendanceSystem.API.csproj]
C:\Users\HP\AttendanceSystem\src\AttendanceSystem.API\Controllers\EnterpriseApiControllers.cs(550,22): warning CS1591: Missing XML comment for publicly visible type or member 'UserProfileResponseDto' [C:\Users\HP\AttendanceSystem\src\AttendanceSystem.API\AttendanceSystem.API.csproj]
C:\Users\HP\AttendanceSystem\src\AttendanceSystem.API\Controllers\EnterpriseApiControllers.cs(550,22): warning CS1591: Missing XML comment for publicly visible type or member 'UserProfileResponseDto.UserProfileResponseDto(Guid, Guid, string, string, string?, string?, IReadOnlyList<string>)' [C:\Users\HP\AttendanceSystem\src\AttendanceSystem.API\AttendanceSystem.API.csproj]
C:\Users\HP\AttendanceSystem\src\AttendanceSystem.API\Controllers\EnterpriseApiControllers.cs(550,50): warning CS1591: Missing XML comment for publicly visible type or member 'UserProfileResponseDto.UserId' [C:\Users\HP\AttendanceSystem\src\AttendanceSystem.API\AttendanceSystem.API.csproj]
C:\Users\HP\AttendanceSystem\src\AttendanceSystem.API\Controllers\EnterpriseApiControllers.cs(550,63): warning CS1591: Missing XML comment for publicly visible type or member 'UserProfileResponseDto.EmployeeId' [C:\Users\HP\AttendanceSystem\src\AttendanceSystem.API\AttendanceSystem.API.csproj]
C:\Users\HP\AttendanceSystem\src\AttendanceSystem.API\Controllers\EnterpriseApiControllers.cs(550,82): warning CS1591: Missing XML comment for publicly visible type or member 'UserProfileResponseDto.FullName' [C:\Users\HP\AttendanceSystem\src\AttendanceSystem.API\AttendanceSystem.API.csproj]
C:\Users\HP\AttendanceSystem\src\AttendanceSystem.API\Controllers\EnterpriseApiControllers.cs(550,99): warning CS1591: Missing XML comment for publicly visible type or member 'UserProfileResponseDto.Email' [C:\Users\HP\AttendanceSystem\src\AttendanceSystem.API\AttendanceSystem.API.csproj]
C:\Users\HP\AttendanceSystem\src\AttendanceSystem.API\Controllers\EnterpriseApiControllers.cs(550,114): warning CS1591: Missing XML comment for publicly visible type or member 'UserProfileResponseDto.PhoneNumber' [C:\Users\HP\AttendanceSystem\src\AttendanceSystem.API\AttendanceSystem.API.csproj]
C:\Users\HP\AttendanceSystem\src\AttendanceSystem.API\Controllers\EnterpriseApiControllers.cs(550,135): warning CS1591: Missing XML comment for publicly visible type or member 'UserProfileResponseDto.ProfilePhotoUrl' [C:\Users\HP\AttendanceSystem\src\AttendanceSystem.API\AttendanceSystem.API.csproj]
C:\Users\HP\AttendanceSystem\src\AttendanceSystem.API\Controllers\EnterpriseApiControllers.cs(550,174): warning CS1591: Missing XML comment for publicly visible type or member 'UserProfileResponseDto.Roles' [C:\Users\HP\AttendanceSystem\src\AttendanceSystem.API\AttendanceSystem.API.csproj]
C:\Users\HP\AttendanceSystem\src\AttendanceSystem.API\Controllers\EnterpriseApiControllers.cs(551,22): warning CS1591: Missing XML comment for publicly visible type or member 'ProfilePhotoResponseDto' [C:\Users\HP\AttendanceSystem\src\AttendanceSystem.API\AttendanceSystem.API.csproj]
C:\Users\HP\AttendanceSystem\src\AttendanceSystem.API\Controllers\EnterpriseApiControllers.cs(551,22): warning CS1591: Missing XML comment for publicly visible type or member 'ProfilePhotoResponseDto.ProfilePhotoResponseDto(string)' [C:\Users\HP\AttendanceSystem\src\AttendanceSystem.API\AttendanceSystem.API.csproj]
C:\Users\HP\AttendanceSystem\src\AttendanceSystem.API\Controllers\EnterpriseApiControllers.cs(551,53): warning CS1591: Missing XML comment for publicly visible type or member 'ProfilePhotoResponseDto.Url' [C:\Users\HP\AttendanceSystem\src\AttendanceSystem.API\AttendanceSystem.API.csproj]
C:\Users\HP\AttendanceSystem\src\AttendanceSystem.API\Controllers\EnterpriseApiControllers.cs(556,21): warning CS1591: Missing XML comment for publicly visible type or member 'SettingsController' [C:\Users\HP\AttendanceSystem\src\AttendanceSystem.API\AttendanceSystem.API.csproj]
C:\Users\HP\AttendanceSystem\src\AttendanceSystem.API\Controllers\EnterpriseApiControllers.cs(559,26): warning CS1591: Missing XML comment for publicly visible type or member 'SettingsController.Company()' [C:\Users\HP\AttendanceSystem\src\AttendanceSystem.API\AttendanceSystem.API.csproj]
C:\Users\HP\AttendanceSystem\src\AttendanceSystem.API\Controllers\EnterpriseApiControllers.cs(564,26): warning CS1591: Missing XML comment for publicly visible type or member 'SettingsController.UpdateCompany(UpdateCompanySettingsRequestDto)' [C:\Users\HP\AttendanceSystem\src\AttendanceSystem.API\AttendanceSystem.API.csproj]
C:\Users\HP\AttendanceSystem\src\AttendanceSystem.API\Controllers\EnterpriseApiControllers.cs(568,26): warning CS1591: Missing XML comment for publicly visible type or member 'SettingsController.AttendanceRules()' [C:\Users\HP\AttendanceSystem\src\AttendanceSystem.API\AttendanceSystem.API.csproj]
C:\Users\HP\AttendanceSystem\src\AttendanceSystem.API\Controllers\EnterpriseApiControllers.cs(572,26): warning CS1591: Missing XML comment for publicly visible type or member 'SettingsController.UpdateAttendanceRules(UpdateAttendanceRulesRequestDto)' [C:\Users\HP\AttendanceSystem\src\AttendanceSystem.API\AttendanceSystem.API.csproj]
C:\Users\HP\AttendanceSystem\src\AttendanceSystem.API\Controllers\EnterpriseApiControllers.cs(576,26): warning CS1591: Missing XML comment for publicly visible type or member 'SettingsController.Gps()' [C:\Users\HP\AttendanceSystem\src\AttendanceSystem.API\AttendanceSystem.API.csproj]
C:\Users\HP\AttendanceSystem\src\AttendanceSystem.API\Controllers\EnterpriseApiControllers.cs(581,26): warning CS1591: Missing XML comment for publicly visible type or member 'SettingsController.UpdateGps(UpdateGpsSettingsRequestDto)' [C:\Users\HP\AttendanceSystem\src\AttendanceSystem.API\AttendanceSystem.API.csproj]
C:\Users\HP\AttendanceSystem\src\AttendanceSystem.API\Controllers\EnterpriseApiControllers.cs(586,26): warning CS1591: Missing XML comment for publicly visible type or member 'SettingsController.Security()' [C:\Users\HP\AttendanceSystem\src\AttendanceSystem.API\AttendanceSystem.API.csproj]
C:\Users\HP\AttendanceSystem\src\AttendanceSystem.API\Controllers\EnterpriseApiControllers.cs(591,26): warning CS1591: Missing XML comment for publicly visible type or member 'SettingsController.UpdateSecurity(UpdateSecuritySettingsRequestDto)' [C:\Users\HP\AttendanceSystem\src\AttendanceSystem.API\AttendanceSystem.API.csproj]
C:\Users\HP\AttendanceSystem\src\AttendanceSystem.API\Controllers\EnterpriseApiControllers.cs(595,22): warning CS1591: Missing XML comment for publicly visible type or member 'UpdateCompanySettingsRequestDto' [C:\Users\HP\AttendanceSystem\src\AttendanceSystem.API\AttendanceSystem.API.csproj]
C:\Users\HP\AttendanceSystem\src\AttendanceSystem.API\Controllers\EnterpriseApiControllers.cs(595,22): warning CS1591: Missing XML comment for publicly visible type or member 'UpdateCompanySettingsRequestDto.UpdateCompanySettingsRequestDto(string, string, string, string, string?)' [C:\Users\HP\AttendanceSystem\src\AttendanceSystem.API\AttendanceSystem.API.csproj]
C:\Users\HP\AttendanceSystem\src\AttendanceSystem.API\Controllers\EnterpriseApiControllers.cs(595,61): warning CS1591: Missing XML comment for publicly visible type or member 'UpdateCompanySettingsRequestDto.CompanyName' [C:\Users\HP\AttendanceSystem\src\AttendanceSystem.API\AttendanceSystem.API.csproj]
C:\Users\HP\AttendanceSystem\src\AttendanceSystem.API\Controllers\EnterpriseApiControllers.cs(595,81): warning CS1591: Missing XML comment for publicly visible type or member 'UpdateCompanySettingsRequestDto.TimeZone' [C:\Users\HP\AttendanceSystem\src\AttendanceSystem.API\AttendanceSystem.API.csproj]
C:\Users\HP\AttendanceSystem\src\AttendanceSystem.API\Controllers\EnterpriseApiControllers.cs(595,98): warning CS1591: Missing XML comment for publicly visible type or member 'UpdateCompanySettingsRequestDto.DateFormat' [C:\Users\HP\AttendanceSystem\src\AttendanceSystem.API\AttendanceSystem.API.csproj]
C:\Users\HP\AttendanceSystem\src\AttendanceSystem.API\Controllers\EnterpriseApiControllers.cs(595,117): warning CS1591: Missing XML comment for publicly visible type or member 'UpdateCompanySettingsRequestDto.TimeFormat' [C:\Users\HP\AttendanceSystem\src\AttendanceSystem.API\AttendanceSystem.API.csproj]
C:\Users\HP\AttendanceSystem\src\AttendanceSystem.API\Controllers\EnterpriseApiControllers.cs(595,137): warning CS1591: Missing XML comment for publicly visible type or member 'UpdateCompanySettingsRequestDto.LogoUrl' [C:\Users\HP\AttendanceSystem\src\AttendanceSystem.API\AttendanceSystem.API.csproj]
C:\Users\HP\AttendanceSystem\src\AttendanceSystem.API\Controllers\EnterpriseApiControllers.cs(596,22): warning CS1591: Missing XML comment for publicly visible type or member 'UpdateAttendanceRulesRequestDto' [C:\Users\HP\AttendanceSystem\src\AttendanceSystem.API\AttendanceSystem.API.csproj]
C:\Users\HP\AttendanceSystem\src\AttendanceSystem.API\Controllers\EnterpriseApiControllers.cs(596,22): warning CS1591: Missing XML comment for publicly visible type or member 'UpdateAttendanceRulesRequestDto.UpdateAttendanceRulesRequestDto(TimeSpan, bool, bool, bool, bool, TimeOnly?, bool)' [C:\Users\HP\AttendanceSystem\src\AttendanceSystem.API\AttendanceSystem.API.csproj]
C:\Users\HP\AttendanceSystem\src\AttendanceSystem.API\Controllers\EnterpriseApiControllers.cs(596,63): warning CS1591: Missing XML comment for publicly visible type or member 'UpdateAttendanceRulesRequestDto.GracePeriod' [C:\Users\HP\AttendanceSystem\src\AttendanceSystem.API\AttendanceSystem.API.csproj]
C:\Users\HP\AttendanceSystem\src\AttendanceSystem.API\Controllers\EnterpriseApiControllers.cs(596,81): warning CS1591: Missing XML comment for publicly visible type or member 'UpdateAttendanceRulesRequestDto.RequireGpsForCheckIn' [C:\Users\HP\AttendanceSystem\src\AttendanceSystem.API\AttendanceSystem.API.csproj]
C:\Users\HP\AttendanceSystem\src\AttendanceSystem.API\Controllers\EnterpriseApiControllers.cs(596,108): warning CS1591: Missing XML comment for publicly visible type or member 'UpdateAttendanceRulesRequestDto.RequireGpsForCheckOut' [C:\Users\HP\AttendanceSystem\src\AttendanceSystem.API\AttendanceSystem.API.csproj]
C:\Users\HP\AttendanceSystem\src\AttendanceSystem.API\Controllers\EnterpriseApiControllers.cs(596,136): warning CS1591: Missing XML comment for publicly visible type or member 'UpdateAttendanceRulesRequestDto.AllowRemoteCheckIn' [C:\Users\HP\AttendanceSystem\src\AttendanceSystem.API\AttendanceSystem.API.csproj]
C:\Users\HP\AttendanceSystem\src\AttendanceSystem.API\Controllers\EnterpriseApiControllers.cs(596,161): warning CS1591: Missing XML comment for publicly visible type or member 'UpdateAttendanceRulesRequestDto.AutoCheckoutEnabled' [C:\Users\HP\AttendanceSystem\src\AttendanceSystem.API\AttendanceSystem.API.csproj]
C:\Users\HP\AttendanceSystem\src\AttendanceSystem.API\Controllers\EnterpriseApiControllers.cs(596,192): warning CS1591: Missing XML comment for publicly visible type or member 'UpdateAttendanceRulesRequestDto.AutoCheckoutTime' [C:\Users\HP\AttendanceSystem\src\AttendanceSystem.API\AttendanceSystem.API.csproj]
C:\Users\HP\AttendanceSystem\src\AttendanceSystem.API\Controllers\EnterpriseApiControllers.cs(596,215): warning CS1591: Missing XML comment for publicly visible type or member 'UpdateAttendanceRulesRequestDto.OvertimeEnabled' [C:\Users\HP\AttendanceSystem\src\AttendanceSystem.API\AttendanceSystem.API.csproj]
C:\Users\HP\AttendanceSystem\src\AttendanceSystem.API\Controllers\EnterpriseApiControllers.cs(597,22): warning CS1591: Missing XML comment for publicly visible type or member 'UpdateGpsSettingsRequestDto' [C:\Users\HP\AttendanceSystem\src\AttendanceSystem.API\AttendanceSystem.API.csproj]
C:\Users\HP\AttendanceSystem\src\AttendanceSystem.API\Controllers\EnterpriseApiControllers.cs(597,22): warning CS1591: Missing XML comment for publicly visible type or member 'UpdateGpsSettingsRequestDto.UpdateGpsSettingsRequestDto(bool, double, double, double, bool)' [C:\Users\HP\AttendanceSystem\src\AttendanceSystem.API\AttendanceSystem.API.csproj]
C:\Users\HP\AttendanceSystem\src\AttendanceSystem.API\Controllers\EnterpriseApiControllers.cs(597,55): warning CS1591: Missing XML comment for publicly visible type or member 'UpdateGpsSettingsRequestDto.Enabled' [C:\Users\HP\AttendanceSystem\src\AttendanceSystem.API\AttendanceSystem.API.csproj]
C:\Users\HP\AttendanceSystem\src\AttendanceSystem.API\Controllers\EnterpriseApiControllers.cs(597,71): warning CS1591: Missing XML comment for publicly visible type or member 'UpdateGpsSettingsRequestDto.OfficeLatitude' [C:\Users\HP\AttendanceSystem\src\AttendanceSystem.API\AttendanceSystem.API.csproj]
C:\Users\HP\AttendanceSystem\src\AttendanceSystem.API\Controllers\EnterpriseApiControllers.cs(597,94): warning CS1591: Missing XML comment for publicly visible type or member 'UpdateGpsSettingsRequestDto.OfficeLongitude' [C:\Users\HP\AttendanceSystem\src\AttendanceSystem.API\AttendanceSystem.API.csproj]
C:\Users\HP\AttendanceSystem\src\AttendanceSystem.API\Controllers\EnterpriseApiControllers.cs(597,118): warning CS1591: Missing XML comment for publicly visible type or member 'UpdateGpsSettingsRequestDto.AllowedRadiusMeters' [C:\Users\HP\AttendanceSystem\src\AttendanceSystem.API\AttendanceSystem.API.csproj]
C:\Users\HP\AttendanceSystem\src\AttendanceSystem.API\Controllers\EnterpriseApiControllers.cs(597,144): warning CS1591: Missing XML comment for publicly visible type or member 'UpdateGpsSettingsRequestDto.BlockOutsideRadius' [C:\Users\HP\AttendanceSystem\src\AttendanceSystem.API\AttendanceSystem.API.csproj]
C:\Users\HP\AttendanceSystem\src\AttendanceSystem.API\Controllers\EnterpriseApiControllers.cs(598,22): warning CS1591: Missing XML comment for publicly visible type or member 'UpdateSecuritySettingsRequestDto' [C:\Users\HP\AttendanceSystem\src\AttendanceSystem.API\AttendanceSystem.API.csproj]
C:\Users\HP\AttendanceSystem\src\AttendanceSystem.API\Controllers\EnterpriseApiControllers.cs(598,22): warning CS1591: Missing XML comment for publicly visible type or member 'UpdateSecuritySettingsRequestDto.UpdateSecuritySettingsRequestDto(bool, int, int, int)' [C:\Users\HP\AttendanceSystem\src\AttendanceSystem.API\AttendanceSystem.API.csproj]
C:\Users\HP\AttendanceSystem\src\AttendanceSystem.API\Controllers\EnterpriseApiControllers.cs(598,60): warning CS1591: Missing XML comment for publicly visible type or member 'UpdateSecuritySettingsRequestDto.MfaRequired' [C:\Users\HP\AttendanceSystem\src\AttendanceSystem.API\AttendanceSystem.API.csproj]
C:\Users\HP\AttendanceSystem\src\AttendanceSystem.API\Controllers\EnterpriseApiControllers.cs(598,77): warning CS1591: Missing XML comment for publicly visible type or member 'UpdateSecuritySettingsRequestDto.MaxFailedLoginAttempts' [C:\Users\HP\AttendanceSystem\src\AttendanceSystem.API\AttendanceSystem.API.csproj]
C:\Users\HP\AttendanceSystem\src\AttendanceSystem.API\Controllers\EnterpriseApiControllers.cs(598,105): warning CS1591: Missing XML comment for publicly visible type or member 'UpdateSecuritySettingsRequestDto.LockoutMinutes' [C:\Users\HP\AttendanceSystem\src\AttendanceSystem.API\AttendanceSystem.API.csproj]
C:\Users\HP\AttendanceSystem\src\AttendanceSystem.API\Controllers\EnterpriseApiControllers.cs(598,125): warning CS1591: Missing XML comment for publicly visible type or member 'UpdateSecuritySettingsRequestDto.PasswordExpiryDays' [C:\Users\HP\AttendanceSystem\src\AttendanceSystem.API\AttendanceSystem.API.csproj]
C:\Users\HP\AttendanceSystem\src\AttendanceSystem.API\Controllers\EnterpriseApiControllers.cs(599,22): warning CS1591: Missing XML comment for publicly visible type or member 'CompanySettingsResponseDto' [C:\Users\HP\AttendanceSystem\src\AttendanceSystem.API\AttendanceSystem.API.csproj]
C:\Users\HP\AttendanceSystem\src\AttendanceSystem.API\Controllers\EnterpriseApiControllers.cs(599,22): warning CS1591: Missing XML comment for publicly visible type or member 'CompanySettingsResponseDto.CompanySettingsResponseDto(string, string, string, string, string?)' [C:\Users\HP\AttendanceSystem\src\AttendanceSystem.API\AttendanceSystem.API.csproj]
C:\Users\HP\AttendanceSystem\src\AttendanceSystem.API\Controllers\EnterpriseApiControllers.cs(599,56): warning CS1591: Missing XML comment for publicly visible type or member 'CompanySettingsResponseDto.CompanyName' [C:\Users\HP\AttendanceSystem\src\AttendanceSystem.API\AttendanceSystem.API.csproj]
C:\Users\HP\AttendanceSystem\src\AttendanceSystem.API\Controllers\EnterpriseApiControllers.cs(599,76): warning CS1591: Missing XML comment for publicly visible type or member 'CompanySettingsResponseDto.TimeZone' [C:\Users\HP\AttendanceSystem\src\AttendanceSystem.API\AttendanceSystem.API.csproj]
C:\Users\HP\AttendanceSystem\src\AttendanceSystem.API\Controllers\EnterpriseApiControllers.cs(599,93): warning CS1591: Missing XML comment for publicly visible type or member 'CompanySettingsResponseDto.DateFormat' [C:\Users\HP\AttendanceSystem\src\AttendanceSystem.API\AttendanceSystem.API.csproj]
C:\Users\HP\AttendanceSystem\src\AttendanceSystem.API\Controllers\EnterpriseApiControllers.cs(599,112): warning CS1591: Missing XML comment for publicly visible type or member 'CompanySettingsResponseDto.TimeFormat' [C:\Users\HP\AttendanceSystem\src\AttendanceSystem.API\AttendanceSystem.API.csproj]
C:\Users\HP\AttendanceSystem\src\AttendanceSystem.API\Controllers\EnterpriseApiControllers.cs(599,132): warning CS1591: Missing XML comment for publicly visible type or member 'CompanySettingsResponseDto.LogoUrl' [C:\Users\HP\AttendanceSystem\src\AttendanceSystem.API\AttendanceSystem.API.csproj]
C:\Users\HP\AttendanceSystem\src\AttendanceSystem.API\Controllers\EnterpriseApiControllers.cs(600,22): warning CS1591: Missing XML comment for publicly visible type or member 'AttendanceRulesResponseDto' [C:\Users\HP\AttendanceSystem\src\AttendanceSystem.API\AttendanceSystem.API.csproj]
C:\Users\HP\AttendanceSystem\src\AttendanceSystem.API\Controllers\EnterpriseApiControllers.cs(600,22): warning CS1591: Missing XML comment for publicly visible type or member 'AttendanceRulesResponseDto.AttendanceRulesResponseDto(TimeSpan, bool, bool, bool, bool, TimeOnly?, bool)' [C:\Users\HP\AttendanceSystem\src\AttendanceSystem.API\AttendanceSystem.API.csproj]
C:\Users\HP\AttendanceSystem\src\AttendanceSystem.API\Controllers\EnterpriseApiControllers.cs(600,58): warning CS1591: Missing XML comment for publicly visible type or member 'AttendanceRulesResponseDto.GracePeriod' [C:\Users\HP\AttendanceSystem\src\AttendanceSystem.API\AttendanceSystem.API.csproj]
C:\Users\HP\AttendanceSystem\src\AttendanceSystem.API\Controllers\EnterpriseApiControllers.cs(600,76): warning CS1591: Missing XML comment for publicly visible type or member 'AttendanceRulesResponseDto.RequireGpsForCheckIn' [C:\Users\HP\AttendanceSystem\src\AttendanceSystem.API\AttendanceSystem.API.csproj]
C:\Users\HP\AttendanceSystem\src\AttendanceSystem.API\Controllers\EnterpriseApiControllers.cs(600,103): warning CS1591: Missing XML comment for publicly visible type or member 'AttendanceRulesResponseDto.RequireGpsForCheckOut' [C:\Users\HP\AttendanceSystem\src\AttendanceSystem.API\AttendanceSystem.API.csproj]
C:\Users\HP\AttendanceSystem\src\AttendanceSystem.API\Controllers\EnterpriseApiControllers.cs(600,131): warning CS1591: Missing XML comment for publicly visible type or member 'AttendanceRulesResponseDto.AllowRemoteCheckIn' [C:\Users\HP\AttendanceSystem\src\AttendanceSystem.API\AttendanceSystem.API.csproj]
C:\Users\HP\AttendanceSystem\src\AttendanceSystem.API\Controllers\EnterpriseApiControllers.cs(600,156): warning CS1591: Missing XML comment for publicly visible type or member 'AttendanceRulesResponseDto.AutoCheckoutEnabled' [C:\Users\HP\AttendanceSystem\src\AttendanceSystem.API\AttendanceSystem.API.csproj]
C:\Users\HP\AttendanceSystem\src\AttendanceSystem.API\Controllers\EnterpriseApiControllers.cs(600,187): warning CS1591: Missing XML comment for publicly visible type or member 'AttendanceRulesResponseDto.AutoCheckoutTime' [C:\Users\HP\AttendanceSystem\src\AttendanceSystem.API\AttendanceSystem.API.csproj]
C:\Users\HP\AttendanceSystem\src\AttendanceSystem.API\Controllers\EnterpriseApiControllers.cs(600,210): warning CS1591: Missing XML comment for publicly visible type or member 'AttendanceRulesResponseDto.OvertimeEnabled' [C:\Users\HP\AttendanceSystem\src\AttendanceSystem.API\AttendanceSystem.API.csproj]
C:\Users\HP\AttendanceSystem\src\AttendanceSystem.API\Controllers\EnterpriseApiControllers.cs(601,22): warning CS1591: Missing XML comment for publicly visible type or member 'GpsSettingsResponseDto' [C:\Users\HP\AttendanceSystem\src\AttendanceSystem.API\AttendanceSystem.API.csproj]
C:\Users\HP\AttendanceSystem\src\AttendanceSystem.API\Controllers\EnterpriseApiControllers.cs(601,22): warning CS1591: Missing XML comment for publicly visible type or member 'GpsSettingsResponseDto.GpsSettingsResponseDto(bool, double, double, double, bool)' [C:\Users\HP\AttendanceSystem\src\AttendanceSystem.API\AttendanceSystem.API.csproj]
C:\Users\HP\AttendanceSystem\src\AttendanceSystem.API\Controllers\EnterpriseApiControllers.cs(601,50): warning CS1591: Missing XML comment for publicly visible type or member 'GpsSettingsResponseDto.Enabled' [C:\Users\HP\AttendanceSystem\src\AttendanceSystem.API\AttendanceSystem.API.csproj]
C:\Users\HP\AttendanceSystem\src\AttendanceSystem.API\Controllers\EnterpriseApiControllers.cs(601,66): warning CS1591: Missing XML comment for publicly visible type or member 'GpsSettingsResponseDto.OfficeLatitude' [C:\Users\HP\AttendanceSystem\src\AttendanceSystem.API\AttendanceSystem.API.csproj]
C:\Users\HP\AttendanceSystem\src\AttendanceSystem.API\Controllers\EnterpriseApiControllers.cs(601,89): warning CS1591: Missing XML comment for publicly visible type or member 'GpsSettingsResponseDto.OfficeLongitude' [C:\Users\HP\AttendanceSystem\src\AttendanceSystem.API\AttendanceSystem.API.csproj]
C:\Users\HP\AttendanceSystem\src\AttendanceSystem.API\Controllers\EnterpriseApiControllers.cs(601,113): warning CS1591: Missing XML comment for publicly visible type or member 'GpsSettingsResponseDto.AllowedRadiusMeters' [C:\Users\HP\AttendanceSystem\src\AttendanceSystem.API\AttendanceSystem.API.csproj]
C:\Users\HP\AttendanceSystem\src\AttendanceSystem.API\Controllers\EnterpriseApiControllers.cs(601,139): warning CS1591: Missing XML comment for publicly visible type or member 'GpsSettingsResponseDto.BlockOutsideRadius' [C:\Users\HP\AttendanceSystem\src\AttendanceSystem.API\AttendanceSystem.API.csproj]
C:\Users\HP\AttendanceSystem\src\AttendanceSystem.API\Controllers\EnterpriseApiControllers.cs(602,22): warning CS1591: Missing XML comment for publicly visible type or member 'SecuritySettingsResponseDto' [C:\Users\HP\AttendanceSystem\src\AttendanceSystem.API\AttendanceSystem.API.csproj]
C:\Users\HP\AttendanceSystem\src\AttendanceSystem.API\Controllers\EnterpriseApiControllers.cs(602,22): warning CS1591: Missing XML comment for publicly visible type or member 'SecuritySettingsResponseDto.SecuritySettingsResponseDto(bool, int, int, int)' [C:\Users\HP\AttendanceSystem\src\AttendanceSystem.API\AttendanceSystem.API.csproj]
C:\Users\HP\AttendanceSystem\src\AttendanceSystem.API\Controllers\EnterpriseApiControllers.cs(602,55): warning CS1591: Missing XML comment for publicly visible type or member 'SecuritySettingsResponseDto.MfaRequired' [C:\Users\HP\AttendanceSystem\src\AttendanceSystem.API\AttendanceSystem.API.csproj]
C:\Users\HP\AttendanceSystem\src\AttendanceSystem.API\Controllers\EnterpriseApiControllers.cs(602,72): warning CS1591: Missing XML comment for publicly visible type or member 'SecuritySettingsResponseDto.MaxFailedLoginAttempts' [C:\Users\HP\AttendanceSystem\src\AttendanceSystem.API\AttendanceSystem.API.csproj]
C:\Users\HP\AttendanceSystem\src\AttendanceSystem.API\Controllers\EnterpriseApiControllers.cs(602,100): warning CS1591: Missing XML comment for publicly visible type or member 'SecuritySettingsResponseDto.LockoutMinutes' [C:\Users\HP\AttendanceSystem\src\AttendanceSystem.API\AttendanceSystem.API.csproj]
C:\Users\HP\AttendanceSystem\src\AttendanceSystem.API\Controllers\EnterpriseApiControllers.cs(602,120): warning CS1591: Missing XML comment for publicly visible type or member 'SecuritySettingsResponseDto.PasswordExpiryDays' [C:\Users\HP\AttendanceSystem\src\AttendanceSystem.API\AttendanceSystem.API.csproj]
C:\Users\HP\AttendanceSystem\src\AttendanceSystem.API\Controllers\LeaveController.cs(15,18): warning CS1591: Missing XML comment for publicly visible type or member 'LeaveController' [C:\Users\HP\AttendanceSystem\src\AttendanceSystem.API\AttendanceSystem.API.csproj]
C:\Users\HP\AttendanceSystem\src\AttendanceSystem.API\Controllers\LeaveController.cs(19,16): warning CS1591: Missing XML comment for publicly visible type or member 'LeaveController.LeaveController(ApplicationDbContext)' [C:\Users\HP\AttendanceSystem\src\AttendanceSystem.API\AttendanceSystem.API.csproj]
C:\Users\HP\AttendanceSystem\src\AttendanceSystem.API\Controllers\LeaveController.cs(25,42): warning CS1591: Missing XML comment for publicly visible type or member 'LeaveController.CreateLeave(LeaveController.LeaveRequestDto)' [C:\Users\HP\AttendanceSystem\src\AttendanceSystem.API\AttendanceSystem.API.csproj]
C:\Users\HP\AttendanceSystem\src\AttendanceSystem.API\Controllers\LeaveController.cs(67,42): warning CS1591: Missing XML comment for publicly visible type or member 'LeaveController.List(string?, int, int, CancellationToken)' [C:\Users\HP\AttendanceSystem\src\AttendanceSystem.API\AttendanceSystem.API.csproj]
C:\Users\HP\AttendanceSystem\src\AttendanceSystem.API\Controllers\LeaveController.cs(115,42): warning CS1591: Missing XML comment for publicly visible type or member 'LeaveController.History(CancellationToken)' [C:\Users\HP\AttendanceSystem\src\AttendanceSystem.API\AttendanceSystem.API.csproj]
C:\Users\HP\AttendanceSystem\src\AttendanceSystem.API\Controllers\LeaveController.cs(156,42): warning CS1591: Missing XML comment for publicly visible type or member 'LeaveController.Statistics(CancellationToken)' [C:\Users\HP\AttendanceSystem\src\AttendanceSystem.API\AttendanceSystem.API.csproj]
C:\Users\HP\AttendanceSystem\src\AttendanceSystem.API\Controllers\LeaveController.cs(173,42): warning CS1591: Missing XML comment for publicly visible type or member 'LeaveController.Approve(Guid, CancellationToken)' [C:\Users\HP\AttendanceSystem\src\AttendanceSystem.API\AttendanceSystem.API.csproj]
C:\Users\HP\AttendanceSystem\src\AttendanceSystem.API\Controllers\LeaveController.cs(192,42): warning CS1591: Missing XML comment for publicly visible type or member 'LeaveController.Reject(Guid, CancellationToken)' [C:\Users\HP\AttendanceSystem\src\AttendanceSystem.API\AttendanceSystem.API.csproj]
C:\Users\HP\AttendanceSystem\src\AttendanceSystem.API\Controllers\LeaveController.cs(234,22): warning CS1591: Missing XML comment for publicly visible type or member 'LeaveController.LeaveRequestDto' [C:\Users\HP\AttendanceSystem\src\AttendanceSystem.API\AttendanceSystem.API.csproj]
C:\Users\HP\AttendanceSystem\src\AttendanceSystem.API\Controllers\LeaveController.cs(236,28): warning CS1591: Missing XML comment for publicly visible type or member 'LeaveController.LeaveRequestDto.StartDate' [C:\Users\HP\AttendanceSystem\src\AttendanceSystem.API\AttendanceSystem.API.csproj]
C:\Users\HP\AttendanceSystem\src\AttendanceSystem.API\Controllers\LeaveController.cs(237,28): warning CS1591: Missing XML comment for publicly visible type or member 'LeaveController.LeaveRequestDto.EndDate' [C:\Users\HP\AttendanceSystem\src\AttendanceSystem.API\AttendanceSystem.API.csproj]
C:\Users\HP\AttendanceSystem\src\AttendanceSystem.API\Controllers\LeaveController.cs(238,28): warning CS1591: Missing XML comment for publicly visible type or member 'LeaveController.LeaveRequestDto.Type' [C:\Users\HP\AttendanceSystem\src\AttendanceSystem.API\AttendanceSystem.API.csproj]
C:\Users\HP\AttendanceSystem\src\AttendanceSystem.API\Controllers\LeaveController.cs(239,28): warning CS1591: Missing XML comment for publicly visible type or member 'LeaveController.LeaveRequestDto.Reason' [C:\Users\HP\AttendanceSystem\src\AttendanceSystem.API\AttendanceSystem.API.csproj]
C:\Users\HP\AttendanceSystem\src\AttendanceSystem.API\Controllers\LeaveController.cs(242,30): warning CS1591: Missing XML comment for publicly visible type or member 'LeaveController.LeaveRequestApiDto' [C:\Users\HP\AttendanceSystem\src\AttendanceSystem.API\AttendanceSystem.API.csproj]
C:\Users\HP\AttendanceSystem\src\AttendanceSystem.API\Controllers\LeaveController.cs(242,30): warning CS1591: Missing XML comment for publicly visible type or member 'LeaveController.LeaveRequestApiDto.LeaveRequestApiDto(Guid, Guid, string?, DateOnly, DateOnly, string, string?, string?, string?, decimal)' [C:\Users\HP\AttendanceSystem\src\AttendanceSystem.API\AttendanceSystem.API.csproj]
C:\Users\HP\AttendanceSystem\src\AttendanceSystem.API\Controllers\LeaveController.cs(243,18): warning CS1591: Missing XML comment for publicly visible type or member 'LeaveController.LeaveRequestApiDto.Id' [C:\Users\HP\AttendanceSystem\src\AttendanceSystem.API\AttendanceSystem.API.csproj]
C:\Users\HP\AttendanceSystem\src\AttendanceSystem.API\Controllers\LeaveController.cs(244,18): warning CS1591: Missing XML comment for publicly visible type or member 'LeaveController.LeaveRequestApiDto.EmployeeId' [C:\Users\HP\AttendanceSystem\src\AttendanceSystem.API\AttendanceSystem.API.csproj]
C:\Users\HP\AttendanceSystem\src\AttendanceSystem.API\Controllers\LeaveController.cs(245,21): warning CS1591: Missing XML comment for publicly visible type or member 'LeaveController.LeaveRequestApiDto.EmployeeName' [C:\Users\HP\AttendanceSystem\src\AttendanceSystem.API\AttendanceSystem.API.csproj]
C:\Users\HP\AttendanceSystem\src\AttendanceSystem.API\Controllers\LeaveController.cs(246,22): warning CS1591: Missing XML comment for publicly visible type or member 'LeaveController.LeaveRequestApiDto.StartDate' [C:\Users\HP\AttendanceSystem\src\AttendanceSystem.API\AttendanceSystem.API.csproj]
C:\Users\HP\AttendanceSystem\src\AttendanceSystem.API\Controllers\LeaveController.cs(247,22): warning CS1591: Missing XML comment for publicly visible type or member 'LeaveController.LeaveRequestApiDto.EndDate' [C:\Users\HP\AttendanceSystem\src\AttendanceSystem.API\AttendanceSystem.API.csproj]
C:\Users\HP\AttendanceSystem\src\AttendanceSystem.API\Controllers\LeaveController.cs(248,20): warning CS1591: Missing XML comment for publicly visible type or member 'LeaveController.LeaveRequestApiDto.LeaveType' [C:\Users\HP\AttendanceSystem\src\AttendanceSystem.API\AttendanceSystem.API.csproj]
C:\Users\HP\AttendanceSystem\src\AttendanceSystem.API\Controllers\LeaveController.cs(249,21): warning CS1591: Missing XML comment for publicly visible type or member 'LeaveController.LeaveRequestApiDto.Reason' [C:\Users\HP\AttendanceSystem\src\AttendanceSystem.API\AttendanceSystem.API.csproj]
C:\Users\HP\AttendanceSystem\src\AttendanceSystem.API\Controllers\LeaveController.cs(250,21): warning CS1591: Missing XML comment for publicly visible type or member 'LeaveController.LeaveRequestApiDto.ApprovalStatus' [C:\Users\HP\AttendanceSystem\src\AttendanceSystem.API\AttendanceSystem.API.csproj]
C:\Users\HP\AttendanceSystem\src\AttendanceSystem.API\Controllers\LeaveController.cs(251,21): warning CS1591: Missing XML comment for publicly visible type or member 'LeaveController.LeaveRequestApiDto.Status' [C:\Users\HP\AttendanceSystem\src\AttendanceSystem.API\AttendanceSystem.API.csproj]
C:\Users\HP\AttendanceSystem\src\AttendanceSystem.API\Controllers\LeaveController.cs(252,21): warning CS1591: Missing XML comment for publicly visible type or member 'LeaveController.LeaveRequestApiDto.TotalDays' [C:\Users\HP\AttendanceSystem\src\AttendanceSystem.API\AttendanceSystem.API.csproj]
C:\Users\HP\AttendanceSystem\src\AttendanceSystem.API\Controllers\LeaveController.cs(254,30): warning CS1591: Missing XML comment for publicly visible type or member 'LeaveController.LeaveStatisticsApiDto' [C:\Users\HP\AttendanceSystem\src\AttendanceSystem.API\AttendanceSystem.API.csproj]
C:\Users\HP\AttendanceSystem\src\AttendanceSystem.API\Controllers\LeaveController.cs(254,30): warning CS1591: Missing XML comment for publicly visible type or member 'LeaveController.LeaveStatisticsApiDto.LeaveStatisticsApiDto(decimal, int)' [C:\Users\HP\AttendanceSystem\src\AttendanceSystem.API\AttendanceSystem.API.csproj]
C:\Users\HP\AttendanceSystem\src\AttendanceSystem.API\Controllers\LeaveController.cs(254,60): warning CS1591: Missing XML comment for publicly visible type or member 'LeaveController.LeaveStatisticsApiDto.Used' [C:\Users\HP\AttendanceSystem\src\AttendanceSystem.API\AttendanceSystem.API.csproj]
C:\Users\HP\AttendanceSystem\src\AttendanceSystem.API\Controllers\LeaveController.cs(254,70): warning CS1591: Missing XML comment for publicly visible type or member 'LeaveController.LeaveStatisticsApiDto.PendingRequests' [C:\Users\HP\AttendanceSystem\src\AttendanceSystem.API\AttendanceSystem.API.csproj]
C:\Users\HP\AttendanceSystem\src\AttendanceSystem.API\Controllers\NotificationsApiController.cs(12,21): warning CS1591: Missing XML comment for publicly visible type or member 'NotificationsApiController' [C:\Users\HP\AttendanceSystem\src\AttendanceSystem.API\AttendanceSystem.API.csproj]
C:\Users\HP\AttendanceSystem\src\AttendanceSystem.API\Controllers\NotificationsApiController.cs(16,12): warning CS1591: Missing XML comment for publicly visible type or member 'NotificationsApiController.NotificationsApiController(ApplicationDbContext)' [C:\Users\HP\AttendanceSystem\src\AttendanceSystem.API\AttendanceSystem.API.csproj]
C:\Users\HP\AttendanceSystem\src\AttendanceSystem.API\Controllers\NotificationsApiController.cs(19,75): warning CS1591: Missing XML comment for publicly visible type or member 'NotificationsApiController.List(int, int, bool?, CancellationToken)' [C:\Users\HP\AttendanceSystem\src\AttendanceSystem.API\AttendanceSystem.API.csproj]
C:\Users\HP\AttendanceSystem\src\AttendanceSystem.API\Controllers\NotificationsApiController.cs(45,38): warning CS1591: Missing XML comment for publicly visible type or member 'NotificationsApiController.MarkRead(Guid, CancellationToken)' [C:\Users\HP\AttendanceSystem\src\AttendanceSystem.API\AttendanceSystem.API.csproj]
C:\Users\HP\AttendanceSystem\src\AttendanceSystem.API\Controllers\NotificationsApiController.cs(58,73): warning CS1591: Missing XML comment for publicly visible type or member 'NotificationsApiController.UnreadCount(CancellationToken)' [C:\Users\HP\AttendanceSystem\src\AttendanceSystem.API\AttendanceSystem.API.csproj]
C:\Users\HP\AttendanceSystem\src\AttendanceSystem.API\Controllers\NotificationsApiController.cs(72,22): warning CS1591: Missing XML comment for publicly visible type or member 'NotificationApiDto' [C:\Users\HP\AttendanceSystem\src\AttendanceSystem.API\AttendanceSystem.API.csproj]
C:\Users\HP\AttendanceSystem\src\AttendanceSystem.API\Controllers\NotificationsApiController.cs(72,22): warning CS1591: Missing XML comment for publicly visible type or member 'NotificationApiDto.NotificationApiDto(Guid, string, string, DateTime, DateTime, bool)' [C:\Users\HP\AttendanceSystem\src\AttendanceSystem.API\AttendanceSystem.API.csproj]
C:\Users\HP\AttendanceSystem\src\AttendanceSystem.API\Controllers\NotificationsApiController.cs(72,46): warning CS1591: Missing XML comment for publicly visible type or member 'NotificationApiDto.Id' [C:\Users\HP\AttendanceSystem\src\AttendanceSystem.API\AttendanceSystem.API.csproj]
C:\Users\HP\AttendanceSystem\src\AttendanceSystem.API\Controllers\NotificationsApiController.cs(72,57): warning CS1591: Missing XML comment for publicly visible type or member 'NotificationApiDto.Title' [C:\Users\HP\AttendanceSystem\src\AttendanceSystem.API\AttendanceSystem.API.csproj]
C:\Users\HP\AttendanceSystem\src\AttendanceSystem.API\Controllers\NotificationsApiController.cs(72,71): warning CS1591: Missing XML comment for publicly visible type or member 'NotificationApiDto.Message' [C:\Users\HP\AttendanceSystem\src\AttendanceSystem.API\AttendanceSystem.API.csproj]
C:\Users\HP\AttendanceSystem\src\AttendanceSystem.API\Controllers\NotificationsApiController.cs(72,89): warning CS1591: Missing XML comment for publicly visible type or member 'NotificationApiDto.CreatedDate' [C:\Users\HP\AttendanceSystem\src\AttendanceSystem.API\AttendanceSystem.API.csproj]
C:\Users\HP\AttendanceSystem\src\AttendanceSystem.API\Controllers\NotificationsApiController.cs(72,111): warning CS1591: Missing XML comment for publicly visible type or member 'NotificationApiDto.CreatedAt' [C:\Users\HP\AttendanceSystem\src\AttendanceSystem.API\AttendanceSystem.API.csproj]
C:\Users\HP\AttendanceSystem\src\AttendanceSystem.API\Controllers\NotificationsApiController.cs(72,127): warning CS1591: Missing XML comment for publicly visible type or member 'NotificationApiDto.IsRead' [C:\Users\HP\AttendanceSystem\src\AttendanceSystem.API\AttendanceSystem.API.csproj]
C:\Users\HP\AttendanceSystem\src\AttendanceSystem.API\Controllers\ReportsApiController.cs(13,21): warning CS1591: Missing XML comment for publicly visible type or member 'ReportsApiController' [C:\Users\HP\AttendanceSystem\src\AttendanceSystem.API\AttendanceSystem.API.csproj]
C:\Users\HP\AttendanceSystem\src\AttendanceSystem.API\Controllers\ReportsApiController.cs(17,12): warning CS1591: Missing XML comment for publicly visible type or member 'ReportsApiController.ReportsApiController(ApplicationDbContext)' [C:\Users\HP\AttendanceSystem\src\AttendanceSystem.API\AttendanceSystem.API.csproj]
C:\Users\HP\AttendanceSystem\src\AttendanceSystem.API\Controllers\ReportsApiController.cs(20,84): warning CS1591: Missing XML comment for publicly visible type or member 'ReportsApiController.Attendance(DateOnly, DateOnly, int, int, CancellationToken)' [C:\Users\HP\AttendanceSystem\src\AttendanceSystem.API\AttendanceSystem.API.csproj]
C:\Users\HP\AttendanceSystem\src\AttendanceSystem.API\Controllers\ReportsApiController.cs(68,84): warning CS1591: Missing XML comment for publicly visible type or member 'ReportsApiController.Employees(int, int, CancellationToken)' [C:\Users\HP\AttendanceSystem\src\AttendanceSystem.API\AttendanceSystem.API.csproj]
C:\Users\HP\AttendanceSystem\src\AttendanceSystem.API\Controllers\ReportsApiController.cs(105,84): warning CS1591: Missing XML comment for publicly visible type or member 'ReportsApiController.Departments(int, int, CancellationToken)' [C:\Users\HP\AttendanceSystem\src\AttendanceSystem.API\AttendanceSystem.API.csproj]
C:\Users\HP\AttendanceSystem\src\AttendanceSystem.API\Controllers\ReportsApiController.cs(129,83): warning CS1591: Missing XML comment for publicly visible type or member 'ReportsApiController.Summary(DateOnly, DateOnly, CancellationToken)' [C:\Users\HP\AttendanceSystem\src\AttendanceSystem.API\AttendanceSystem.API.csproj]
C:\Users\HP\AttendanceSystem\src\AttendanceSystem.API\Controllers\ReportsApiController.cs(150,60): warning CS1591: Missing XML comment for publicly visible type or member 'ReportsApiController.OvertimeSummary(DateOnly, DateOnly, CancellationToken)' [C:\Users\HP\AttendanceSystem\src\AttendanceSystem.API\AttendanceSystem.API.csproj]
C:\Users\HP\AttendanceSystem\src\AttendanceSystem.API\Controllers\ReportsApiController.cs(165,38): warning CS1591: Missing XML comment for publicly visible type or member 'ReportsApiController.ExportExcel(string, DateOnly, DateOnly, CancellationToken)' [C:\Users\HP\AttendanceSystem\src\AttendanceSystem.API\AttendanceSystem.API.csproj]
C:\Users\HP\AttendanceSystem\src\AttendanceSystem.API\Controllers\ReportsApiController.cs(169,38): warning CS1591: Missing XML comment for publicly visible type or member 'ReportsApiController.ExportPdf(string, DateOnly, DateOnly, CancellationToken)' [C:\Users\HP\AttendanceSystem\src\AttendanceSystem.API\AttendanceSystem.API.csproj]
C:\Users\HP\AttendanceSystem\src\AttendanceSystem.API\Controllers\ReportsApiController.cs(199,22): warning CS1591: Missing XML comment for publicly visible type or member 'DepartmentReportSummaryApiDto' [C:\Users\HP\AttendanceSystem\src\AttendanceSystem.API\AttendanceSystem.API.csproj]
C:\Users\HP\AttendanceSystem\src\AttendanceSystem.API\Controllers\ReportsApiController.cs(199,22): warning CS1591: Missing XML comment for publicly visible type or member 'DepartmentReportSummaryApiDto.DepartmentReportSummaryApiDto(Guid, string, int, int, int)' [C:\Users\HP\AttendanceSystem\src\AttendanceSystem.API\AttendanceSystem.API.csproj]
C:\Users\HP\AttendanceSystem\src\AttendanceSystem.API\Controllers\ReportsApiController.cs(199,57): warning CS1591: Missing XML comment for publicly visible type or member 'DepartmentReportSummaryApiDto.DepartmentId' [C:\Users\HP\AttendanceSystem\src\AttendanceSystem.API\AttendanceSystem.API.csproj]
C:\Users\HP\AttendanceSystem\src\AttendanceSystem.API\Controllers\ReportsApiController.cs(199,78): warning CS1591: Missing XML comment for publicly visible type or member 'DepartmentReportSummaryApiDto.DepartmentName' [C:\Users\HP\AttendanceSystem\src\AttendanceSystem.API\AttendanceSystem.API.csproj]
C:\Users\HP\AttendanceSystem\src\AttendanceSystem.API\Controllers\ReportsApiController.cs(199,98): warning CS1591: Missing XML comment for publicly visible type or member 'DepartmentReportSummaryApiDto.Present' [C:\Users\HP\AttendanceSystem\src\AttendanceSystem.API\AttendanceSystem.API.csproj]
C:\Users\HP\AttendanceSystem\src\AttendanceSystem.API\Controllers\ReportsApiController.cs(199,111): warning CS1591: Missing XML comment for publicly visible type or member 'DepartmentReportSummaryApiDto.Late' [C:\Users\HP\AttendanceSystem\src\AttendanceSystem.API\AttendanceSystem.API.csproj]
C:\Users\HP\AttendanceSystem\src\AttendanceSystem.API\Controllers\ReportsApiController.cs(199,121): warning CS1591: Missing XML comment for publicly visible type or member 'DepartmentReportSummaryApiDto.Leave' [C:\Users\HP\AttendanceSystem\src\AttendanceSystem.API\AttendanceSystem.API.csproj]
C:\Users\HP\AttendanceSystem\src\AttendanceSystem.API\Controllers\ReportsApiController.cs(200,22): warning CS1591: Missing XML comment for publicly visible type or member 'OvertimeSummaryApiDto' [C:\Users\HP\AttendanceSystem\src\AttendanceSystem.API\AttendanceSystem.API.csproj]
C:\Users\HP\AttendanceSystem\src\AttendanceSystem.API\Controllers\ReportsApiController.cs(200,22): warning CS1591: Missing XML comment for publicly visible type or member 'OvertimeSummaryApiDto.OvertimeSummaryApiDto(decimal, decimal, decimal, int)' [C:\Users\HP\AttendanceSystem\src\AttendanceSystem.API\AttendanceSystem.API.csproj]
C:\Users\HP\AttendanceSystem\src\AttendanceSystem.API\Controllers\ReportsApiController.cs(200,52): warning CS1591: Missing XML comment for publicly visible type or member 'OvertimeSummaryApiDto.TotalOvertimeHours' [C:\Users\HP\AttendanceSystem\src\AttendanceSystem.API\AttendanceSystem.API.csproj]
C:\Users\HP\AttendanceSystem\src\AttendanceSystem.API\Controllers\ReportsApiController.cs(200,80): warning CS1591: Missing XML comment for publicly visible type or member 'OvertimeSummaryApiDto.AverageOvertimeHours' [C:\Users\HP\AttendanceSystem\src\AttendanceSystem.API\AttendanceSystem.API.csproj]
C:\Users\HP\AttendanceSystem\src\AttendanceSystem.API\Controllers\ReportsApiController.cs(200,110): warning CS1591: Missing XML comment for publicly visible type or member 'OvertimeSummaryApiDto.HighestOvertimeHours' [C:\Users\HP\AttendanceSystem\src\AttendanceSystem.API\AttendanceSystem.API.csproj]
C:\Users\HP\AttendanceSystem\src\AttendanceSystem.API\Controllers\ReportsApiController.cs(200,136): warning CS1591: Missing XML comment for publicly visible type or member 'OvertimeSummaryApiDto.RecordCount' [C:\Users\HP\AttendanceSystem\src\AttendanceSystem.API\AttendanceSystem.API.csproj]
C:\Users\HP\AttendanceSystem\src\AttendanceSystem.API\Controllers\SettingsApiController.cs(11,21): warning CS1591: Missing XML comment for publicly visible type or member 'SettingsApiController' [C:\Users\HP\AttendanceSystem\src\AttendanceSystem.API\AttendanceSystem.API.csproj]
C:\Users\HP\AttendanceSystem\src\AttendanceSystem.API\Controllers\SettingsApiController.cs(15,12): warning CS1591: Missing XML comment for publicly visible type or member 'SettingsApiController.SettingsApiController(ApplicationDbContext)' [C:\Users\HP\AttendanceSystem\src\AttendanceSystem.API\AttendanceSystem.API.csproj]
C:\Users\HP\AttendanceSystem\src\AttendanceSystem.API\Controllers\SettingsApiController.cs(18,48): warning CS1591: Missing XML comment for publicly visible type or member 'SettingsApiController.Company()' [C:\Users\HP\AttendanceSystem\src\AttendanceSystem.API\AttendanceSystem.API.csproj]
C:\Users\HP\AttendanceSystem\src\AttendanceSystem.API\Controllers\SettingsApiController.cs(22,60): warning CS1591: Missing XML comment for publicly visible type or member 'SettingsApiController.AttendanceRules(CancellationToken)' [C:\Users\HP\AttendanceSystem\src\AttendanceSystem.API\AttendanceSystem.API.csproj]
C:\Users\HP\AttendanceSystem\src\AttendanceSystem.API\Controllers\SettingsApiController.cs(29,66): warning CS1591: Missing XML comment for publicly visible type or member 'SettingsApiController.WorkSchedule(CancellationToken)' [C:\Users\HP\AttendanceSystem\src\AttendanceSystem.API\AttendanceSystem.API.csproj]
C:\Users\HP\AttendanceSystem\src\AttendanceSystem.API\Controllers\SettingsApiController.cs(44,56): warning CS1591: Missing XML comment for publicly visible type or member 'SettingsApiController.Gps(CancellationToken)' [C:\Users\HP\AttendanceSystem\src\AttendanceSystem.API\AttendanceSystem.API.csproj]
C:\Users\HP\AttendanceSystem\src\AttendanceSystem.API\Controllers\SettingsApiController.cs(56,82): warning CS1591: Missing XML comment for publicly visible type or member 'SettingsApiController.OfficeLocations(CancellationToken)' [C:\Users\HP\AttendanceSystem\src\AttendanceSystem.API\AttendanceSystem.API.csproj]
C:\Users\HP\AttendanceSystem\src\AttendanceSystem.API\Controllers\SettingsApiController.cs(68,22): warning CS1591: Missing XML comment for publicly visible type or member 'CompanySettingsApiDto' [C:\Users\HP\AttendanceSystem\src\AttendanceSystem.API\AttendanceSystem.API.csproj]
C:\Users\HP\AttendanceSystem\src\AttendanceSystem.API\Controllers\SettingsApiController.cs(68,22): warning CS1591: Missing XML comment for publicly visible type or member 'CompanySettingsApiDto.CompanySettingsApiDto(string?, string?, string?, string?, string?)' [C:\Users\HP\AttendanceSystem\src\AttendanceSystem.API\AttendanceSystem.API.csproj]
C:\Users\HP\AttendanceSystem\src\AttendanceSystem.API\Controllers\SettingsApiController.cs(68,52): warning CS1591: Missing XML comment for publicly visible type or member 'CompanySettingsApiDto.CompanyName' [C:\Users\HP\AttendanceSystem\src\AttendanceSystem.API\AttendanceSystem.API.csproj]
C:\Users\HP\AttendanceSystem\src\AttendanceSystem.API\Controllers\SettingsApiController.cs(68,73): warning CS1591: Missing XML comment for publicly visible type or member 'CompanySettingsApiDto.TimeZone' [C:\Users\HP\AttendanceSystem\src\AttendanceSystem.API\AttendanceSystem.API.csproj]
C:\Users\HP\AttendanceSystem\src\AttendanceSystem.API\Controllers\SettingsApiController.cs(68,91): warning CS1591: Missing XML comment for publicly visible type or member 'CompanySettingsApiDto.DateFormat' [C:\Users\HP\AttendanceSystem\src\AttendanceSystem.API\AttendanceSystem.API.csproj]
C:\Users\HP\AttendanceSystem\src\AttendanceSystem.API\Controllers\SettingsApiController.cs(68,111): warning CS1591: Missing XML comment for publicly visible type or member 'CompanySettingsApiDto.TimeFormat' [C:\Users\HP\AttendanceSystem\src\AttendanceSystem.API\AttendanceSystem.API.csproj]
C:\Users\HP\AttendanceSystem\src\AttendanceSystem.API\Controllers\SettingsApiController.cs(68,131): warning CS1591: Missing XML comment for publicly visible type or member 'CompanySettingsApiDto.LogoUrl' [C:\Users\HP\AttendanceSystem\src\AttendanceSystem.API\AttendanceSystem.API.csproj]
C:\Users\HP\AttendanceSystem\src\AttendanceSystem.API\Controllers\SettingsApiController.cs(69,22): warning CS1591: Missing XML comment for publicly visible type or member 'AttendanceRulesApiDto' [C:\Users\HP\AttendanceSystem\src\AttendanceSystem.API\AttendanceSystem.API.csproj]
C:\Users\HP\AttendanceSystem\src\AttendanceSystem.API\Controllers\SettingsApiController.cs(69,22): warning CS1591: Missing XML comment for publicly visible type or member 'AttendanceRulesApiDto.AttendanceRulesApiDto(int, bool, bool, bool, bool)' [C:\Users\HP\AttendanceSystem\src\AttendanceSystem.API\AttendanceSystem.API.csproj]
C:\Users\HP\AttendanceSystem\src\AttendanceSystem.API\Controllers\SettingsApiController.cs(69,48): warning CS1591: Missing XML comment for publicly visible type or member 'AttendanceRulesApiDto.GraceMinutes' [C:\Users\HP\AttendanceSystem\src\AttendanceSystem.API\AttendanceSystem.API.csproj]
C:\Users\HP\AttendanceSystem\src\AttendanceSystem.API\Controllers\SettingsApiController.cs(69,67): warning CS1591: Missing XML comment for publicly visible type or member 'AttendanceRulesApiDto.RequireGpsForCheckIn' [C:\Users\HP\AttendanceSystem\src\AttendanceSystem.API\AttendanceSystem.API.csproj]
C:\Users\HP\AttendanceSystem\src\AttendanceSystem.API\Controllers\SettingsApiController.cs(69,94): warning CS1591: Missing XML comment for publicly visible type or member 'AttendanceRulesApiDto.RequireGpsForCheckOut' [C:\Users\HP\AttendanceSystem\src\AttendanceSystem.API\AttendanceSystem.API.csproj]
C:\Users\HP\AttendanceSystem\src\AttendanceSystem.API\Controllers\SettingsApiController.cs(69,122): warning CS1591: Missing XML comment for publicly visible type or member 'AttendanceRulesApiDto.AllowRemoteCheckIn' [C:\Users\HP\AttendanceSystem\src\AttendanceSystem.API\AttendanceSystem.API.csproj]
C:\Users\HP\AttendanceSystem\src\AttendanceSystem.API\Controllers\SettingsApiController.cs(69,147): warning CS1591: Missing XML comment for publicly visible type or member 'AttendanceRulesApiDto.OvertimeEnabled' [C:\Users\HP\AttendanceSystem\src\AttendanceSystem.API\AttendanceSystem.API.csproj]
C:\Users\HP\AttendanceSystem\src\AttendanceSystem.API\Controllers\SettingsApiController.cs(70,22): warning CS1591: Missing XML comment for publicly visible type or member 'WorkScheduleSettingsApiDto' [C:\Users\HP\AttendanceSystem\src\AttendanceSystem.API\AttendanceSystem.API.csproj]
C:\Users\HP\AttendanceSystem\src\AttendanceSystem.API\Controllers\SettingsApiController.cs(70,22): warning CS1591: Missing XML comment for publicly visible type or member 'WorkScheduleSettingsApiDto.WorkScheduleSettingsApiDto(string?, TimeOnly?, TimeOnly?, int, decimal)' [C:\Users\HP\AttendanceSystem\src\AttendanceSystem.API\AttendanceSystem.API.csproj]
C:\Users\HP\AttendanceSystem\src\AttendanceSystem.API\Controllers\SettingsApiController.cs(70,57): warning CS1591: Missing XML comment for publicly visible type or member 'WorkScheduleSettingsApiDto.Name' [C:\Users\HP\AttendanceSystem\src\AttendanceSystem.API\AttendanceSystem.API.csproj]
C:\Users\HP\AttendanceSystem\src\AttendanceSystem.API\Controllers\SettingsApiController.cs(70,73): warning CS1591: Missing XML comment for publicly visible type or member 'WorkScheduleSettingsApiDto.ShiftStart' [C:\Users\HP\AttendanceSystem\src\AttendanceSystem.API\AttendanceSystem.API.csproj]
C:\Users\HP\AttendanceSystem\src\AttendanceSystem.API\Controllers\SettingsApiController.cs(70,95): warning CS1591: Missing XML comment for publicly visible type or member 'WorkScheduleSettingsApiDto.ShiftEnd' [C:\Users\HP\AttendanceSystem\src\AttendanceSystem.API\AttendanceSystem.API.csproj]
C:\Users\HP\AttendanceSystem\src\AttendanceSystem.API\Controllers\SettingsApiController.cs(70,109): warning CS1591: Missing XML comment for publicly visible type or member 'WorkScheduleSettingsApiDto.BreakDurationMinutes' [C:\Users\HP\AttendanceSystem\src\AttendanceSystem.API\AttendanceSystem.API.csproj]
C:\Users\HP\AttendanceSystem\src\AttendanceSystem.API\Controllers\SettingsApiController.cs(70,139): warning CS1591: Missing XML comment for publicly visible type or member 'WorkScheduleSettingsApiDto.StandardHoursPerDay' [C:\Users\HP\AttendanceSystem\src\AttendanceSystem.API\AttendanceSystem.API.csproj]
C:\Users\HP\AttendanceSystem\src\AttendanceSystem.API\Controllers\SettingsApiController.cs(71,22): warning CS1591: Missing XML comment for publicly visible type or member 'OfficeLocationSettingsApiDto' [C:\Users\HP\AttendanceSystem\src\AttendanceSystem.API\AttendanceSystem.API.csproj]
C:\Users\HP\AttendanceSystem\src\AttendanceSystem.API\Controllers\SettingsApiController.cs(71,22): warning CS1591: Missing XML comment for publicly visible type or member 'OfficeLocationSettingsApiDto.OfficeLocationSettingsApiDto(Guid, string, double, double, int, bool)' [C:\Users\HP\AttendanceSystem\src\AttendanceSystem.API\AttendanceSystem.API.csproj]
C:\Users\HP\AttendanceSystem\src\AttendanceSystem.API\Controllers\SettingsApiController.cs(71,56): warning CS1591: Missing XML comment for publicly visible type or member 'OfficeLocationSettingsApiDto.Id' [C:\Users\HP\AttendanceSystem\src\AttendanceSystem.API\AttendanceSystem.API.csproj]
C:\Users\HP\AttendanceSystem\src\AttendanceSystem.API\Controllers\SettingsApiController.cs(71,67): warning CS1591: Missing XML comment for publicly visible type or member 'OfficeLocationSettingsApiDto.Name' [C:\Users\HP\AttendanceSystem\src\AttendanceSystem.API\AttendanceSystem.API.csproj]
C:\Users\HP\AttendanceSystem\src\AttendanceSystem.API\Controllers\SettingsApiController.cs(71,80): warning CS1591: Missing XML comment for publicly visible type or member 'OfficeLocationSettingsApiDto.Latitude' [C:\Users\HP\AttendanceSystem\src\AttendanceSystem.API\AttendanceSystem.API.csproj]
C:\Users\HP\AttendanceSystem\src\AttendanceSystem.API\Controllers\SettingsApiController.cs(71,97): warning CS1591: Missing XML comment for publicly visible type or member 'OfficeLocationSettingsApiDto.Longitude' [C:\Users\HP\AttendanceSystem\src\AttendanceSystem.API\AttendanceSystem.API.csproj]
C:\Users\HP\AttendanceSystem\src\AttendanceSystem.API\Controllers\SettingsApiController.cs(71,112): warning CS1591: Missing XML comment for publicly visible type or member 'OfficeLocationSettingsApiDto.RadiusMeters' [C:\Users\HP\AttendanceSystem\src\AttendanceSystem.API\AttendanceSystem.API.csproj]
C:\Users\HP\AttendanceSystem\src\AttendanceSystem.API\Controllers\SettingsApiController.cs(71,131): warning CS1591: Missing XML comment for publicly visible type or member 'OfficeLocationSettingsApiDto.IsActive' [C:\Users\HP\AttendanceSystem\src\AttendanceSystem.API\AttendanceSystem.API.csproj]
C:\Users\HP\AttendanceSystem\src\AttendanceSystem.API\Controllers\SettingsApiController.cs(72,22): warning CS1591: Missing XML comment for publicly visible type or member 'GpsSettingsApiDto' [C:\Users\HP\AttendanceSystem\src\AttendanceSystem.API\AttendanceSystem.API.csproj]
C:\Users\HP\AttendanceSystem\src\AttendanceSystem.API\Controllers\SettingsApiController.cs(72,22): warning CS1591: Missing XML comment for publicly visible type or member 'GpsSettingsApiDto.GpsSettingsApiDto(bool, double, double, double, bool)' [C:\Users\HP\AttendanceSystem\src\AttendanceSystem.API\AttendanceSystem.API.csproj]
C:\Users\HP\AttendanceSystem\src\AttendanceSystem.API\Controllers\SettingsApiController.cs(72,45): warning CS1591: Missing XML comment for publicly visible type or member 'GpsSettingsApiDto.Enabled' [C:\Users\HP\AttendanceSystem\src\AttendanceSystem.API\AttendanceSystem.API.csproj]
C:\Users\HP\AttendanceSystem\src\AttendanceSystem.API\Controllers\SettingsApiController.cs(72,61): warning CS1591: Missing XML comment for publicly visible type or member 'GpsSettingsApiDto.OfficeLatitude' [C:\Users\HP\AttendanceSystem\src\AttendanceSystem.API\AttendanceSystem.API.csproj]
C:\Users\HP\AttendanceSystem\src\AttendanceSystem.API\Controllers\SettingsApiController.cs(72,84): warning CS1591: Missing XML comment for publicly visible type or member 'GpsSettingsApiDto.OfficeLongitude' [C:\Users\HP\AttendanceSystem\src\AttendanceSystem.API\AttendanceSystem.API.csproj]
C:\Users\HP\AttendanceSystem\src\AttendanceSystem.API\Controllers\SettingsApiController.cs(72,108): warning CS1591: Missing XML comment for publicly visible type or member 'GpsSettingsApiDto.AllowedRadiusMeters' [C:\Users\HP\AttendanceSystem\src\AttendanceSystem.API\AttendanceSystem.API.csproj]
C:\Users\HP\AttendanceSystem\src\AttendanceSystem.API\Controllers\SettingsApiController.cs(72,134): warning CS1591: Missing XML comment for publicly visible type or member 'GpsSettingsApiDto.BlockOutsideRadius' [C:\Users\HP\AttendanceSystem\src\AttendanceSystem.API\AttendanceSystem.API.csproj]
C:\Users\HP\AttendanceSystem\src\AttendanceSystem.API\Dtos\EmployeeStatisticsDto.cs(6,18): warning CS1591: Missing XML comment for publicly visible type or member 'EmployeeStatisticsDto' [C:\Users\HP\AttendanceSystem\src\AttendanceSystem.API\AttendanceSystem.API.csproj]
C:\Users\HP\AttendanceSystem\src\AttendanceSystem.API\Dtos\EmployeeStatisticsDto.cs(8,27): warning CS1591: Missing XML comment for publicly visible type or member 'EmployeeStatisticsDto.Summary' [C:\Users\HP\AttendanceSystem\src\AttendanceSystem.API\AttendanceSystem.API.csproj]
C:\Users\HP\AttendanceSystem\src\AttendanceSystem.API\Dtos\EmployeeStatisticsDto.cs(9,39): warning CS1591: Missing XML comment for publicly visible type or member 'EmployeeStatisticsDto.AttendanceAnalytics' [C:\Users\HP\AttendanceSystem\src\AttendanceSystem.API\AttendanceSystem.API.csproj]
C:\Users\HP\AttendanceSystem\src\AttendanceSystem.API\Dtos\EmployeeStatisticsDto.cs(10,43): warning CS1591: Missing XML comment for publicly visible type or member 'EmployeeStatisticsDto.AttendanceHistory' [C:\Users\HP\AttendanceSystem\src\AttendanceSystem.API\AttendanceSystem.API.csproj]
C:\Users\HP\AttendanceSystem\src\AttendanceSystem.API\Dtos\EmployeeStatisticsDto.cs(11,35): warning CS1591: Missing XML comment for publicly visible type or member 'EmployeeStatisticsDto.LeaveStatistics' [C:\Users\HP\AttendanceSystem\src\AttendanceSystem.API\AttendanceSystem.API.csproj]
C:\Users\HP\AttendanceSystem\src\AttendanceSystem.API\Dtos\EmployeeStatisticsDto.cs(12,33): warning CS1591: Missing XML comment for publicly visible type or member 'EmployeeStatisticsDto.GpsStatistics' [C:\Users\HP\AttendanceSystem\src\AttendanceSystem.API\AttendanceSystem.API.csproj]
C:\Users\HP\AttendanceSystem\src\AttendanceSystem.API\Dtos\EmployeeStatisticsDto.cs(15,18): warning CS1591: Missing XML comment for publicly visible type or member 'SummaryDto' [C:\Users\HP\AttendanceSystem\src\AttendanceSystem.API\AttendanceSystem.API.csproj]
C:\Users\HP\AttendanceSystem\src\AttendanceSystem.API\Dtos\EmployeeStatisticsDto.cs(17,20): warning CS1591: Missing XML comment for publicly visible type or member 'SummaryDto.TotalWorkingDays' [C:\Users\HP\AttendanceSystem\src\AttendanceSystem.API\AttendanceSystem.API.csproj]
C:\Users\HP\AttendanceSystem\src\AttendanceSystem.API\Dtos\EmployeeStatisticsDto.cs(18,20): warning CS1591: Missing XML comment for publicly visible type or member 'SummaryDto.PresentDays' [C:\Users\HP\AttendanceSystem\src\AttendanceSystem.API\AttendanceSystem.API.csproj]
C:\Users\HP\AttendanceSystem\src\AttendanceSystem.API\Dtos\EmployeeStatisticsDto.cs(19,20): warning CS1591: Missing XML comment for publicly visible type or member 'SummaryDto.LateDays' [C:\Users\HP\AttendanceSystem\src\AttendanceSystem.API\AttendanceSystem.API.csproj]
C:\Users\HP\AttendanceSystem\src\AttendanceSystem.API\Dtos\EmployeeStatisticsDto.cs(20,20): warning CS1591: Missing XML comment for publicly visible type or member 'SummaryDto.AbsentDays' [C:\Users\HP\AttendanceSystem\src\AttendanceSystem.API\AttendanceSystem.API.csproj]
C:\Users\HP\AttendanceSystem\src\AttendanceSystem.API\Dtos\EmployeeStatisticsDto.cs(21,23): warning CS1591: Missing XML comment for publicly visible type or member 'SummaryDto.TotalWorkingHours' [C:\Users\HP\AttendanceSystem\src\AttendanceSystem.API\AttendanceSystem.API.csproj]
C:\Users\HP\AttendanceSystem\src\AttendanceSystem.API\Dtos\EmployeeStatisticsDto.cs(22,23): warning CS1591: Missing XML comment for publicly visible type or member 'SummaryDto.OvertimeHours' [C:\Users\HP\AttendanceSystem\src\AttendanceSystem.API\AttendanceSystem.API.csproj]
C:\Users\HP\AttendanceSystem\src\AttendanceSystem.API\Dtos\EmployeeStatisticsDto.cs(23,20): warning CS1591: Missing XML comment for publicly visible type or member 'SummaryDto.LeaveRequests' [C:\Users\HP\AttendanceSystem\src\AttendanceSystem.API\AttendanceSystem.API.csproj]
C:\Users\HP\AttendanceSystem\src\AttendanceSystem.API\Dtos\EmployeeStatisticsDto.cs(24,20): warning CS1591: Missing XML comment for publicly visible type or member 'SummaryDto.ApprovedLeaves' [C:\Users\HP\AttendanceSystem\src\AttendanceSystem.API\AttendanceSystem.API.csproj]
C:\Users\HP\AttendanceSystem\src\AttendanceSystem.API\Dtos\EmployeeStatisticsDto.cs(26,24): warning CS1591: Missing XML comment for publicly visible type or member 'SummaryDto.TotalWorkingDaysChange' [C:\Users\HP\AttendanceSystem\src\AttendanceSystem.API\AttendanceSystem.API.csproj]
C:\Users\HP\AttendanceSystem\src\AttendanceSystem.API\Dtos\EmployeeStatisticsDto.cs(27,24): warning CS1591: Missing XML comment for publicly visible type or member 'SummaryDto.PresentDaysChange' [C:\Users\HP\AttendanceSystem\src\AttendanceSystem.API\AttendanceSystem.API.csproj]
C:\Users\HP\AttendanceSystem\src\AttendanceSystem.API\Dtos\EmployeeStatisticsDto.cs(28,24): warning CS1591: Missing XML comment for publicly visible type or member 'SummaryDto.LateDaysChange' [C:\Users\HP\AttendanceSystem\src\AttendanceSystem.API\AttendanceSystem.API.csproj]
C:\Users\HP\AttendanceSystem\src\AttendanceSystem.API\Dtos\EmployeeStatisticsDto.cs(29,24): warning CS1591: Missing XML comment for publicly visible type or member 'SummaryDto.AbsentDaysChange' [C:\Users\HP\AttendanceSystem\src\AttendanceSystem.API\AttendanceSystem.API.csproj]
C:\Users\HP\AttendanceSystem\src\AttendanceSystem.API\Dtos\EmployeeStatisticsDto.cs(30,24): warning CS1591: Missing XML comment for publicly visible type or member 'SummaryDto.TotalWorkingHoursChange' [C:\Users\HP\AttendanceSystem\src\AttendanceSystem.API\AttendanceSystem.API.csproj]
C:\Users\HP\AttendanceSystem\src\AttendanceSystem.API\Dtos\EmployeeStatisticsDto.cs(31,24): warning CS1591: Missing XML comment for publicly visible type or member 'SummaryDto.OvertimeHoursChange' [C:\Users\HP\AttendanceSystem\src\AttendanceSystem.API\AttendanceSystem.API.csproj]
C:\Users\HP\AttendanceSystem\src\AttendanceSystem.API\Dtos\EmployeeStatisticsDto.cs(32,24): warning CS1591: Missing XML comment for publicly visible type or member 'SummaryDto.LeaveRequestsChange' [C:\Users\HP\AttendanceSystem\src\AttendanceSystem.API\AttendanceSystem.API.csproj]
C:\Users\HP\AttendanceSystem\src\AttendanceSystem.API\Dtos\EmployeeStatisticsDto.cs(33,24): warning CS1591: Missing XML comment for publicly visible type or member 'SummaryDto.ApprovedLeavesChange' [C:\Users\HP\AttendanceSystem\src\AttendanceSystem.API\AttendanceSystem.API.csproj]
C:\Users\HP\AttendanceSystem\src\AttendanceSystem.API\Dtos\EmployeeStatisticsDto.cs(36,18): warning CS1591: Missing XML comment for publicly visible type or member 'AttendanceAnalyticsDto' [C:\Users\HP\AttendanceSystem\src\AttendanceSystem.API\AttendanceSystem.API.csproj]
C:\Users\HP\AttendanceSystem\src\AttendanceSystem.API\Dtos\EmployeeStatisticsDto.cs(38,23): warning CS1591: Missing XML comment for publicly visible type or member 'AttendanceAnalyticsDto.MonthlyAttendanceRate' [C:\Users\HP\AttendanceSystem\src\AttendanceSystem.API\AttendanceSystem.API.csproj]
C:\Users\HP\AttendanceSystem\src\AttendanceSystem.API\Dtos\EmployeeStatisticsDto.cs(39,23): warning CS1591: Missing XML comment for publicly visible type or member 'AttendanceAnalyticsDto.MonthlyWorkingHours' [C:\Users\HP\AttendanceSystem\src\AttendanceSystem.API\AttendanceSystem.API.csproj]
C:\Users\HP\AttendanceSystem\src\AttendanceSystem.API\Dtos\EmployeeStatisticsDto.cs(40,23): warning CS1591: Missing XML comment for publicly visible type or member 'AttendanceAnalyticsDto.MonthlyOvertime' [C:\Users\HP\AttendanceSystem\src\AttendanceSystem.API\AttendanceSystem.API.csproj]
C:\Users\HP\AttendanceSystem\src\AttendanceSystem.API\Dtos\EmployeeStatisticsDto.cs(41,23): warning CS1591: Missing XML comment for publicly visible type or member 'AttendanceAnalyticsDto.MonthlyLateMinutes' [C:\Users\HP\AttendanceSystem\src\AttendanceSystem.API\AttendanceSystem.API.csproj]
C:\Users\HP\AttendanceSystem\src\AttendanceSystem.API\Dtos\EmployeeStatisticsDto.cs(42,48): warning CS1591: Missing XML comment for publicly visible type or member 'AttendanceAnalyticsDto.MonthlyChartData' [C:\Users\HP\AttendanceSystem\src\AttendanceSystem.API\AttendanceSystem.API.csproj]
C:\Users\HP\AttendanceSystem\src\AttendanceSystem.API\Dtos\EmployeeStatisticsDto.cs(45,18): warning CS1591: Missing XML comment for publicly visible type or member 'MonthlyAttendanceChartDto' [C:\Users\HP\AttendanceSystem\src\AttendanceSystem.API\AttendanceSystem.API.csproj]
C:\Users\HP\AttendanceSystem\src\AttendanceSystem.API\Dtos\EmployeeStatisticsDto.cs(47,23): warning CS1591: Missing XML comment for publicly visible type or member 'MonthlyAttendanceChartDto.Month' [C:\Users\HP\AttendanceSystem\src\AttendanceSystem.API\AttendanceSystem.API.csproj]
C:\Users\HP\AttendanceSystem\src\AttendanceSystem.API\Dtos\EmployeeStatisticsDto.cs(48,23): warning CS1591: Missing XML comment for publicly visible type or member 'MonthlyAttendanceChartDto.AttendanceRate' [C:\Users\HP\AttendanceSystem\src\AttendanceSystem.API\AttendanceSystem.API.csproj]
C:\Users\HP\AttendanceSystem\src\AttendanceSystem.API\Dtos\EmployeeStatisticsDto.cs(49,23): warning CS1591: Missing XML comment for publicly visible type or member 'MonthlyAttendanceChartDto.WorkingHours' [C:\Users\HP\AttendanceSystem\src\AttendanceSystem.API\AttendanceSystem.API.csproj]
C:\Users\HP\AttendanceSystem\src\AttendanceSystem.API\Dtos\EmployeeStatisticsDto.cs(50,23): warning CS1591: Missing XML comment for publicly visible type or member 'MonthlyAttendanceChartDto.Overtime' [C:\Users\HP\AttendanceSystem\src\AttendanceSystem.API\AttendanceSystem.API.csproj]
C:\Users\HP\AttendanceSystem\src\AttendanceSystem.API\Dtos\EmployeeStatisticsDto.cs(51,23): warning CS1591: Missing XML comment for publicly visible type or member 'MonthlyAttendanceChartDto.LateMinutes' [C:\Users\HP\AttendanceSystem\src\AttendanceSystem.API\AttendanceSystem.API.csproj]
C:\Users\HP\AttendanceSystem\src\AttendanceSystem.API\Dtos\EmployeeStatisticsDto.cs(54,18): warning CS1591: Missing XML comment for publicly visible type or member 'AttendanceHistoryDto' [C:\Users\HP\AttendanceSystem\src\AttendanceSystem.API\AttendanceSystem.API.csproj]
C:\Users\HP\AttendanceSystem\src\AttendanceSystem.API\Dtos\EmployeeStatisticsDto.cs(56,25): warning CS1591: Missing XML comment for publicly visible type or member 'AttendanceHistoryDto.Date' [C:\Users\HP\AttendanceSystem\src\AttendanceSystem.API\AttendanceSystem.API.csproj]
C:\Users\HP\AttendanceSystem\src\AttendanceSystem.API\Dtos\EmployeeStatisticsDto.cs(57,26): warning CS1591: Missing XML comment for publicly visible type or member 'AttendanceHistoryDto.CheckInTime' [C:\Users\HP\AttendanceSystem\src\AttendanceSystem.API\AttendanceSystem.API.csproj]
C:\Users\HP\AttendanceSystem\src\AttendanceSystem.API\Dtos\EmployeeStatisticsDto.cs(58,26): warning CS1591: Missing XML comment for publicly visible type or member 'AttendanceHistoryDto.CheckOutTime' [C:\Users\HP\AttendanceSystem\src\AttendanceSystem.API\AttendanceSystem.API.csproj]
C:\Users\HP\AttendanceSystem\src\AttendanceSystem.API\Dtos\EmployeeStatisticsDto.cs(59,23): warning CS1591: Missing XML comment for publicly visible type or member 'AttendanceHistoryDto.WorkHours' [C:\Users\HP\AttendanceSystem\src\AttendanceSystem.API\AttendanceSystem.API.csproj]
C:\Users\HP\AttendanceSystem\src\AttendanceSystem.API\Dtos\EmployeeStatisticsDto.cs(60,23): warning CS1591: Missing XML comment for publicly visible type or member 'AttendanceHistoryDto.OvertimeHours' [C:\Users\HP\AttendanceSystem\src\AttendanceSystem.API\AttendanceSystem.API.csproj]
C:\Users\HP\AttendanceSystem\src\AttendanceSystem.API\Dtos\EmployeeStatisticsDto.cs(61,20): warning CS1591: Missing XML comment for publicly visible type or member 'AttendanceHistoryDto.LateMinutes' [C:\Users\HP\AttendanceSystem\src\AttendanceSystem.API\AttendanceSystem.API.csproj]
C:\Users\HP\AttendanceSystem\src\AttendanceSystem.API\Dtos\EmployeeStatisticsDto.cs(62,23): warning CS1591: Missing XML comment for publicly visible type or member 'AttendanceHistoryDto.Status' [C:\Users\HP\AttendanceSystem\src\AttendanceSystem.API\AttendanceSystem.API.csproj]
C:\Users\HP\AttendanceSystem\src\AttendanceSystem.API\Dtos\EmployeeStatisticsDto.cs(63,23): warning CS1591: Missing XML comment for publicly visible type or member 'AttendanceHistoryDto.VerificationMethod' [C:\Users\HP\AttendanceSystem\src\AttendanceSystem.API\AttendanceSystem.API.csproj]
C:\Users\HP\AttendanceSystem\src\AttendanceSystem.API\Dtos\EmployeeStatisticsDto.cs(66,18): warning CS1591: Missing XML comment for publicly visible type or member 'LeaveStatisticsDto' [C:\Users\HP\AttendanceSystem\src\AttendanceSystem.API\AttendanceSystem.API.csproj]
C:\Users\HP\AttendanceSystem\src\AttendanceSystem.API\Dtos\EmployeeStatisticsDto.cs(68,20): warning CS1591: Missing XML comment for publicly visible type or member 'LeaveStatisticsDto.TotalRequests' [C:\Users\HP\AttendanceSystem\src\AttendanceSystem.API\AttendanceSystem.API.csproj]
C:\Users\HP\AttendanceSystem\src\AttendanceSystem.API\Dtos\EmployeeStatisticsDto.cs(69,20): warning CS1591: Missing XML comment for publicly visible type or member 'LeaveStatisticsDto.Approved' [C:\Users\HP\AttendanceSystem\src\AttendanceSystem.API\AttendanceSystem.API.csproj]
C:\Users\HP\AttendanceSystem\src\AttendanceSystem.API\Dtos\EmployeeStatisticsDto.cs(70,20): warning CS1591: Missing XML comment for publicly visible type or member 'LeaveStatisticsDto.Rejected' [C:\Users\HP\AttendanceSystem\src\AttendanceSystem.API\AttendanceSystem.API.csproj]
C:\Users\HP\AttendanceSystem\src\AttendanceSystem.API\Dtos\EmployeeStatisticsDto.cs(71,20): warning CS1591: Missing XML comment for publicly visible type or member 'LeaveStatisticsDto.Pending' [C:\Users\HP\AttendanceSystem\src\AttendanceSystem.API\AttendanceSystem.API.csproj]
C:\Users\HP\AttendanceSystem\src\AttendanceSystem.API\Dtos\EmployeeStatisticsDto.cs(72,38): warning CS1591: Missing XML comment for publicly visible type or member 'LeaveStatisticsDto.LeaveHistory' [C:\Users\HP\AttendanceSystem\src\AttendanceSystem.API\AttendanceSystem.API.csproj]
C:\Users\HP\AttendanceSystem\src\AttendanceSystem.API\Dtos\EmployeeStatisticsDto.cs(75,18): warning CS1591: Missing XML comment for publicly visible type or member 'LeaveHistoryDto' [C:\Users\HP\AttendanceSystem\src\AttendanceSystem.API\AttendanceSystem.API.csproj]
C:\Users\HP\AttendanceSystem\src\AttendanceSystem.API\Dtos\EmployeeStatisticsDto.cs(77,21): warning CS1591: Missing XML comment for publicly visible type or member 'LeaveHistoryDto.LeaveRequestId' [C:\Users\HP\AttendanceSystem\src\AttendanceSystem.API\AttendanceSystem.API.csproj]
C:\Users\HP\AttendanceSystem\src\AttendanceSystem.API\Dtos\EmployeeStatisticsDto.cs(78,25): warning CS1591: Missing XML comment for publicly visible type or member 'LeaveHistoryDto.StartDate' [C:\Users\HP\AttendanceSystem\src\AttendanceSystem.API\AttendanceSystem.API.csproj]
C:\Users\HP\AttendanceSystem\src\AttendanceSystem.API\Dtos\EmployeeStatisticsDto.cs(79,25): warning CS1591: Missing XML comment for publicly visible type or member 'LeaveHistoryDto.EndDate' [C:\Users\HP\AttendanceSystem\src\AttendanceSystem.API\AttendanceSystem.API.csproj]
C:\Users\HP\AttendanceSystem\src\AttendanceSystem.API\Dtos\EmployeeStatisticsDto.cs(80,23): warning CS1591: Missing XML comment for publicly visible type or member 'LeaveHistoryDto.LeaveType' [C:\Users\HP\AttendanceSystem\src\AttendanceSystem.API\AttendanceSystem.API.csproj]
C:\Users\HP\AttendanceSystem\src\AttendanceSystem.API\Dtos\EmployeeStatisticsDto.cs(81,23): warning CS1591: Missing XML comment for publicly visible type or member 'LeaveHistoryDto.Status' [C:\Users\HP\AttendanceSystem\src\AttendanceSystem.API\AttendanceSystem.API.csproj]
C:\Users\HP\AttendanceSystem\src\AttendanceSystem.API\Dtos\EmployeeStatisticsDto.cs(82,25): warning CS1591: Missing XML comment for publicly visible type or member 'LeaveHistoryDto.RequestDate' [C:\Users\HP\AttendanceSystem\src\AttendanceSystem.API\AttendanceSystem.API.csproj]
C:\Users\HP\AttendanceSystem\src\AttendanceSystem.API\Dtos\EmployeeStatisticsDto.cs(85,18): warning CS1591: Missing XML comment for publicly visible type or member 'GpsStatisticsDto' [C:\Users\HP\AttendanceSystem\src\AttendanceSystem.API\AttendanceSystem.API.csproj]
C:\Users\HP\AttendanceSystem\src\AttendanceSystem.API\Dtos\EmployeeStatisticsDto.cs(87,20): warning CS1591: Missing XML comment for publicly visible type or member 'GpsStatisticsDto.TotalGpsRecords' [C:\Users\HP\AttendanceSystem\src\AttendanceSystem.API\AttendanceSystem.API.csproj]
C:\Users\HP\AttendanceSystem\src\AttendanceSystem.API\Dtos\EmployeeStatisticsDto.cs(88,25): warning CS1591: Missing XML comment for publicly visible type or member 'GpsStatisticsDto.LastGpsActivity' [C:\Users\HP\AttendanceSystem\src\AttendanceSystem.API\AttendanceSystem.API.csproj]
C:\Users\HP\AttendanceSystem\src\AttendanceSystem.API\Dtos\EmployeeStatisticsDto.cs(89,20): warning CS1591: Missing XML comment for publicly visible type or member 'GpsStatisticsDto.OfficeCheckins' [C:\Users\HP\AttendanceSystem\src\AttendanceSystem.API\AttendanceSystem.API.csproj]
C:\Users\HP\AttendanceSystem\src\AttendanceSystem.API\Dtos\EmployeeStatisticsDto.cs(90,20): warning CS1591: Missing XML comment for publicly visible type or member 'GpsStatisticsDto.RemoteCheckins' [C:\Users\HP\AttendanceSystem\src\AttendanceSystem.API\AttendanceSystem.API.csproj]
C:\Users\HP\AttendanceSystem\src\AttendanceSystem.API\Dtos\EmployeeStatisticsDto.cs(91,36): warning CS1591: Missing XML comment for publicly visible type or member 'GpsStatisticsDto.GpsHistory' [C:\Users\HP\AttendanceSystem\src\AttendanceSystem.API\AttendanceSystem.API.csproj]
C:\Users\HP\AttendanceSystem\src\AttendanceSystem.API\Dtos\EmployeeStatisticsDto.cs(94,18): warning CS1591: Missing XML comment for publicly visible type or member 'GpsHistoryDto' [C:\Users\HP\AttendanceSystem\src\AttendanceSystem.API\AttendanceSystem.API.csproj]
C:\Users\HP\AttendanceSystem\src\AttendanceSystem.API\Dtos\EmployeeStatisticsDto.cs(96,21): warning CS1591: Missing XML comment for publicly visible type or member 'GpsHistoryDto.PingId' [C:\Users\HP\AttendanceSystem\src\AttendanceSystem.API\AttendanceSystem.API.csproj]
C:\Users\HP\AttendanceSystem\src\AttendanceSystem.API\Dtos\EmployeeStatisticsDto.cs(97,25): warning CS1591: Missing XML comment for publicly visible type or member 'GpsHistoryDto.Timestamp' [C:\Users\HP\AttendanceSystem\src\AttendanceSystem.API\AttendanceSystem.API.csproj]
C:\Users\HP\AttendanceSystem\src\AttendanceSystem.API\Dtos\EmployeeStatisticsDto.cs(98,23): warning CS1591: Missing XML comment for publicly visible type or member 'GpsHistoryDto.Latitude' [C:\Users\HP\AttendanceSystem\src\AttendanceSystem.API\AttendanceSystem.API.csproj]
C:\Users\HP\AttendanceSystem\src\AttendanceSystem.API\Dtos\EmployeeStatisticsDto.cs(99,23): warning CS1591: Missing XML comment for publicly visible type or member 'GpsHistoryDto.Longitude' [C:\Users\HP\AttendanceSystem\src\AttendanceSystem.API\AttendanceSystem.API.csproj]
C:\Users\HP\AttendanceSystem\src\AttendanceSystem.API\Dtos\EmployeeStatisticsDto.cs(100,21): warning CS1591: Missing XML comment for publicly visible type or member 'GpsHistoryDto.IsOfficeCheckin' [C:\Users\HP\AttendanceSystem\src\AttendanceSystem.API\AttendanceSystem.API.csproj]
C:\Users\HP\AttendanceSystem\src\AttendanceSystem.API\Dtos\EmployeeStatisticsDto.cs(101,23): warning CS1591: Missing XML comment for publicly visible type or member 'GpsHistoryDto.Location' [C:\Users\HP\AttendanceSystem\src\AttendanceSystem.API\AttendanceSystem.API.csproj]
C:\Users\HP\AttendanceSystem\src\AttendanceSystem.API\Services\IEmployeeStatisticsService.cs(8,22): warning CS1591: Missing XML comment for publicly visible type or member 'IEmployeeStatisticsService' [C:\Users\HP\AttendanceSystem\src\AttendanceSystem.API\AttendanceSystem.API.csproj]
C:\Users\HP\AttendanceSystem\src\AttendanceSystem.API\Services\IEmployeeStatisticsService.cs(10,37): warning CS1591: Missing XML comment for publicly visible type or member 'IEmployeeStatisticsService.GetEmployeeStatisticsAsync(Guid)' [C:\Users\HP\AttendanceSystem\src\AttendanceSystem.API\AttendanceSystem.API.csproj]
C:\Users\HP\AttendanceSystem\src\AttendanceSystem.API\Services\IEmployeeStatisticsService.cs(11,42): warning CS1591: Missing XML comment for publicly visible type or member 'IEmployeeStatisticsService.GetAttendanceHistoryAsync(Guid, DateOnly, DateOnly)' [C:\Users\HP\AttendanceSystem\src\AttendanceSystem.API\AttendanceSystem.API.csproj]
C:\Users\HP\AttendanceSystem\src\AttendanceSystem.API\Services\IEmployeeStatisticsService.cs(12,34): warning CS1591: Missing XML comment for publicly visible type or member 'IEmployeeStatisticsService.GetLeaveStatisticsAsync(Guid)' [C:\Users\HP\AttendanceSystem\src\AttendanceSystem.API\AttendanceSystem.API.csproj]
C:\Users\HP\AttendanceSystem\src\AttendanceSystem.API\Services\IEmployeeStatisticsService.cs(13,32): warning CS1591: Missing XML comment for publicly visible type or member 'IEmployeeStatisticsService.GetGpsStatisticsAsync(Guid)' [C:\Users\HP\AttendanceSystem\src\AttendanceSystem.API\AttendanceSystem.API.csproj]
  AttendanceSystem.API -> C:\Users\HP\AttendanceSystem\src\AttendanceSystem.API\bin\Debug\net8.0\AttendanceSystem.API.dll
  AttendanceSystem.IntegrationTests -> C:\Users\HP\AttendanceSystem\tests\AttendanceSystem.IntegrationTests\bin\Debug\net8.0\AttendanceSystem.IntegrationTests.dll

Build succeeded.

C:\Users\HP\AttendanceSystem\src\AttendanceSystem.API\Dtos\EmployeeStatisticsDto.cs(8,27): warning CS8618: Non-nullable property 'Summary' must contain a non-null value when exiting constructor. Consider adding the 'required' modifier or declaring the property as nullable. [C:\Users\HP\AttendanceSystem\src\AttendanceSystem.API\AttendanceSystem.API.csproj]
C:\Users\HP\AttendanceSystem\src\AttendanceSystem.API\Dtos\EmployeeStatisticsDto.cs(9,39): warning CS8618: Non-nullable property 'AttendanceAnalytics' must contain a non-null value when exiting constructor. Consider adding the 'required' modifier or declaring the property as nullable. [C:\Users\HP\AttendanceSystem\src\AttendanceSystem.API\AttendanceSystem.API.csproj]
C:\Users\HP\AttendanceSystem\src\AttendanceSystem.API\Dtos\EmployeeStatisticsDto.cs(10,43): warning CS8618: Non-nullable property 'AttendanceHistory' must contain a non-null value when exiting constructor. Consider adding the 'required' modifier or declaring the property as nullable. [C:\Users\HP\AttendanceSystem\src\AttendanceSystem.API\AttendanceSystem.API.csproj]
C:\Users\HP\AttendanceSystem\src\AttendanceSystem.API\Dtos\EmployeeStatisticsDto.cs(11,35): warning CS8618: Non-nullable property 'LeaveStatistics' must contain a non-null value when exiting constructor. Consider adding the 'required' modifier or declaring the property as nullable. [C:\Users\HP\AttendanceSystem\src\AttendanceSystem.API\AttendanceSystem.API.csproj]
C:\Users\HP\AttendanceSystem\src\AttendanceSystem.API\Dtos\EmployeeStatisticsDto.cs(12,33): warning CS8618: Non-nullable property 'GpsStatistics' must contain a non-null value when exiting constructor. Consider adding the 'required' modifier or declaring the property as nullable. [C:\Users\HP\AttendanceSystem\src\AttendanceSystem.API\AttendanceSystem.API.csproj]
C:\Users\HP\AttendanceSystem\src\AttendanceSystem.API\Dtos\EmployeeStatisticsDto.cs(42,48): warning CS8618: Non-nullable property 'MonthlyChartData' must contain a non-null value when exiting constructor. Consider adding the 'required' modifier or declaring the property as nullable. [C:\Users\HP\AttendanceSystem\src\AttendanceSystem.API\AttendanceSystem.API.csproj]
C:\Users\HP\AttendanceSystem\src\AttendanceSystem.API\Dtos\EmployeeStatisticsDto.cs(62,23): warning CS8618: Non-nullable property 'Status' must contain a non-null value when exiting constructor. Consider adding the 'required' modifier or declaring the property as nullable. [C:\Users\HP\AttendanceSystem\src\AttendanceSystem.API\AttendanceSystem.API.csproj]
C:\Users\HP\AttendanceSystem\src\AttendanceSystem.API\Dtos\EmployeeStatisticsDto.cs(63,23): warning CS8618: Non-nullable property 'VerificationMethod' must contain a non-null value when exiting constructor. Consider adding the 'required' modifier or declaring the property as nullable. [C:\Users\HP\AttendanceSystem\src\AttendanceSystem.API\AttendanceSystem.API.csproj]
C:\Users\HP\AttendanceSystem\src\AttendanceSystem.API\Dtos\EmployeeStatisticsDto.cs(101,23): warning CS8618: Non-nullable property 'Location' must contain a non-null value when exiting constructor. Consider adding the 'required' modifier or declaring the property as nullable. [C:\Users\HP\AttendanceSystem\src\AttendanceSystem.API\AttendanceSystem.API.csproj]
C:\Users\HP\AttendanceSystem\src\AttendanceSystem.API\Dtos\EmployeeStatisticsDto.cs(47,23): warning CS8618: Non-nullable property 'Month' must contain a non-null value when exiting constructor. Consider adding the 'required' modifier or declaring the property as nullable. [C:\Users\HP\AttendanceSystem\src\AttendanceSystem.API\AttendanceSystem.API.csproj]
C:\Users\HP\AttendanceSystem\src\AttendanceSystem.API\Dtos\EmployeeStatisticsDto.cs(72,38): warning CS8618: Non-nullable property 'LeaveHistory' must contain a non-null value when exiting constructor. Consider adding the 'required' modifier or declaring the property as nullable. [C:\Users\HP\AttendanceSystem\src\AttendanceSystem.API\AttendanceSystem.API.csproj]
C:\Users\HP\AttendanceSystem\src\AttendanceSystem.API\Dtos\EmployeeStatisticsDto.cs(80,23): warning CS8618: Non-nullable property 'LeaveType' must contain a non-null value when exiting constructor. Consider adding the 'required' modifier or declaring the property as nullable. [C:\Users\HP\AttendanceSystem\src\AttendanceSystem.API\AttendanceSystem.API.csproj]
C:\Users\HP\AttendanceSystem\src\AttendanceSystem.API\Dtos\EmployeeStatisticsDto.cs(81,23): warning CS8618: Non-nullable property 'Status' must contain a non-null value when exiting constructor. Consider adding the 'required' modifier or declaring the property as nullable. [C:\Users\HP\AttendanceSystem\src\AttendanceSystem.API\AttendanceSystem.API.csproj]
C:\Users\HP\AttendanceSystem\src\AttendanceSystem.API\Controllers\EmployeeStatisticsController.cs(50,30): warning CS0168: The variable 'ex' is declared but never used [C:\Users\HP\AttendanceSystem\src\AttendanceSystem.API\AttendanceSystem.API.csproj]
C:\Users\HP\AttendanceSystem\src\AttendanceSystem.API\Dtos\EmployeeStatisticsDto.cs(91,36): warning CS8618: Non-nullable property 'GpsHistory' must contain a non-null value when exiting constructor. Consider adding the 'required' modifier or declaring the property as nullable. [C:\Users\HP\AttendanceSystem\src\AttendanceSystem.API\AttendanceSystem.API.csproj]
C:\Users\HP\AttendanceSystem\src\AttendanceSystem.API\Controllers\AiController.cs(21,12): warning CS1591: Missing XML comment for publicly visible type or member 'AiController.AiController(IAiChatService, ILogger<AiController>)' [C:\Users\HP\AttendanceSystem\src\AttendanceSystem.API\AttendanceSystem.API.csproj]
C:\Users\HP\AttendanceSystem\src\AttendanceSystem.API\Controllers\AttendanceController.cs(31,12): warning CS1591: Missing XML comment for publicly visible type or member 'AttendanceController.AttendanceController(IMediator, ApplicationDbContext, ILogger<AttendanceController>)' [C:\Users\HP\AttendanceSystem\src\AttendanceSystem.API\AttendanceSystem.API.csproj]
C:\Users\HP\AttendanceSystem\src\AttendanceSystem.API\Controllers\AttendanceController.cs(149,38): warning CS1591: Missing XML comment for publicly visible type or member 'AttendanceController.History(DateOnly?, DateOnly?, int, int, CancellationToken)' [C:\Users\HP\AttendanceSystem\src\AttendanceSystem.API\AttendanceSystem.API.csproj]
C:\Users\HP\AttendanceSystem\src\AttendanceSystem.API\Controllers\AttendanceController.cs(197,38): warning CS1591: Missing XML comment for publicly visible type or member 'AttendanceController.Records(DateOnly?, DateOnly?, Guid?, int, int, CancellationToken)' [C:\Users\HP\AttendanceSystem\src\AttendanceSystem.API\AttendanceSystem.API.csproj]
C:\Users\HP\AttendanceSystem\src\AttendanceSystem.API\Controllers\AttendanceController.cs(246,63): warning CS1591: Missing XML comment for publicly visible type or member 'AttendanceController.ValidateLocationGet(double, double, CancellationToken)' [C:\Users\HP\AttendanceSystem\src\AttendanceSystem.API\AttendanceSystem.API.csproj]
C:\Users\HP\AttendanceSystem\src\AttendanceSystem.API\Controllers\AttendanceController.cs(253,63): warning CS1591: Missing XML comment for publicly visible type or member 'AttendanceController.ValidateLocationPost(LocationValidationRequestApiDto, CancellationToken)' [C:\Users\HP\AttendanceSystem\src\AttendanceSystem.API\AttendanceSystem.API.csproj]
C:\Users\HP\AttendanceSystem\src\AttendanceSystem.API\Controllers\AttendanceController.cs(259,26): warning CS1591: Missing XML comment for publicly visible type or member 'AttendanceController.Debug()' [C:\Users\HP\AttendanceSystem\src\AttendanceSystem.API\AttendanceSystem.API.csproj]
C:\Users\HP\AttendanceSystem\src\AttendanceSystem.API\Controllers\AttendanceController.cs(324,22): warning CS1591: Missing XML comment for publicly visible type or member 'AttendanceStatisticsApiDto' [C:\Users\HP\AttendanceSystem\src\AttendanceSystem.API\AttendanceSystem.API.csproj]
C:\Users\HP\AttendanceSystem\src\AttendanceSystem.API\Controllers\AttendanceController.cs(324,22): warning CS1591: Missing XML comment for publicly visible type or member 'AttendanceStatisticsApiDto.AttendanceStatisticsApiDto(int, int, int, int, decimal, decimal)' [C:\Users\HP\AttendanceSystem\src\AttendanceSystem.API\AttendanceSystem.API.csproj]
C:\Users\HP\AttendanceSystem\src\AttendanceSystem.API\Controllers\AttendanceController.cs(325,9): warning CS1591: Missing XML comment for publicly visible type or member 'AttendanceStatisticsApiDto.PresentDays' [C:\Users\HP\AttendanceSystem\src\AttendanceSystem.API\AttendanceSystem.API.csproj]
C:\Users\HP\AttendanceSystem\src\AttendanceSystem.API\Controllers\AttendanceController.cs(326,9): warning CS1591: Missing XML comment for publicly visible type or member 'AttendanceStatisticsApiDto.AbsentDays' [C:\Users\HP\AttendanceSystem\src\AttendanceSystem.API\AttendanceSystem.API.csproj]
C:\Users\HP\AttendanceSystem\src\AttendanceSystem.API\Controllers\AttendanceController.cs(327,9): warning CS1591: Missing XML comment for publicly visible type or member 'AttendanceStatisticsApiDto.LateDays' [C:\Users\HP\AttendanceSystem\src\AttendanceSystem.API\AttendanceSystem.API.csproj]
C:\Users\HP\AttendanceSystem\src\AttendanceSystem.API\Controllers\AttendanceController.cs(328,9): warning CS1591: Missing XML comment for publicly visible type or member 'AttendanceStatisticsApiDto.LeaveDays' [C:\Users\HP\AttendanceSystem\src\AttendanceSystem.API\AttendanceSystem.API.csproj]
C:\Users\HP\AttendanceSystem\src\AttendanceSystem.API\Controllers\AttendanceController.cs(329,13): warning CS1591: Missing XML comment for publicly visible type or member 'AttendanceStatisticsApiDto.OvertimeHours' [C:\Users\HP\AttendanceSystem\src\AttendanceSystem.API\AttendanceSystem.API.csproj]
C:\Users\HP\AttendanceSystem\src\AttendanceSystem.API\Controllers\AttendanceController.cs(330,13): warning CS1591: Missing XML comment for publicly visible type or member 'AttendanceStatisticsApiDto.AttendanceRate' [C:\Users\HP\AttendanceSystem\src\AttendanceSystem.API\AttendanceSystem.API.csproj]
C:\Users\HP\AttendanceSystem\src\AttendanceSystem.API\Controllers\AttendanceController.cs(332,22): warning CS1591: Missing XML comment for publicly visible type or member 'TodayAttendanceApiDto' [C:\Users\HP\AttendanceSystem\src\AttendanceSystem.API\AttendanceSystem.API.csproj]
C:\Users\HP\AttendanceSystem\src\AttendanceSystem.API\Controllers\AttendanceController.cs(332,22): warning CS1591: Missing XML comment for publicly visible type or member 'TodayAttendanceApiDto.TodayAttendanceApiDto(Guid, Guid, DateOnly, DateTime?, DateTime?, decimal, decimal, decimal, decimal, string?, string?, string?, bool, bool)' [C:\Users\HP\AttendanceSystem\src\AttendanceSystem.API\AttendanceSystem.API.csproj]
C:\Users\HP\AttendanceSystem\src\AttendanceSystem.API\Controllers\AttendanceController.cs(333,10): warning CS1591: Missing XML comment for publicly visible type or member 'TodayAttendanceApiDto.Id' [C:\Users\HP\AttendanceSystem\src\AttendanceSystem.API\AttendanceSystem.API.csproj]
C:\Users\HP\AttendanceSystem\src\AttendanceSystem.API\Controllers\AttendanceController.cs(334,10): warning CS1591: Missing XML comment for publicly visible type or member 'TodayAttendanceApiDto.EmployeeId' [C:\Users\HP\AttendanceSystem\src\AttendanceSystem.API\AttendanceSystem.API.csproj]
C:\Users\HP\AttendanceSystem\src\AttendanceSystem.API\Controllers\AttendanceController.cs(335,14): warning CS1591: Missing XML comment for publicly visible type or member 'TodayAttendanceApiDto.Date' [C:\Users\HP\AttendanceSystem\src\AttendanceSystem.API\AttendanceSystem.API.csproj]
C:\Users\HP\AttendanceSystem\src\AttendanceSystem.API\Controllers\AttendanceController.cs(336,15): warning CS1591: Missing XML comment for publicly visible type or member 'TodayAttendanceApiDto.CheckInTime' [C:\Users\HP\AttendanceSystem\src\AttendanceSystem.API\AttendanceSystem.API.csproj]
C:\Users\HP\AttendanceSystem\src\AttendanceSystem.API\Controllers\AttendanceController.cs(337,15): warning CS1591: Missing XML comment for publicly visible type or member 'TodayAttendanceApiDto.CheckOutTime' [C:\Users\HP\AttendanceSystem\src\AttendanceSystem.API\AttendanceSystem.API.csproj]
C:\Users\HP\AttendanceSystem\src\AttendanceSystem.API\Controllers\AttendanceController.cs(338,13): warning CS1591: Missing XML comment for publicly visible type or member 'TodayAttendanceApiDto.WorkHours' [C:\Users\HP\AttendanceSystem\src\AttendanceSystem.API\AttendanceSystem.API.csproj]
C:\Users\HP\AttendanceSystem\src\AttendanceSystem.API\Controllers\AttendanceController.cs(339,13): warning CS1591: Missing XML comment for publicly visible type or member 'TodayAttendanceApiDto.Overtime' [C:\Users\HP\AttendanceSystem\src\AttendanceSystem.API\AttendanceSystem.API.csproj]
C:\Users\HP\AttendanceSystem\src\AttendanceSystem.API\Controllers\AttendanceController.cs(340,13): warning CS1591: Missing XML comment for publicly visible type or member 'TodayAttendanceApiDto.OvertimeHours' [C:\Users\HP\AttendanceSystem\src\AttendanceSystem.API\AttendanceSystem.API.csproj]
C:\Users\HP\AttendanceSystem\src\AttendanceSystem.API\Controllers\AttendanceController.cs(341,13): warning CS1591: Missing XML comment for publicly visible type or member 'TodayAttendanceApiDto.LateMinutes' [C:\Users\HP\AttendanceSystem\src\AttendanceSystem.API\AttendanceSystem.API.csproj]
C:\Users\HP\AttendanceSystem\src\AttendanceSystem.API\Controllers\AttendanceController.cs(342,13): warning CS1591: Missing XML comment for publicly visible type or member 'TodayAttendanceApiDto.VerificationMethod' [C:\Users\HP\AttendanceSystem\src\AttendanceSystem.API\AttendanceSystem.API.csproj]
C:\Users\HP\AttendanceSystem\src\AttendanceSystem.API\Controllers\AttendanceController.cs(343,13): warning CS1591: Missing XML comment for publicly visible type or member 'TodayAttendanceApiDto.AttendanceStatus' [C:\Users\HP\AttendanceSystem\src\AttendanceSystem.API\AttendanceSystem.API.csproj]
C:\Users\HP\AttendanceSystem\src\AttendanceSystem.API\Controllers\AttendanceController.cs(344,13): warning CS1591: Missing XML comment for publicly visible type or member 'TodayAttendanceApiDto.Status' [C:\Users\HP\AttendanceSystem\src\AttendanceSystem.API\AttendanceSystem.API.csproj]
C:\Users\HP\AttendanceSystem\src\AttendanceSystem.API\Controllers\AttendanceController.cs(345,10): warning CS1591: Missing XML comment for publicly visible type or member 'TodayAttendanceApiDto.IsSuspicious' [C:\Users\HP\AttendanceSystem\src\AttendanceSystem.API\AttendanceSystem.API.csproj]
C:\Users\HP\AttendanceSystem\src\AttendanceSystem.API\Controllers\AttendanceController.cs(346,10): warning CS1591: Missing XML comment for publicly visible type or member 'TodayAttendanceApiDto.IsAutoGeo' [C:\Users\HP\AttendanceSystem\src\AttendanceSystem.API\AttendanceSystem.API.csproj]
C:\Users\HP\AttendanceSystem\src\AttendanceSystem.API\Controllers\AttendanceController.cs(348,22): warning CS1591: Missing XML comment for publicly visible type or member 'AttendanceHistoryApiDto' [C:\Users\HP\AttendanceSystem\src\AttendanceSystem.API\AttendanceSystem.API.csproj]
C:\Users\HP\AttendanceSystem\src\AttendanceSystem.API\Controllers\AttendanceController.cs(348,22): warning CS1591: Missing XML comment for publicly visible type or member 'AttendanceHistoryApiDto.AttendanceHistoryApiDto(Guid, Guid?, string?, DateOnly, DateTime?, DateTime?, decimal, decimal, decimal, decimal, string?, string?, string?)' [C:\Users\HP\AttendanceSystem\src\AttendanceSystem.API\AttendanceSystem.API.csproj]
C:\Users\HP\AttendanceSystem\src\AttendanceSystem.API\Controllers\AttendanceController.cs(349,10): warning CS1591: Missing XML comment for publicly visible type or member 'AttendanceHistoryApiDto.Id' [C:\Users\HP\AttendanceSystem\src\AttendanceSystem.API\AttendanceSystem.API.csproj]
C:\Users\HP\AttendanceSystem\src\AttendanceSystem.API\Controllers\AttendanceController.cs(350,11): warning CS1591: Missing XML comment for publicly visible type or member 'AttendanceHistoryApiDto.EmployeeId' [C:\Users\HP\AttendanceSystem\src\AttendanceSystem.API\AttendanceSystem.API.csproj]
C:\Users\HP\AttendanceSystem\src\AttendanceSystem.API\Controllers\AttendanceController.cs(351,13): warning CS1591: Missing XML comment for publicly visible type or member 'AttendanceHistoryApiDto.EmployeeName' [C:\Users\HP\AttendanceSystem\src\AttendanceSystem.API\AttendanceSystem.API.csproj]
C:\Users\HP\AttendanceSystem\src\AttendanceSystem.API\Controllers\AttendanceController.cs(352,14): warning CS1591: Missing XML comment for publicly visible type or member 'AttendanceHistoryApiDto.Date' [C:\Users\HP\AttendanceSystem\src\AttendanceSystem.API\AttendanceSystem.API.csproj]
C:\Users\HP\AttendanceSystem\src\AttendanceSystem.API\Controllers\AttendanceController.cs(353,15): warning CS1591: Missing XML comment for publicly visible type or member 'AttendanceHistoryApiDto.CheckInTime' [C:\Users\HP\AttendanceSystem\src\AttendanceSystem.API\AttendanceSystem.API.csproj]
C:\Users\HP\AttendanceSystem\src\AttendanceSystem.API\Controllers\AttendanceController.cs(354,15): warning CS1591: Missing XML comment for publicly visible type or member 'AttendanceHistoryApiDto.CheckOutTime' [C:\Users\HP\AttendanceSystem\src\AttendanceSystem.API\AttendanceSystem.API.csproj]
C:\Users\HP\AttendanceSystem\src\AttendanceSystem.API\Controllers\AttendanceController.cs(355,13): warning CS1591: Missing XML comment for publicly visible type or member 'AttendanceHistoryApiDto.WorkHours' [C:\Users\HP\AttendanceSystem\src\AttendanceSystem.API\AttendanceSystem.API.csproj]
C:\Users\HP\AttendanceSystem\src\AttendanceSystem.API\Controllers\AttendanceController.cs(356,13): warning CS1591: Missing XML comment for publicly visible type or member 'AttendanceHistoryApiDto.Overtime' [C:\Users\HP\AttendanceSystem\src\AttendanceSystem.API\AttendanceSystem.API.csproj]
C:\Users\HP\AttendanceSystem\src\AttendanceSystem.API\Controllers\AttendanceController.cs(357,13): warning CS1591: Missing XML comment for publicly visible type or member 'AttendanceHistoryApiDto.OvertimeHours' [C:\Users\HP\AttendanceSystem\src\AttendanceSystem.API\AttendanceSystem.API.csproj]
C:\Users\HP\AttendanceSystem\src\AttendanceSystem.API\Controllers\AttendanceController.cs(358,13): warning CS1591: Missing XML comment for publicly visible type or member 'AttendanceHistoryApiDto.LateMinutes' [C:\Users\HP\AttendanceSystem\src\AttendanceSystem.API\AttendanceSystem.API.csproj]
C:\Users\HP\AttendanceSystem\src\AttendanceSystem.API\Controllers\AttendanceController.cs(359,13): warning CS1591: Missing XML comment for publicly visible type or member 'AttendanceHistoryApiDto.VerificationMethod' [C:\Users\HP\AttendanceSystem\src\AttendanceSystem.API\AttendanceSystem.API.csproj]
C:\Users\HP\AttendanceSystem\src\AttendanceSystem.API\Controllers\AttendanceController.cs(360,13): warning CS1591: Missing XML comment for publicly visible type or member 'AttendanceHistoryApiDto.AttendanceStatus' [C:\Users\HP\AttendanceSystem\src\AttendanceSystem.API\AttendanceSystem.API.csproj]
C:\Users\HP\AttendanceSystem\src\AttendanceSystem.API\Controllers\AttendanceController.cs(361,13): warning CS1591: Missing XML comment for publicly visible type or member 'AttendanceHistoryApiDto.Status' [C:\Users\HP\AttendanceSystem\src\AttendanceSystem.API\AttendanceSystem.API.csproj]
C:\Users\HP\AttendanceSystem\src\AttendanceSystem.API\Controllers\AttendanceController.cs(363,22): warning CS1591: Missing XML comment for publicly visible type or member 'LocationValidationRequestApiDto' [C:\Users\HP\AttendanceSystem\src\AttendanceSystem.API\AttendanceSystem.API.csproj]
C:\Users\HP\AttendanceSystem\src\AttendanceSystem.API\Controllers\AttendanceController.cs(363,22): warning CS1591: Missing XML comment for publicly visible type or member 'LocationValidationRequestApiDto.LocationValidationRequestApiDto(double, double)' [C:\Users\HP\AttendanceSystem\src\AttendanceSystem.API\AttendanceSystem.API.csproj]
C:\Users\HP\AttendanceSystem\src\AttendanceSystem.API\Controllers\AttendanceController.cs(363,61): warning CS1591: Missing XML comment for publicly visible type or member 'LocationValidationRequestApiDto.Latitude' [C:\Users\HP\AttendanceSystem\src\AttendanceSystem.API\AttendanceSystem.API.csproj]
C:\Users\HP\AttendanceSystem\src\AttendanceSystem.API\Controllers\AttendanceController.cs(363,78): warning CS1591: Missing XML comment for publicly visible type or member 'LocationValidationRequestApiDto.Longitude' [C:\Users\HP\AttendanceSystem\src\AttendanceSystem.API\AttendanceSystem.API.csproj]
C:\Users\HP\AttendanceSystem\src\AttendanceSystem.API\Controllers\AttendanceController.cs(364,22): warning CS1591: Missing XML comment for publicly visible type or member 'LocationValidationApiDto' [C:\Users\HP\AttendanceSystem\src\AttendanceSystem.API\AttendanceSystem.API.csproj]
C:\Users\HP\AttendanceSystem\src\AttendanceSystem.API\Controllers\AttendanceController.cs(364,22): warning CS1591: Missing XML comment for publicly visible type or member 'LocationValidationApiDto.LocationValidationApiDto(string?, string?, double, double, string?, bool, bool, string?)' [C:\Users\HP\AttendanceSystem\src\AttendanceSystem.API\AttendanceSystem.API.csproj]
C:\Users\HP\AttendanceSystem\src\AttendanceSystem.API\Controllers\AttendanceController.cs(365,13): warning CS1591: Missing XML comment for publicly visible type or member 'LocationValidationApiDto.CurrentLocation' [C:\Users\HP\AttendanceSystem\src\AttendanceSystem.API\AttendanceSystem.API.csproj]
C:\Users\HP\AttendanceSystem\src\AttendanceSystem.API\Controllers\AttendanceController.cs(366,13): warning CS1591: Missing XML comment for publicly visible type or member 'LocationValidationApiDto.OfficeLocation' [C:\Users\HP\AttendanceSystem\src\AttendanceSystem.API\AttendanceSystem.API.csproj]
C:\Users\HP\AttendanceSystem\src\AttendanceSystem.API\Controllers\AttendanceController.cs(367,12): warning CS1591: Missing XML comment for publicly visible type or member 'LocationValidationApiDto.Distance' [C:\Users\HP\AttendanceSystem\src\AttendanceSystem.API\AttendanceSystem.API.csproj]
C:\Users\HP\AttendanceSystem\src\AttendanceSystem.API\Controllers\AttendanceController.cs(368,12): warning CS1591: Missing XML comment for publicly visible type or member 'LocationValidationApiDto.DistanceMeters' [C:\Users\HP\AttendanceSystem\src\AttendanceSystem.API\AttendanceSystem.API.csproj]
C:\Users\HP\AttendanceSystem\src\AttendanceSystem.API\Controllers\AttendanceController.cs(369,13): warning CS1591: Missing XML comment for publicly visible type or member 'LocationValidationApiDto.ValidationStatus' [C:\Users\HP\AttendanceSystem\src\AttendanceSystem.API\AttendanceSystem.API.csproj]
C:\Users\HP\AttendanceSystem\src\AttendanceSystem.API\Controllers\AttendanceController.cs(370,10): warning CS1591: Missing XML comment for publicly visible type or member 'LocationValidationApiDto.IsValid' [C:\Users\HP\AttendanceSystem\src\AttendanceSystem.API\AttendanceSystem.API.csproj]
C:\Users\HP\AttendanceSystem\src\AttendanceSystem.API\Controllers\AttendanceController.cs(371,10): warning CS1591: Missing XML comment for publicly visible type or member 'LocationValidationApiDto.IsWithinAllowedRadius' [C:\Users\HP\AttendanceSystem\src\AttendanceSystem.API\AttendanceSystem.API.csproj]
C:\Users\HP\AttendanceSystem\src\AttendanceSystem.API\Controllers\AttendanceController.cs(372,13): warning CS1591: Missing XML comment for publicly visible type or member 'LocationValidationApiDto.Message' [C:\Users\HP\AttendanceSystem\src\AttendanceSystem.API\AttendanceSystem.API.csproj]
C:\Users\HP\AttendanceSystem\src\AttendanceSystem.API\Controllers\AuthController.cs(21,12): warning CS1591: Missing XML comment for publicly visible type or member 'AuthController.AuthController(JwtTokenService, PasswordService, UserManager<ApplicationUser>)' [C:\Users\HP\AttendanceSystem\src\AttendanceSystem.API\AttendanceSystem.API.csproj]
C:\Users\HP\AttendanceSystem\src\AttendanceSystem.API\Controllers\DashboardApiController.cs(12,21): warning CS1591: Missing XML comment for publicly visible type or member 'DashboardApiController' [C:\Users\HP\AttendanceSystem\src\AttendanceSystem.API\AttendanceSystem.API.csproj]
C:\Users\HP\AttendanceSystem\src\AttendanceSystem.API\Controllers\DashboardApiController.cs(16,12): warning CS1591: Missing XML comment for publicly visible type or member 'DashboardApiController.DashboardApiController(ApplicationDbContext)' [C:\Users\HP\AttendanceSystem\src\AttendanceSystem.API\AttendanceSystem.API.csproj]
C:\Users\HP\AttendanceSystem\src\AttendanceSystem.API\Controllers\DashboardApiController.cs(19,61): warning CS1591: Missing XML comment for publicly visible type or member 'DashboardApiController.Summary(DateOnly?, CancellationToken)' [C:\Users\HP\AttendanceSystem\src\AttendanceSystem.API\AttendanceSystem.API.csproj]
C:\Users\HP\AttendanceSystem\src\AttendanceSystem.API\Controllers\DashboardApiController.cs(54,77): warning CS1591: Missing XML comment for publicly visible type or member 'DashboardApiController.RecentActivities(int, int, CancellationToken)' [C:\Users\HP\AttendanceSystem\src\AttendanceSystem.API\AttendanceSystem.API.csproj]
C:\Users\HP\AttendanceSystem\src\AttendanceSystem.API\Controllers\DashboardApiController.cs(84,60): warning CS1591: Missing XML comment for publicly visible type or member 'DashboardApiController.Statistics(int, CancellationToken)' [C:\Users\HP\AttendanceSystem\src\AttendanceSystem.API\AttendanceSystem.API.csproj]
C:\Users\HP\AttendanceSystem\src\AttendanceSystem.API\Controllers\DashboardApiController.cs(121,22): warning CS1591: Missing XML comment for publicly visible type or member 'DashboardSummaryApiDto' [C:\Users\HP\AttendanceSystem\src\AttendanceSystem.API\AttendanceSystem.API.csproj]
C:\Users\HP\AttendanceSystem\src\AttendanceSystem.API\Controllers\DashboardApiController.cs(121,22): warning CS1591: Missing XML comment for publicly visible type or member 'DashboardSummaryApiDto.DashboardSummaryApiDto(int, int, int, int, int, int, decimal, decimal)' [C:\Users\HP\AttendanceSystem\src\AttendanceSystem.API\AttendanceSystem.API.csproj]
C:\Users\HP\AttendanceSystem\src\AttendanceSystem.API\Controllers\DashboardApiController.cs(122,9): warning CS1591: Missing XML comment for publicly visible type or member 'DashboardSummaryApiDto.TotalEmployees' [C:\Users\HP\AttendanceSystem\src\AttendanceSystem.API\AttendanceSystem.API.csproj]
C:\Users\HP\AttendanceSystem\src\AttendanceSystem.API\Controllers\DashboardApiController.cs(123,9): warning CS1591: Missing XML comment for publicly visible type or member 'DashboardSummaryApiDto.ActiveEmployees' [C:\Users\HP\AttendanceSystem\src\AttendanceSystem.API\AttendanceSystem.API.csproj]
C:\Users\HP\AttendanceSystem\src\AttendanceSystem.API\Controllers\DashboardApiController.cs(124,9): warning CS1591: Missing XML comment for publicly visible type or member 'DashboardSummaryApiDto.PresentToday' [C:\Users\HP\AttendanceSystem\src\AttendanceSystem.API\AttendanceSystem.API.csproj]
C:\Users\HP\AttendanceSystem\src\AttendanceSystem.API\Controllers\DashboardApiController.cs(125,9): warning CS1591: Missing XML comment for publicly visible type or member 'DashboardSummaryApiDto.AbsentToday' [C:\Users\HP\AttendanceSystem\src\AttendanceSystem.API\AttendanceSystem.API.csproj]
C:\Users\HP\AttendanceSystem\src\AttendanceSystem.API\Controllers\DashboardApiController.cs(126,9): warning CS1591: Missing XML comment for publicly visible type or member 'DashboardSummaryApiDto.LateEmployees' [C:\Users\HP\AttendanceSystem\src\AttendanceSystem.API\AttendanceSystem.API.csproj]
C:\Users\HP\AttendanceSystem\src\AttendanceSystem.API\Controllers\DashboardApiController.cs(127,9): warning CS1591: Missing XML comment for publicly visible type or member 'DashboardSummaryApiDto.OnLeaveEmployees' [C:\Users\HP\AttendanceSystem\src\AttendanceSystem.API\AttendanceSystem.API.csproj]
C:\Users\HP\AttendanceSystem\src\AttendanceSystem.API\Controllers\DashboardApiController.cs(128,13): warning CS1591: Missing XML comment for publicly visible type or member 'DashboardSummaryApiDto.AttendanceRate' [C:\Users\HP\AttendanceSystem\src\AttendanceSystem.API\AttendanceSystem.API.csproj]
C:\Users\HP\AttendanceSystem\src\AttendanceSystem.API\Controllers\DashboardApiController.cs(129,13): warning CS1591: Missing XML comment for publicly visible type or member 'DashboardSummaryApiDto.TotalOvertimeHours' [C:\Users\HP\AttendanceSystem\src\AttendanceSystem.API\AttendanceSystem.API.csproj]
C:\Users\HP\AttendanceSystem\src\AttendanceSystem.API\Controllers\DashboardApiController.cs(131,22): warning CS1591: Missing XML comment for publicly visible type or member 'RecentActivityApiDto' [C:\Users\HP\AttendanceSystem\src\AttendanceSystem.API\AttendanceSystem.API.csproj]
C:\Users\HP\AttendanceSystem\src\AttendanceSystem.API\Controllers\DashboardApiController.cs(131,22): warning CS1591: Missing XML comment for publicly visible type or member 'RecentActivityApiDto.RecentActivityApiDto(Guid, string, string, string, DateTime)' [C:\Users\HP\AttendanceSystem\src\AttendanceSystem.API\AttendanceSystem.API.csproj]
C:\Users\HP\AttendanceSystem\src\AttendanceSystem.API\Controllers\DashboardApiController.cs(131,48): warning CS1591: Missing XML comment for publicly visible type or member 'RecentActivityApiDto.Id' [C:\Users\HP\AttendanceSystem\src\AttendanceSystem.API\AttendanceSystem.API.csproj]
C:\Users\HP\AttendanceSystem\src\AttendanceSystem.API\Controllers\DashboardApiController.cs(131,59): warning CS1591: Missing XML comment for publicly visible type or member 'RecentActivityApiDto.Type' [C:\Users\HP\AttendanceSystem\src\AttendanceSystem.API\AttendanceSystem.API.csproj]
C:\Users\HP\AttendanceSystem\src\AttendanceSystem.API\Controllers\DashboardApiController.cs(131,72): warning CS1591: Missing XML comment for publicly visible type or member 'RecentActivityApiDto.Title' [C:\Users\HP\AttendanceSystem\src\AttendanceSystem.API\AttendanceSystem.API.csproj]
C:\Users\HP\AttendanceSystem\src\AttendanceSystem.API\Controllers\DashboardApiController.cs(131,86): warning CS1591: Missing XML comment for publicly visible type or member 'RecentActivityApiDto.Description' [C:\Users\HP\AttendanceSystem\src\AttendanceSystem.API\AttendanceSystem.API.csproj]
C:\Users\HP\AttendanceSystem\src\AttendanceSystem.API\Controllers\DashboardApiController.cs(131,108): warning CS1591: Missing XML comment for publicly visible type or member 'RecentActivityApiDto.CreatedAt' [C:\Users\HP\AttendanceSystem\src\AttendanceSystem.API\AttendanceSystem.API.csproj]
C:\Users\HP\AttendanceSystem\src\AttendanceSystem.API\Controllers\DashboardApiController.cs(132,22): warning CS1591: Missing XML comment for publicly visible type or member 'AttendanceTrendApiDto' [C:\Users\HP\AttendanceSystem\src\AttendanceSystem.API\AttendanceSystem.API.csproj]
C:\Users\HP\AttendanceSystem\src\AttendanceSystem.API\Controllers\DashboardApiController.cs(132,22): warning CS1591: Missing XML comment for publicly visible type or member 'AttendanceTrendApiDto.AttendanceTrendApiDto(IReadOnlyList<string>, IReadOnlyList<int>, IReadOnlyList<int>, IReadOnlyList<int>)' [C:\Users\HP\AttendanceSystem\src\AttendanceSystem.API\AttendanceSystem.API.csproj]
C:\Users\HP\AttendanceSystem\src\AttendanceSystem.API\Controllers\DashboardApiController.cs(132,66): warning CS1591: Missing XML comment for publicly visible type or member 'AttendanceTrendApiDto.Labels' [C:\Users\HP\AttendanceSystem\src\AttendanceSystem.API\AttendanceSystem.API.csproj]
C:\Users\HP\AttendanceSystem\src\AttendanceSystem.API\Controllers\DashboardApiController.cs(132,93): warning CS1591: Missing XML comment for publicly visible type or member 'AttendanceTrendApiDto.PresentCounts' [C:\Users\HP\AttendanceSystem\src\AttendanceSystem.API\AttendanceSystem.API.csproj]
C:\Users\HP\AttendanceSystem\src\AttendanceSystem.API\Controllers\DashboardApiController.cs(132,127): warning CS1591: Missing XML comment for publicly visible type or member 'AttendanceTrendApiDto.AbsentCounts' [C:\Users\HP\AttendanceSystem\src\AttendanceSystem.API\AttendanceSystem.API.csproj]
C:\Users\HP\AttendanceSystem\src\AttendanceSystem.API\Controllers\DashboardApiController.cs(132,160): warning CS1591: Missing XML comment for publicly visible type or member 'AttendanceTrendApiDto.LateCounts' [C:\Users\HP\AttendanceSystem\src\AttendanceSystem.API\AttendanceSystem.API.csproj]
C:\Users\HP\AttendanceSystem\src\AttendanceSystem.API\Controllers\DepartmentsApiController.cs(12,21): warning CS1591: Missing XML comment for publicly visible type or member 'DepartmentsApiController' [C:\Users\HP\AttendanceSystem\src\AttendanceSystem.API\AttendanceSystem.API.csproj]
C:\Users\HP\AttendanceSystem\src\AttendanceSystem.API\Controllers\DepartmentsApiController.cs(16,12): warning CS1591: Missing XML comment for publicly visible type or member 'DepartmentsApiController.DepartmentsApiController(ApplicationDbContext)' [C:\Users\HP\AttendanceSystem\src\AttendanceSystem.API\AttendanceSystem.API.csproj]
C:\Users\HP\AttendanceSystem\src\AttendanceSystem.API\Controllers\DepartmentsApiController.cs(19,73): warning CS1591: Missing XML comment for publicly visible type or member 'DepartmentsApiController.List(int, int, string?, CancellationToken)' [C:\Users\HP\AttendanceSystem\src\AttendanceSystem.API\AttendanceSystem.API.csproj]
C:\Users\HP\AttendanceSystem\src\AttendanceSystem.API\Controllers\DepartmentsApiController.cs(55,55): warning CS1591: Missing XML comment for publicly visible type or member 'DepartmentsApiController.Details(Guid, CancellationToken)' [C:\Users\HP\AttendanceSystem\src\AttendanceSystem.API\AttendanceSystem.API.csproj]
C:\Users\HP\AttendanceSystem\src\AttendanceSystem.API\Controllers\DepartmentsApiController.cs(75,55): warning CS1591: Missing XML comment for publicly visible type or member 'DepartmentsApiController.Create(DepartmentFormApiDto, CancellationToken)' [C:\Users\HP\AttendanceSystem\src\AttendanceSystem.API\AttendanceSystem.API.csproj]
C:\Users\HP\AttendanceSystem\src\AttendanceSystem.API\Controllers\DepartmentsApiController.cs(94,55): warning CS1591: Missing XML comment for publicly visible type or member 'DepartmentsApiController.Update(Guid, DepartmentFormApiDto, CancellationToken)' [C:\Users\HP\AttendanceSystem\src\AttendanceSystem.API\AttendanceSystem.API.csproj]
C:\Users\HP\AttendanceSystem\src\AttendanceSystem.API\Controllers\DepartmentsApiController.cs(110,22): warning CS1591: Missing XML comment for publicly visible type or member 'DepartmentApiDto' [C:\Users\HP\AttendanceSystem\src\AttendanceSystem.API\AttendanceSystem.API.csproj]
C:\Users\HP\AttendanceSystem\src\AttendanceSystem.API\Controllers\DepartmentsApiController.cs(110,22): warning CS1591: Missing XML comment for publicly visible type or member 'DepartmentApiDto.DepartmentApiDto(Guid, string, string?, string?, int, bool)' [C:\Users\HP\AttendanceSystem\src\AttendanceSystem.API\AttendanceSystem.API.csproj]
C:\Users\HP\AttendanceSystem\src\AttendanceSystem.API\Controllers\DepartmentsApiController.cs(110,44): warning CS1591: Missing XML comment for publicly visible type or member 'DepartmentApiDto.Id' [C:\Users\HP\AttendanceSystem\src\AttendanceSystem.API\AttendanceSystem.API.csproj]
C:\Users\HP\AttendanceSystem\src\AttendanceSystem.API\Controllers\DepartmentsApiController.cs(110,55): warning CS1591: Missing XML comment for publicly visible type or member 'DepartmentApiDto.Name' [C:\Users\HP\AttendanceSystem\src\AttendanceSystem.API\AttendanceSystem.API.csproj]
C:\Users\HP\AttendanceSystem\src\AttendanceSystem.API\Controllers\DepartmentsApiController.cs(110,69): warning CS1591: Missing XML comment for publicly visible type or member 'DepartmentApiDto.Description' [C:\Users\HP\AttendanceSystem\src\AttendanceSystem.API\AttendanceSystem.API.csproj]
C:\Users\HP\AttendanceSystem\src\AttendanceSystem.API\Controllers\DepartmentsApiController.cs(110,90): warning CS1591: Missing XML comment for publicly visible type or member 'DepartmentApiDto.HeadEmployeeName' [C:\Users\HP\AttendanceSystem\src\AttendanceSystem.API\AttendanceSystem.API.csproj]
C:\Users\HP\AttendanceSystem\src\AttendanceSystem.API\Controllers\DepartmentsApiController.cs(110,112): warning CS1591: Missing XML comment for publicly visible type or member 'DepartmentApiDto.EmployeeCount' [C:\Users\HP\AttendanceSystem\src\AttendanceSystem.API\AttendanceSystem.API.csproj]
C:\Users\HP\AttendanceSystem\src\AttendanceSystem.API\Controllers\DepartmentsApiController.cs(110,132): warning CS1591: Missing XML comment for publicly visible type or member 'DepartmentApiDto.IsActive' [C:\Users\HP\AttendanceSystem\src\AttendanceSystem.API\AttendanceSystem.API.csproj]
C:\Users\HP\AttendanceSystem\src\AttendanceSystem.API\Controllers\DepartmentsApiController.cs(111,22): warning CS1591: Missing XML comment for publicly visible type or member 'DepartmentFormApiDto' [C:\Users\HP\AttendanceSystem\src\AttendanceSystem.API\AttendanceSystem.API.csproj]
C:\Users\HP\AttendanceSystem\src\AttendanceSystem.API\Controllers\DepartmentsApiController.cs(111,22): warning CS1591: Missing XML comment for publicly visible type or member 'DepartmentFormApiDto.DepartmentFormApiDto(string, string?)' [C:\Users\HP\AttendanceSystem\src\AttendanceSystem.API\AttendanceSystem.API.csproj]
C:\Users\HP\AttendanceSystem\src\AttendanceSystem.API\Controllers\DepartmentsApiController.cs(111,50): warning CS1591: Missing XML comment for publicly visible type or member 'DepartmentFormApiDto.Name' [C:\Users\HP\AttendanceSystem\src\AttendanceSystem.API\AttendanceSystem.API.csproj]
C:\Users\HP\AttendanceSystem\src\AttendanceSystem.API\Controllers\DepartmentsApiController.cs(111,64): warning CS1591: Missing XML comment for publicly visible type or member 'DepartmentFormApiDto.Description' [C:\Users\HP\AttendanceSystem\src\AttendanceSystem.API\AttendanceSystem.API.csproj]
C:\Users\HP\AttendanceSystem\src\AttendanceSystem.API\Controllers\EmployeesApiController.cs(14,21): warning CS1591: Missing XML comment for publicly visible type or member 'EmployeesApiController' [C:\Users\HP\AttendanceSystem\src\AttendanceSystem.API\AttendanceSystem.API.csproj]
C:\Users\HP\AttendanceSystem\src\AttendanceSystem.API\Controllers\EmployeesApiController.cs(18,12): warning CS1591: Missing XML comment for publicly visible type or member 'EmployeesApiController.EmployeesApiController(ApplicationDbContext)' [C:\Users\HP\AttendanceSystem\src\AttendanceSystem.API\AttendanceSystem.API.csproj]
C:\Users\HP\AttendanceSystem\src\AttendanceSystem.API\Controllers\EmployeesApiController.cs(21,71): warning CS1591: Missing XML comment for publicly visible type or member 'EmployeesApiController.List(int, int, string?, CancellationToken)' [C:\Users\HP\AttendanceSystem\src\AttendanceSystem.API\AttendanceSystem.API.csproj]
C:\Users\HP\AttendanceSystem\src\AttendanceSystem.API\Controllers\EmployeesApiController.cs(65,53): warning CS1591: Missing XML comment for publicly visible type or member 'EmployeesApiController.Details(Guid, CancellationToken)' [C:\Users\HP\AttendanceSystem\src\AttendanceSystem.API\AttendanceSystem.API.csproj]
C:\Users\HP\AttendanceSystem\src\AttendanceSystem.API\Controllers\EmployeesApiController.cs(79,53): warning CS1591: Missing XML comment for publicly visible type or member 'EmployeesApiController.Create(EmployeeFormApiDto, CancellationToken)' [C:\Users\HP\AttendanceSystem\src\AttendanceSystem.API\AttendanceSystem.API.csproj]
C:\Users\HP\AttendanceSystem\src\AttendanceSystem.API\Controllers\EmployeesApiController.cs(110,53): warning CS1591: Missing XML comment for publicly visible type or member 'EmployeesApiController.Update(Guid, EmployeeFormApiDto, CancellationToken)' [C:\Users\HP\AttendanceSystem\src\AttendanceSystem.API\AttendanceSystem.API.csproj]
C:\Users\HP\AttendanceSystem\src\AttendanceSystem.API\Controllers\EmployeesApiController.cs(130,60): warning CS1591: Missing XML comment for publicly visible type or member 'EmployeesApiController.Me(CancellationToken)' [C:\Users\HP\AttendanceSystem\src\AttendanceSystem.API\AttendanceSystem.API.csproj]
C:\Users\HP\AttendanceSystem\src\AttendanceSystem.API\Controllers\EmployeesApiController.cs(161,60): warning CS1591: Missing XML comment for publicly visible type or member 'EmployeesApiController.UpdateMe(UpdateEmployeeProfileApiDto, CancellationToken)' [C:\Users\HP\AttendanceSystem\src\AttendanceSystem.API\AttendanceSystem.API.csproj]
C:\Users\HP\AttendanceSystem\src\AttendanceSystem.API\Controllers\EmployeesApiController.cs(203,22): warning CS1591: Missing XML comment for publicly visible type or member 'EmployeeApiDto' [C:\Users\HP\AttendanceSystem\src\AttendanceSystem.API\AttendanceSystem.API.csproj]
C:\Users\HP\AttendanceSystem\src\AttendanceSystem.API\Controllers\EmployeesApiController.cs(203,22): warning CS1591: Missing XML comment for publicly visible type or member 'EmployeeApiDto.EmployeeApiDto(Guid, string, string, string, string?, Guid, string?, string?, string?, DateOnly, string?, bool)' [C:\Users\HP\AttendanceSystem\src\AttendanceSystem.API\AttendanceSystem.API.csproj]
C:\Users\HP\AttendanceSystem\src\AttendanceSystem.API\Controllers\EmployeesApiController.cs(204,10): warning CS1591: Missing XML comment for publicly visible type or member 'EmployeeApiDto.Id' [C:\Users\HP\AttendanceSystem\src\AttendanceSystem.API\AttendanceSystem.API.csproj]
C:\Users\HP\AttendanceSystem\src\AttendanceSystem.API\Controllers\EmployeesApiController.cs(205,12): warning CS1591: Missing XML comment for publicly visible type or member 'EmployeeApiDto.EmployeeCode' [C:\Users\HP\AttendanceSystem\src\AttendanceSystem.API\AttendanceSystem.API.csproj]
C:\Users\HP\AttendanceSystem\src\AttendanceSystem.API\Controllers\EmployeesApiController.cs(206,12): warning CS1591: Missing XML comment for publicly visible type or member 'EmployeeApiDto.FullName' [C:\Users\HP\AttendanceSystem\src\AttendanceSystem.API\AttendanceSystem.API.csproj]
C:\Users\HP\AttendanceSystem\src\AttendanceSystem.API\Controllers\EmployeesApiController.cs(207,12): warning CS1591: Missing XML comment for publicly visible type or member 'EmployeeApiDto.Email' [C:\Users\HP\AttendanceSystem\src\AttendanceSystem.API\AttendanceSystem.API.csproj]
C:\Users\HP\AttendanceSystem\src\AttendanceSystem.API\Controllers\EmployeesApiController.cs(208,13): warning CS1591: Missing XML comment for publicly visible type or member 'EmployeeApiDto.Phone' [C:\Users\HP\AttendanceSystem\src\AttendanceSystem.API\AttendanceSystem.API.csproj]
C:\Users\HP\AttendanceSystem\src\AttendanceSystem.API\Controllers\EmployeesApiController.cs(209,10): warning CS1591: Missing XML comment for publicly visible type or member 'EmployeeApiDto.DepartmentId' [C:\Users\HP\AttendanceSystem\src\AttendanceSystem.API\AttendanceSystem.API.csproj]
C:\Users\HP\AttendanceSystem\src\AttendanceSystem.API\Controllers\EmployeesApiController.cs(210,13): warning CS1591: Missing XML comment for publicly visible type or member 'EmployeeApiDto.Department' [C:\Users\HP\AttendanceSystem\src\AttendanceSystem.API\AttendanceSystem.API.csproj]
C:\Users\HP\AttendanceSystem\src\AttendanceSystem.API\Controllers\EmployeesApiController.cs(211,13): warning CS1591: Missing XML comment for publicly visible type or member 'EmployeeApiDto.DepartmentName' [C:\Users\HP\AttendanceSystem\src\AttendanceSystem.API\AttendanceSystem.API.csproj]
C:\Users\HP\AttendanceSystem\src\AttendanceSystem.API\Controllers\EmployeesApiController.cs(212,13): warning CS1591: Missing XML comment for publicly visible type or member 'EmployeeApiDto.Position' [C:\Users\HP\AttendanceSystem\src\AttendanceSystem.API\AttendanceSystem.API.csproj]
C:\Users\HP\AttendanceSystem\src\AttendanceSystem.API\Controllers\EmployeesApiController.cs(213,14): warning CS1591: Missing XML comment for publicly visible type or member 'EmployeeApiDto.HireDate' [C:\Users\HP\AttendanceSystem\src\AttendanceSystem.API\AttendanceSystem.API.csproj]
C:\Users\HP\AttendanceSystem\src\AttendanceSystem.API\Controllers\EmployeesApiController.cs(214,13): warning CS1591: Missing XML comment for publicly visible type or member 'EmployeeApiDto.Status' [C:\Users\HP\AttendanceSystem\src\AttendanceSystem.API\AttendanceSystem.API.csproj]
C:\Users\HP\AttendanceSystem\src\AttendanceSystem.API\Controllers\EmployeesApiController.cs(215,10): warning CS1591: Missing XML comment for publicly visible type or member 'EmployeeApiDto.IsActive' [C:\Users\HP\AttendanceSystem\src\AttendanceSystem.API\AttendanceSystem.API.csproj]
C:\Users\HP\AttendanceSystem\src\AttendanceSystem.API\Controllers\EmployeesApiController.cs(217,22): warning CS1591: Missing XML comment for publicly visible type or member 'EmployeeProfileApiDto' [C:\Users\HP\AttendanceSystem\src\AttendanceSystem.API\AttendanceSystem.API.csproj]
C:\Users\HP\AttendanceSystem\src\AttendanceSystem.API\Controllers\EmployeesApiController.cs(217,22): warning CS1591: Missing XML comment for publicly visible type or member 'EmployeeProfileApiDto.EmployeeProfileApiDto(Guid, string?, string, string, string, string?, DateOnly?, string?, string?, string?, DateOnly, string?, string?, bool)' [C:\Users\HP\AttendanceSystem\src\AttendanceSystem.API\AttendanceSystem.API.csproj]
C:\Users\HP\AttendanceSystem\src\AttendanceSystem.API\Controllers\EmployeesApiController.cs(218,10): warning CS1591: Missing XML comment for publicly visible type or member 'EmployeeProfileApiDto.Id' [C:\Users\HP\AttendanceSystem\src\AttendanceSystem.API\AttendanceSystem.API.csproj]
C:\Users\HP\AttendanceSystem\src\AttendanceSystem.API\Controllers\EmployeesApiController.cs(219,13): warning CS1591: Missing XML comment for publicly visible type or member 'EmployeeProfileApiDto.ProfilePhotoUrl' [C:\Users\HP\AttendanceSystem\src\AttendanceSystem.API\AttendanceSystem.API.csproj]
C:\Users\HP\AttendanceSystem\src\AttendanceSystem.API\Controllers\EmployeesApiController.cs(220,12): warning CS1591: Missing XML comment for publicly visible type or member 'EmployeeProfileApiDto.EmployeeCode' [C:\Users\HP\AttendanceSystem\src\AttendanceSystem.API\AttendanceSystem.API.csproj]
C:\Users\HP\AttendanceSystem\src\AttendanceSystem.API\Controllers\EmployeesApiController.cs(221,12): warning CS1591: Missing XML comment for publicly visible type or member 'EmployeeProfileApiDto.FullName' [C:\Users\HP\AttendanceSystem\src\AttendanceSystem.API\AttendanceSystem.API.csproj]
C:\Users\HP\AttendanceSystem\src\AttendanceSystem.API\Controllers\EmployeesApiController.cs(222,12): warning CS1591: Missing XML comment for publicly visible type or member 'EmployeeProfileApiDto.Email' [C:\Users\HP\AttendanceSystem\src\AttendanceSystem.API\AttendanceSystem.API.csproj]
C:\Users\HP\AttendanceSystem\src\AttendanceSystem.API\Controllers\EmployeesApiController.cs(223,13): warning CS1591: Missing XML comment for publicly visible type or member 'EmployeeProfileApiDto.Phone' [C:\Users\HP\AttendanceSystem\src\AttendanceSystem.API\AttendanceSystem.API.csproj]
C:\Users\HP\AttendanceSystem\src\AttendanceSystem.API\Controllers\EmployeesApiController.cs(224,15): warning CS1591: Missing XML comment for publicly visible type or member 'EmployeeProfileApiDto.DateOfBirth' [C:\Users\HP\AttendanceSystem\src\AttendanceSystem.API\AttendanceSystem.API.csproj]
C:\Users\HP\AttendanceSystem\src\AttendanceSystem.API\Controllers\EmployeesApiController.cs(225,13): warning CS1591: Missing XML comment for publicly visible type or member 'EmployeeProfileApiDto.Department' [C:\Users\HP\AttendanceSystem\src\AttendanceSystem.API\AttendanceSystem.API.csproj]
C:\Users\HP\AttendanceSystem\src\AttendanceSystem.API\Controllers\EmployeesApiController.cs(226,13): warning CS1591: Missing XML comment for publicly visible type or member 'EmployeeProfileApiDto.DepartmentName' [C:\Users\HP\AttendanceSystem\src\AttendanceSystem.API\AttendanceSystem.API.csproj]
C:\Users\HP\AttendanceSystem\src\AttendanceSystem.API\Controllers\EmployeesApiController.cs(227,13): warning CS1591: Missing XML comment for publicly visible type or member 'EmployeeProfileApiDto.Position' [C:\Users\HP\AttendanceSystem\src\AttendanceSystem.API\AttendanceSystem.API.csproj]
C:\Users\HP\AttendanceSystem\src\AttendanceSystem.API\Controllers\EmployeesApiController.cs(228,14): warning CS1591: Missing XML comment for publicly visible type or member 'EmployeeProfileApiDto.HireDate' [C:\Users\HP\AttendanceSystem\src\AttendanceSystem.API\AttendanceSystem.API.csproj]
C:\Users\HP\AttendanceSystem\src\AttendanceSystem.API\Controllers\EmployeesApiController.cs(229,13): warning CS1591: Missing XML comment for publicly visible type or member 'EmployeeProfileApiDto.EmploymentStatus' [C:\Users\HP\AttendanceSystem\src\AttendanceSystem.API\AttendanceSystem.API.csproj]
C:\Users\HP\AttendanceSystem\src\AttendanceSystem.API\Controllers\EmployeesApiController.cs(230,13): warning CS1591: Missing XML comment for publicly visible type or member 'EmployeeProfileApiDto.Status' [C:\Users\HP\AttendanceSystem\src\AttendanceSystem.API\AttendanceSystem.API.csproj]
C:\Users\HP\AttendanceSystem\src\AttendanceSystem.API\Controllers\EmployeesApiController.cs(231,10): warning CS1591: Missing XML comment for publicly visible type or member 'EmployeeProfileApiDto.IsActive' [C:\Users\HP\AttendanceSystem\src\AttendanceSystem.API\AttendanceSystem.API.csproj]
C:\Users\HP\AttendanceSystem\src\AttendanceSystem.API\Controllers\EmployeesApiController.cs(233,22): warning CS1591: Missing XML comment for publicly visible type or member 'UpdateEmployeeProfileApiDto' [C:\Users\HP\AttendanceSystem\src\AttendanceSystem.API\AttendanceSystem.API.csproj]
C:\Users\HP\AttendanceSystem\src\AttendanceSystem.API\Controllers\EmployeesApiController.cs(233,22): warning CS1591: Missing XML comment for publicly visible type or member 'UpdateEmployeeProfileApiDto.UpdateEmployeeProfileApiDto(string, string, string?, DateOnly?)' [C:\Users\HP\AttendanceSystem\src\AttendanceSystem.API\AttendanceSystem.API.csproj]
C:\Users\HP\AttendanceSystem\src\AttendanceSystem.API\Controllers\EmployeesApiController.cs(233,57): warning CS1591: Missing XML comment for publicly visible type or member 'UpdateEmployeeProfileApiDto.FullName' [C:\Users\HP\AttendanceSystem\src\AttendanceSystem.API\AttendanceSystem.API.csproj]
C:\Users\HP\AttendanceSystem\src\AttendanceSystem.API\Controllers\EmployeesApiController.cs(233,74): warning CS1591: Missing XML comment for publicly visible type or member 'UpdateEmployeeProfileApiDto.Email' [C:\Users\HP\AttendanceSystem\src\AttendanceSystem.API\AttendanceSystem.API.csproj]
C:\Users\HP\AttendanceSystem\src\AttendanceSystem.API\Controllers\EmployeesApiController.cs(233,89): warning CS1591: Missing XML comment for publicly visible type or member 'UpdateEmployeeProfileApiDto.Phone' [C:\Users\HP\AttendanceSystem\src\AttendanceSystem.API\AttendanceSystem.API.csproj]
C:\Users\HP\AttendanceSystem\src\AttendanceSystem.API\Controllers\EmployeesApiController.cs(233,106): warning CS1591: Missing XML comment for publicly visible type or member 'UpdateEmployeeProfileApiDto.DateOfBirth' [C:\Users\HP\AttendanceSystem\src\AttendanceSystem.API\AttendanceSystem.API.csproj]
C:\Users\HP\AttendanceSystem\src\AttendanceSystem.API\Controllers\EmployeesApiController.cs(234,22): warning CS1591: Missing XML comment for publicly visible type or member 'EmployeeFormApiDto' [C:\Users\HP\AttendanceSystem\src\AttendanceSystem.API\AttendanceSystem.API.csproj]
C:\Users\HP\AttendanceSystem\src\AttendanceSystem.API\Controllers\EmployeesApiController.cs(234,22): warning CS1591: Missing XML comment for publicly visible type or member 'EmployeeFormApiDto.EmployeeFormApiDto(string?, string?, string?, string?, Guid?, string?, DateOnly?, DateOnly?)' [C:\Users\HP\AttendanceSystem\src\AttendanceSystem.API\AttendanceSystem.API.csproj]
C:\Users\HP\AttendanceSystem\src\AttendanceSystem.API\Controllers\EmployeesApiController.cs(235,13): warning CS1591: Missing XML comment for publicly visible type or member 'EmployeeFormApiDto.EmployeeCode' [C:\Users\HP\AttendanceSystem\src\AttendanceSystem.API\AttendanceSystem.API.csproj]
C:\Users\HP\AttendanceSystem\src\AttendanceSystem.API\Controllers\EmployeesApiController.cs(236,13): warning CS1591: Missing XML comment for publicly visible type or member 'EmployeeFormApiDto.FullName' [C:\Users\HP\AttendanceSystem\src\AttendanceSystem.API\AttendanceSystem.API.csproj]
C:\Users\HP\AttendanceSystem\src\AttendanceSystem.API\Controllers\EmployeesApiController.cs(237,13): warning CS1591: Missing XML comment for publicly visible type or member 'EmployeeFormApiDto.Email' [C:\Users\HP\AttendanceSystem\src\AttendanceSystem.API\AttendanceSystem.API.csproj]
C:\Users\HP\AttendanceSystem\src\AttendanceSystem.API\Controllers\EmployeesApiController.cs(238,13): warning CS1591: Missing XML comment for publicly visible type or member 'EmployeeFormApiDto.Phone' [C:\Users\HP\AttendanceSystem\src\AttendanceSystem.API\AttendanceSystem.API.csproj]
C:\Users\HP\AttendanceSystem\src\AttendanceSystem.API\Controllers\EmployeesApiController.cs(239,11): warning CS1591: Missing XML comment for publicly visible type or member 'EmployeeFormApiDto.DepartmentId' [C:\Users\HP\AttendanceSystem\src\AttendanceSystem.API\AttendanceSystem.API.csproj]
C:\Users\HP\AttendanceSystem\src\AttendanceSystem.API\Controllers\EmployeesApiController.cs(240,13): warning CS1591: Missing XML comment for publicly visible type or member 'EmployeeFormApiDto.Position' [C:\Users\HP\AttendanceSystem\src\AttendanceSystem.API\AttendanceSystem.API.csproj]
C:\Users\HP\AttendanceSystem\src\AttendanceSystem.API\Controllers\EmployeesApiController.cs(241,15): warning CS1591: Missing XML comment for publicly visible type or member 'EmployeeFormApiDto.HireDate' [C:\Users\HP\AttendanceSystem\src\AttendanceSystem.API\AttendanceSystem.API.csproj]
C:\Users\HP\AttendanceSystem\src\AttendanceSystem.API\Controllers\EmployeesApiController.cs(242,15): warning CS1591: Missing XML comment for publicly visible type or member 'EmployeeFormApiDto.DateOfBirth' [C:\Users\HP\AttendanceSystem\src\AttendanceSystem.API\AttendanceSystem.API.csproj]
C:\Users\HP\AttendanceSystem\src\AttendanceSystem.API\Controllers\EnterpriseApiControllers.cs(20,23): warning CS1591: Missing XML comment for publicly visible type or member 'ContractControllerBase' [C:\Users\HP\AttendanceSystem\src\AttendanceSystem.API\AttendanceSystem.API.csproj]
C:\Users\HP\AttendanceSystem\src\AttendanceSystem.API\Controllers\EnterpriseApiControllers.cs(22,28): warning CS1591: Missing XML comment for publicly visible type or member 'ContractControllerBase.Contract(string, string, string, string, string, params string[])' [C:\Users\HP\AttendanceSystem\src\AttendanceSystem.API\AttendanceSystem.API.csproj]
C:\Users\HP\AttendanceSystem\src\AttendanceSystem.API\Controllers\EnterpriseApiControllers.cs(32,22): warning CS1591: Missing XML comment for publicly visible type or member 'EndpointContractResponse' [C:\Users\HP\AttendanceSystem\src\AttendanceSystem.API\AttendanceSystem.API.csproj]
C:\Users\HP\AttendanceSystem\src\AttendanceSystem.API\Controllers\EnterpriseApiControllers.cs(32,22): warning CS1591: Missing XML comment for publicly visible type or member 'EndpointContractResponse.EndpointContractResponse(string, string, string, string, string, IReadOnlyList<string>)' [C:\Users\HP\AttendanceSystem\src\AttendanceSystem.API\AttendanceSystem.API.csproj]
C:\Users\HP\AttendanceSystem\src\AttendanceSystem.API\Controllers\EnterpriseApiControllers.cs(33,12): warning CS1591: Missing XML comment for publicly visible type or member 'EndpointContractResponse.Level' [C:\Users\HP\AttendanceSystem\src\AttendanceSystem.API\AttendanceSystem.API.csproj]
C:\Users\HP\AttendanceSystem\src\AttendanceSystem.API\Controllers\EnterpriseApiControllers.cs(34,12): warning CS1591: Missing XML comment for publicly visible type or member 'EndpointContractResponse.Purpose' [C:\Users\HP\AttendanceSystem\src\AttendanceSystem.API\AttendanceSystem.API.csproj]
C:\Users\HP\AttendanceSystem\src\AttendanceSystem.API\Controllers\EnterpriseApiControllers.cs(35,12): warning CS1591: Missing XML comment for publicly visible type or member 'EndpointContractResponse.RequestDto' [C:\Users\HP\AttendanceSystem\src\AttendanceSystem.API\AttendanceSystem.API.csproj]
C:\Users\HP\AttendanceSystem\src\AttendanceSystem.API\Controllers\EnterpriseApiControllers.cs(36,12): warning CS1591: Missing XML comment for publicly visible type or member 'EndpointContractResponse.ResponseDto' [C:\Users\HP\AttendanceSystem\src\AttendanceSystem.API\AttendanceSystem.API.csproj]
C:\Users\HP\AttendanceSystem\src\AttendanceSystem.API\Controllers\EnterpriseApiControllers.cs(37,12): warning CS1591: Missing XML comment for publicly visible type or member 'EndpointContractResponse.Authorization' [C:\Users\HP\AttendanceSystem\src\AttendanceSystem.API\AttendanceSystem.API.csproj]
C:\Users\HP\AttendanceSystem\src\AttendanceSystem.API\Controllers\EnterpriseApiControllers.cs(38,27): warning CS1591: Missing XML comment for publicly visible type or member 'EndpointContractResponse.ValidationRules' [C:\Users\HP\AttendanceSystem\src\AttendanceSystem.API\AttendanceSystem.API.csproj]
C:\Users\HP\AttendanceSystem\src\AttendanceSystem.API\Controllers\EnterpriseApiControllers.cs(40,22): warning CS1591: Missing XML comment for publicly visible type or member 'MessageResponseDto' [C:\Users\HP\AttendanceSystem\src\AttendanceSystem.API\AttendanceSystem.API.csproj]
C:\Users\HP\AttendanceSystem\src\AttendanceSystem.API\Controllers\EnterpriseApiControllers.cs(40,22): warning CS1591: Missing XML comment for publicly visible type or member 'MessageResponseDto.MessageResponseDto(string)' [C:\Users\HP\AttendanceSystem\src\AttendanceSystem.API\AttendanceSystem.API.csproj]
C:\Users\HP\AttendanceSystem\src\AttendanceSystem.API\Controllers\EnterpriseApiControllers.cs(40,48): warning CS1591: Missing XML comment for publicly visible type or member 'MessageResponseDto.Message' [C:\Users\HP\AttendanceSystem\src\AttendanceSystem.API\AttendanceSystem.API.csproj]
C:\Users\HP\AttendanceSystem\src\AttendanceSystem.API\Controllers\EnterpriseApiControllers.cs(41,22): warning CS1591: Missing XML comment for publicly visible type or member 'PagedResponseDto<T>' [C:\Users\HP\AttendanceSystem\src\AttendanceSystem.API\AttendanceSystem.API.csproj]
C:\Users\HP\AttendanceSystem\src\AttendanceSystem.API\Controllers\EnterpriseApiControllers.cs(41,22): warning CS1591: Missing XML comment for publicly visible type or member 'PagedResponseDto<T>.PagedResponseDto(IReadOnlyList<T>, int, int, int)' [C:\Users\HP\AttendanceSystem\src\AttendanceSystem.API\AttendanceSystem.API.csproj]
C:\Users\HP\AttendanceSystem\src\AttendanceSystem.API\Controllers\EnterpriseApiControllers.cs(41,59): warning CS1591: Missing XML comment for publicly visible type or member 'PagedResponseDto<T>.Items' [C:\Users\HP\AttendanceSystem\src\AttendanceSystem.API\AttendanceSystem.API.csproj]
C:\Users\HP\AttendanceSystem\src\AttendanceSystem.API\Controllers\EnterpriseApiControllers.cs(41,70): warning CS1591: Missing XML comment for publicly visible type or member 'PagedResponseDto<T>.PageNumber' [C:\Users\HP\AttendanceSystem\src\AttendanceSystem.API\AttendanceSystem.API.csproj]
C:\Users\HP\AttendanceSystem\src\AttendanceSystem.API\Controllers\EnterpriseApiControllers.cs(41,86): warning CS1591: Missing XML comment for publicly visible type or member 'PagedResponseDto<T>.PageSize' [C:\Users\HP\AttendanceSystem\src\AttendanceSystem.API\AttendanceSystem.API.csproj]
C:\Users\HP\AttendanceSystem\src\AttendanceSystem.API\Controllers\EnterpriseApiControllers.cs(41,100): warning CS1591: Missing XML comment for publicly visible type or member 'PagedResponseDto<T>.TotalCount' [C:\Users\HP\AttendanceSystem\src\AttendanceSystem.API\AttendanceSystem.API.csproj]
C:\Users\HP\AttendanceSystem\src\AttendanceSystem.API\Controllers\EnterpriseApiControllers.cs(42,22): warning CS1591: Missing XML comment for publicly visible type or member 'DateRangeQueryDto' [C:\Users\HP\AttendanceSystem\src\AttendanceSystem.API\AttendanceSystem.API.csproj]
C:\Users\HP\AttendanceSystem\src\AttendanceSystem.API\Controllers\EnterpriseApiControllers.cs(42,22): warning CS1591: Missing XML comment for publicly visible type or member 'DateRangeQueryDto.DateRangeQueryDto(DateOnly?, DateOnly?, int, int)' [C:\Users\HP\AttendanceSystem\src\AttendanceSystem.API\AttendanceSystem.API.csproj]
C:\Users\HP\AttendanceSystem\src\AttendanceSystem.API\Controllers\EnterpriseApiControllers.cs(42,50): warning CS1591: Missing XML comment for publicly visible type or member 'DateRangeQueryDto.From' [C:\Users\HP\AttendanceSystem\src\AttendanceSystem.API\AttendanceSystem.API.csproj]
C:\Users\HP\AttendanceSystem\src\AttendanceSystem.API\Controllers\EnterpriseApiControllers.cs(42,66): warning CS1591: Missing XML comment for publicly visible type or member 'DateRangeQueryDto.To' [C:\Users\HP\AttendanceSystem\src\AttendanceSystem.API\AttendanceSystem.API.csproj]
C:\Users\HP\AttendanceSystem\src\AttendanceSystem.API\Controllers\EnterpriseApiControllers.cs(42,74): warning CS1591: Missing XML comment for publicly visible type or member 'DateRangeQueryDto.PageNumber' [C:\Users\HP\AttendanceSystem\src\AttendanceSystem.API\AttendanceSystem.API.csproj]
C:\Users\HP\AttendanceSystem\src\AttendanceSystem.API\Controllers\EnterpriseApiControllers.cs(42,94): warning CS1591: Missing XML comment for publicly visible type or member 'DateRangeQueryDto.PageSize' [C:\Users\HP\AttendanceSystem\src\AttendanceSystem.API\AttendanceSystem.API.csproj]
C:\Users\HP\AttendanceSystem\src\AttendanceSystem.API\Controllers\EnterpriseApiControllers.cs(43,22): warning CS1591: Missing XML comment for publicly visible type or member 'ApprovalRequestDto' [C:\Users\HP\AttendanceSystem\src\AttendanceSystem.API\AttendanceSystem.API.csproj]
C:\Users\HP\AttendanceSystem\src\AttendanceSystem.API\Controllers\EnterpriseApiControllers.cs(43,22): warning CS1591: Missing XML comment for publicly visible type or member 'ApprovalRequestDto.ApprovalRequestDto(string?)' [C:\Users\HP\AttendanceSystem\src\AttendanceSystem.API\AttendanceSystem.API.csproj]
C:\Users\HP\AttendanceSystem\src\AttendanceSystem.API\Controllers\EnterpriseApiControllers.cs(43,49): warning CS1591: Missing XML comment for publicly visible type or member 'ApprovalRequestDto.Comment' [C:\Users\HP\AttendanceSystem\src\AttendanceSystem.API\AttendanceSystem.API.csproj]
C:\Users\HP\AttendanceSystem\src\AttendanceSystem.API\Controllers\EnterpriseApiControllers.cs(44,22): warning CS1591: Missing XML comment for publicly visible type or member 'RejectionRequestDto' [C:\Users\HP\AttendanceSystem\src\AttendanceSystem.API\AttendanceSystem.API.csproj]
C:\Users\HP\AttendanceSystem\src\AttendanceSystem.API\Controllers\EnterpriseApiControllers.cs(44,22): warning CS1591: Missing XML comment for publicly visible type or member 'RejectionRequestDto.RejectionRequestDto(string)' [C:\Users\HP\AttendanceSystem\src\AttendanceSystem.API\AttendanceSystem.API.csproj]
C:\Users\HP\AttendanceSystem\src\AttendanceSystem.API\Controllers\EnterpriseApiControllers.cs(44,49): warning CS1591: Missing XML comment for publicly visible type or member 'RejectionRequestDto.Reason' [C:\Users\HP\AttendanceSystem\src\AttendanceSystem.API\AttendanceSystem.API.csproj]
C:\Users\HP\AttendanceSystem\src\AttendanceSystem.API\Controllers\EnterpriseApiControllers.cs(45,22): warning CS1591: Missing XML comment for publicly visible type or member 'FileExportQueryDto' [C:\Users\HP\AttendanceSystem\src\AttendanceSystem.API\AttendanceSystem.API.csproj]
C:\Users\HP\AttendanceSystem\src\AttendanceSystem.API\Controllers\EnterpriseApiControllers.cs(45,22): warning CS1591: Missing XML comment for publicly visible type or member 'FileExportQueryDto.FileExportQueryDto(DateOnly, DateOnly, Guid?, Guid?)' [C:\Users\HP\AttendanceSystem\src\AttendanceSystem.API\AttendanceSystem.API.csproj]
C:\Users\HP\AttendanceSystem\src\AttendanceSystem.API\Controllers\EnterpriseApiControllers.cs(45,50): warning CS1591: Missing XML comment for publicly visible type or member 'FileExportQueryDto.From' [C:\Users\HP\AttendanceSystem\src\AttendanceSystem.API\AttendanceSystem.API.csproj]
C:\Users\HP\AttendanceSystem\src\AttendanceSystem.API\Controllers\EnterpriseApiControllers.cs(45,65): warning CS1591: Missing XML comment for publicly visible type or member 'FileExportQueryDto.To' [C:\Users\HP\AttendanceSystem\src\AttendanceSystem.API\AttendanceSystem.API.csproj]
C:\Users\HP\AttendanceSystem\src\AttendanceSystem.API\Controllers\EnterpriseApiControllers.cs(45,75): warning CS1591: Missing XML comment for publicly visible type or member 'FileExportQueryDto.DepartmentId' [C:\Users\HP\AttendanceSystem\src\AttendanceSystem.API\AttendanceSystem.API.csproj]
C:\Users\HP\AttendanceSystem\src\AttendanceSystem.API\Controllers\EnterpriseApiControllers.cs(45,95): warning CS1591: Missing XML comment for publicly visible type or member 'FileExportQueryDto.EmployeeId' [C:\Users\HP\AttendanceSystem\src\AttendanceSystem.API\AttendanceSystem.API.csproj]
C:\Users\HP\AttendanceSystem\src\AttendanceSystem.API\Controllers\EnterpriseApiControllers.cs(49,21): warning CS1591: Missing XML comment for publicly visible type or member 'AuthV1Controller' [C:\Users\HP\AttendanceSystem\src\AttendanceSystem.API\AttendanceSystem.API.csproj]
C:\Users\HP\AttendanceSystem\src\AttendanceSystem.API\Controllers\EnterpriseApiControllers.cs(53,12): warning CS1591: Missing XML comment for publicly visible type or member 'AuthV1Controller.AuthV1Controller(JwtTokenService)' [C:\Users\HP\AttendanceSystem\src\AttendanceSystem.API\AttendanceSystem.API.csproj]
C:\Users\HP\AttendanceSystem\src\AttendanceSystem.API\Controllers\EnterpriseApiControllers.cs(58,38): warning CS1591: Missing XML comment for publicly visible type or member 'AuthV1Controller.Login(LoginRequestDto, CancellationToken)' [C:\Users\HP\AttendanceSystem\src\AttendanceSystem.API\AttendanceSystem.API.csproj]
C:\Users\HP\AttendanceSystem\src\AttendanceSystem.API\Controllers\EnterpriseApiControllers.cs(66,38): warning CS1591: Missing XML comment for publicly visible type or member 'AuthV1Controller.RefreshToken(RefreshTokenRequestDto, CancellationToken)' [C:\Users\HP\AttendanceSystem\src\AttendanceSystem.API\AttendanceSystem.API.csproj]
C:\Users\HP\AttendanceSystem\src\AttendanceSystem.API\Controllers\EnterpriseApiControllers.cs(74,26): warning CS1591: Missing XML comment for publicly visible type or member 'AuthV1Controller.Logout(LogoutRequestDto)' [C:\Users\HP\AttendanceSystem\src\AttendanceSystem.API\AttendanceSystem.API.csproj]
C:\Users\HP\AttendanceSystem\src\AttendanceSystem.API\Controllers\EnterpriseApiControllers.cs(79,26): warning CS1591: Missing XML comment for publicly visible type or member 'AuthV1Controller.ChangePassword(ChangePasswordRequestDto)' [C:\Users\HP\AttendanceSystem\src\AttendanceSystem.API\AttendanceSystem.API.csproj]
C:\Users\HP\AttendanceSystem\src\AttendanceSystem.API\Controllers\EnterpriseApiControllers.cs(84,26): warning CS1591: Missing XML comment for publicly visible type or member 'AuthV1Controller.ForgotPassword(ForgotPasswordRequestDto)' [C:\Users\HP\AttendanceSystem\src\AttendanceSystem.API\AttendanceSystem.API.csproj]
C:\Users\HP\AttendanceSystem\src\AttendanceSystem.API\Controllers\EnterpriseApiControllers.cs(89,26): warning CS1591: Missing XML comment for publicly visible type or member 'AuthV1Controller.ResetPassword(ResetPasswordRequestDto)' [C:\Users\HP\AttendanceSystem\src\AttendanceSystem.API\AttendanceSystem.API.csproj]
C:\Users\HP\AttendanceSystem\src\AttendanceSystem.API\Controllers\EnterpriseApiControllers.cs(93,22): warning CS1591: Missing XML comment for publicly visible type or member 'RefreshTokenRequestDto' [C:\Users\HP\AttendanceSystem\src\AttendanceSystem.API\AttendanceSystem.API.csproj]
C:\Users\HP\AttendanceSystem\src\AttendanceSystem.API\Controllers\EnterpriseApiControllers.cs(93,22): warning CS1591: Missing XML comment for publicly visible type or member 'RefreshTokenRequestDto.RefreshTokenRequestDto(string)' [C:\Users\HP\AttendanceSystem\src\AttendanceSystem.API\AttendanceSystem.API.csproj]
C:\Users\HP\AttendanceSystem\src\AttendanceSystem.API\Controllers\EnterpriseApiControllers.cs(93,52): warning CS1591: Missing XML comment for publicly visible type or member 'RefreshTokenRequestDto.RefreshToken' [C:\Users\HP\AttendanceSystem\src\AttendanceSystem.API\AttendanceSystem.API.csproj]
C:\Users\HP\AttendanceSystem\src\AttendanceSystem.API\Controllers\EnterpriseApiControllers.cs(94,22): warning CS1591: Missing XML comment for publicly visible type or member 'LogoutRequestDto' [C:\Users\HP\AttendanceSystem\src\AttendanceSystem.API\AttendanceSystem.API.csproj]
C:\Users\HP\AttendanceSystem\src\AttendanceSystem.API\Controllers\EnterpriseApiControllers.cs(94,22): warning CS1591: Missing XML comment for publicly visible type or member 'LogoutRequestDto.LogoutRequestDto(string)' [C:\Users\HP\AttendanceSystem\src\AttendanceSystem.API\AttendanceSystem.API.csproj]
C:\Users\HP\AttendanceSystem\src\AttendanceSystem.API\Controllers\EnterpriseApiControllers.cs(94,46): warning CS1591: Missing XML comment for publicly visible type or member 'LogoutRequestDto.RefreshToken' [C:\Users\HP\AttendanceSystem\src\AttendanceSystem.API\AttendanceSystem.API.csproj]
C:\Users\HP\AttendanceSystem\src\AttendanceSystem.API\Controllers\EnterpriseApiControllers.cs(95,22): warning CS1591: Missing XML comment for publicly visible type or member 'ChangePasswordRequestDto' [C:\Users\HP\AttendanceSystem\src\AttendanceSystem.API\AttendanceSystem.API.csproj]
C:\Users\HP\AttendanceSystem\src\AttendanceSystem.API\Controllers\EnterpriseApiControllers.cs(95,22): warning CS1591: Missing XML comment for publicly visible type or member 'ChangePasswordRequestDto.ChangePasswordRequestDto(string, string, string)' [C:\Users\HP\AttendanceSystem\src\AttendanceSystem.API\AttendanceSystem.API.csproj]
C:\Users\HP\AttendanceSystem\src\AttendanceSystem.API\Controllers\EnterpriseApiControllers.cs(95,54): warning CS1591: Missing XML comment for publicly visible type or member 'ChangePasswordRequestDto.CurrentPassword' [C:\Users\HP\AttendanceSystem\src\AttendanceSystem.API\AttendanceSystem.API.csproj]
C:\Users\HP\AttendanceSystem\src\AttendanceSystem.API\Controllers\EnterpriseApiControllers.cs(95,78): warning CS1591: Missing XML comment for publicly visible type or member 'ChangePasswordRequestDto.NewPassword' [C:\Users\HP\AttendanceSystem\src\AttendanceSystem.API\AttendanceSystem.API.csproj]
C:\Users\HP\AttendanceSystem\src\AttendanceSystem.API\Controllers\EnterpriseApiControllers.cs(95,98): warning CS1591: Missing XML comment for publicly visible type or member 'ChangePasswordRequestDto.ConfirmPassword' [C:\Users\HP\AttendanceSystem\src\AttendanceSystem.API\AttendanceSystem.API.csproj]
C:\Users\HP\AttendanceSystem\src\AttendanceSystem.API\Controllers\EnterpriseApiControllers.cs(96,22): warning CS1591: Missing XML comment for publicly visible type or member 'ForgotPasswordRequestDto' [C:\Users\HP\AttendanceSystem\src\AttendanceSystem.API\AttendanceSystem.API.csproj]
C:\Users\HP\AttendanceSystem\src\AttendanceSystem.API\Controllers\EnterpriseApiControllers.cs(96,22): warning CS1591: Missing XML comment for publicly visible type or member 'ForgotPasswordRequestDto.ForgotPasswordRequestDto(string)' [C:\Users\HP\AttendanceSystem\src\AttendanceSystem.API\AttendanceSystem.API.csproj]
C:\Users\HP\AttendanceSystem\src\AttendanceSystem.API\Controllers\EnterpriseApiControllers.cs(96,54): warning CS1591: Missing XML comment for publicly visible type or member 'ForgotPasswordRequestDto.Email' [C:\Users\HP\AttendanceSystem\src\AttendanceSystem.API\AttendanceSystem.API.csproj]
C:\Users\HP\AttendanceSystem\src\AttendanceSystem.API\Controllers\EnterpriseApiControllers.cs(97,22): warning CS1591: Missing XML comment for publicly visible type or member 'ResetPasswordRequestDto' [C:\Users\HP\AttendanceSystem\src\AttendanceSystem.API\AttendanceSystem.API.csproj]
C:\Users\HP\AttendanceSystem\src\AttendanceSystem.API\Controllers\EnterpriseApiControllers.cs(97,22): warning CS1591: Missing XML comment for publicly visible type or member 'ResetPasswordRequestDto.ResetPasswordRequestDto(string, string, string, string)' [C:\Users\HP\AttendanceSystem\src\AttendanceSystem.API\AttendanceSystem.API.csproj]
C:\Users\HP\AttendanceSystem\src\AttendanceSystem.API\Controllers\EnterpriseApiControllers.cs(97,53): warning CS1591: Missing XML comment for publicly visible type or member 'ResetPasswordRequestDto.Email' [C:\Users\HP\AttendanceSystem\src\AttendanceSystem.API\AttendanceSystem.API.csproj]
C:\Users\HP\AttendanceSystem\src\AttendanceSystem.API\Controllers\EnterpriseApiControllers.cs(97,67): warning CS1591: Missing XML comment for publicly visible type or member 'ResetPasswordRequestDto.Token' [C:\Users\HP\AttendanceSystem\src\AttendanceSystem.API\AttendanceSystem.API.csproj]
C:\Users\HP\AttendanceSystem\src\AttendanceSystem.API\Controllers\EnterpriseApiControllers.cs(97,81): warning CS1591: Missing XML comment for publicly visible type or member 'ResetPasswordRequestDto.NewPassword' [C:\Users\HP\AttendanceSystem\src\AttendanceSystem.API\AttendanceSystem.API.csproj]
C:\Users\HP\AttendanceSystem\src\AttendanceSystem.API\Controllers\EnterpriseApiControllers.cs(97,101): warning CS1591: Missing XML comment for publicly visible type or member 'ResetPasswordRequestDto.ConfirmPassword' [C:\Users\HP\AttendanceSystem\src\AttendanceSystem.API\AttendanceSystem.API.csproj]
C:\Users\HP\AttendanceSystem\src\AttendanceSystem.API\Controllers\EnterpriseApiControllers.cs(102,21): warning CS1591: Missing XML comment for publicly visible type or member 'EmployeesController' [C:\Users\HP\AttendanceSystem\src\AttendanceSystem.API\AttendanceSystem.API.csproj]
C:\Users\HP\AttendanceSystem\src\AttendanceSystem.API\Controllers\EnterpriseApiControllers.cs(106,26): warning CS1591: Missing XML comment for publicly visible type or member 'EmployeesController.Create(CreateEmployeeRequestDto)' [C:\Users\HP\AttendanceSystem\src\AttendanceSystem.API\AttendanceSystem.API.csproj]
C:\Users\HP\AttendanceSystem\src\AttendanceSystem.API\Controllers\EnterpriseApiControllers.cs(111,26): warning CS1591: Missing XML comment for publicly visible type or member 'EmployeesController.Update(Guid, UpdateEmployeeRequestDto)' [C:\Users\HP\AttendanceSystem\src\AttendanceSystem.API\AttendanceSystem.API.csproj]
C:\Users\HP\AttendanceSystem\src\AttendanceSystem.API\Controllers\EnterpriseApiControllers.cs(116,26): warning CS1591: Missing XML comment for publicly visible type or member 'EmployeesController.Delete(Guid)' [C:\Users\HP\AttendanceSystem\src\AttendanceSystem.API\AttendanceSystem.API.csproj]
C:\Users\HP\AttendanceSystem\src\AttendanceSystem.API\Controllers\EnterpriseApiControllers.cs(120,26): warning CS1591: Missing XML comment for publicly visible type or member 'EmployeesController.Details(Guid)' [C:\Users\HP\AttendanceSystem\src\AttendanceSystem.API\AttendanceSystem.API.csproj]
C:\Users\HP\AttendanceSystem\src\AttendanceSystem.API\Controllers\EnterpriseApiControllers.cs(125,26): warning CS1591: Missing XML comment for publicly visible type or member 'EmployeesController.List(EmployeeQueryDto)' [C:\Users\HP\AttendanceSystem\src\AttendanceSystem.API\AttendanceSystem.API.csproj]
C:\Users\HP\AttendanceSystem\src\AttendanceSystem.API\Controllers\EnterpriseApiControllers.cs(129,26): warning CS1591: Missing XML comment for publicly visible type or member 'EmployeesController.Search(EmployeeSearchQueryDto)' [C:\Users\HP\AttendanceSystem\src\AttendanceSystem.API\AttendanceSystem.API.csproj]
C:\Users\HP\AttendanceSystem\src\AttendanceSystem.API\Controllers\EnterpriseApiControllers.cs(133,26): warning CS1591: Missing XML comment for publicly visible type or member 'EmployeesController.AttendanceSummary(Guid, DateRangeQueryDto)' [C:\Users\HP\AttendanceSystem\src\AttendanceSystem.API\AttendanceSystem.API.csproj]
C:\Users\HP\AttendanceSystem\src\AttendanceSystem.API\Controllers\EnterpriseApiControllers.cs(137,22): warning CS1591: Missing XML comment for publicly visible type or member 'CreateEmployeeRequestDto' [C:\Users\HP\AttendanceSystem\src\AttendanceSystem.API\AttendanceSystem.API.csproj]
C:\Users\HP\AttendanceSystem\src\AttendanceSystem.API\Controllers\EnterpriseApiControllers.cs(137,22): warning CS1591: Missing XML comment for publicly visible type or member 'CreateEmployeeRequestDto.CreateEmployeeRequestDto(string, string, string, string?, Guid, Guid, Guid, DateOnly, string, string?)' [C:\Users\HP\AttendanceSystem\src\AttendanceSystem.API\AttendanceSystem.API.csproj]
C:\Users\HP\AttendanceSystem\src\AttendanceSystem.API\Controllers\EnterpriseApiControllers.cs(137,54): warning CS1591: Missing XML comment for publicly visible type or member 'CreateEmployeeRequestDto.EmployeeCode' [C:\Users\HP\AttendanceSystem\src\AttendanceSystem.API\AttendanceSystem.API.csproj]
C:\Users\HP\AttendanceSystem\src\AttendanceSystem.API\Controllers\EnterpriseApiControllers.cs(137,75): warning CS1591: Missing XML comment for publicly visible type or member 'CreateEmployeeRequestDto.FullName' [C:\Users\HP\AttendanceSystem\src\AttendanceSystem.API\AttendanceSystem.API.csproj]
C:\Users\HP\AttendanceSystem\src\AttendanceSystem.API\Controllers\EnterpriseApiControllers.cs(137,92): warning CS1591: Missing XML comment for publicly visible type or member 'CreateEmployeeRequestDto.Email' [C:\Users\HP\AttendanceSystem\src\AttendanceSystem.API\AttendanceSystem.API.csproj]
C:\Users\HP\AttendanceSystem\src\AttendanceSystem.API\Controllers\EnterpriseApiControllers.cs(137,107): warning CS1591: Missing XML comment for publicly visible type or member 'CreateEmployeeRequestDto.Phone' [C:\Users\HP\AttendanceSystem\src\AttendanceSystem.API\AttendanceSystem.API.csproj]
C:\Users\HP\AttendanceSystem\src\AttendanceSystem.API\Controllers\EnterpriseApiControllers.cs(137,119): warning CS1591: Missing XML comment for publicly visible type or member 'CreateEmployeeRequestDto.DepartmentId' [C:\Users\HP\AttendanceSystem\src\AttendanceSystem.API\AttendanceSystem.API.csproj]
C:\Users\HP\AttendanceSystem\src\AttendanceSystem.API\Controllers\EnterpriseApiControllers.cs(137,138): warning CS1591: Missing XML comment for publicly visible type or member 'CreateEmployeeRequestDto.WorkScheduleId' [C:\Users\HP\AttendanceSystem\src\AttendanceSystem.API\AttendanceSystem.API.csproj]
C:\Users\HP\AttendanceSystem\src\AttendanceSystem.API\Controllers\EnterpriseApiControllers.cs(137,159): warning CS1591: Missing XML comment for publicly visible type or member 'CreateEmployeeRequestDto.OfficeLocationId' [C:\Users\HP\AttendanceSystem\src\AttendanceSystem.API\AttendanceSystem.API.csproj]
C:\Users\HP\AttendanceSystem\src\AttendanceSystem.API\Controllers\EnterpriseApiControllers.cs(137,186): warning CS1591: Missing XML comment for publicly visible type or member 'CreateEmployeeRequestDto.HireDate' [C:\Users\HP\AttendanceSystem\src\AttendanceSystem.API\AttendanceSystem.API.csproj]
C:\Users\HP\AttendanceSystem\src\AttendanceSystem.API\Controllers\EnterpriseApiControllers.cs(137,203): warning CS1591: Missing XML comment for publicly visible type or member 'CreateEmployeeRequestDto.ContractType' [C:\Users\HP\AttendanceSystem\src\AttendanceSystem.API\AttendanceSystem.API.csproj]
C:\Users\HP\AttendanceSystem\src\AttendanceSystem.API\Controllers\EnterpriseApiControllers.cs(137,225): warning CS1591: Missing XML comment for publicly visible type or member 'CreateEmployeeRequestDto.UserId' [C:\Users\HP\AttendanceSystem\src\AttendanceSystem.API\AttendanceSystem.API.csproj]
C:\Users\HP\AttendanceSystem\src\AttendanceSystem.API\Controllers\EnterpriseApiControllers.cs(138,22): warning CS1591: Missing XML comment for publicly visible type or member 'UpdateEmployeeRequestDto' [C:\Users\HP\AttendanceSystem\src\AttendanceSystem.API\AttendanceSystem.API.csproj]
C:\Users\HP\AttendanceSystem\src\AttendanceSystem.API\Controllers\EnterpriseApiControllers.cs(138,22): warning CS1591: Missing XML comment for publicly visible type or member 'UpdateEmployeeRequestDto.UpdateEmployeeRequestDto(string, string, string?, Guid, Guid, Guid, DateOnly?, bool)' [C:\Users\HP\AttendanceSystem\src\AttendanceSystem.API\AttendanceSystem.API.csproj]
C:\Users\HP\AttendanceSystem\src\AttendanceSystem.API\Controllers\EnterpriseApiControllers.cs(138,54): warning CS1591: Missing XML comment for publicly visible type or member 'UpdateEmployeeRequestDto.FullName' [C:\Users\HP\AttendanceSystem\src\AttendanceSystem.API\AttendanceSystem.API.csproj]
C:\Users\HP\AttendanceSystem\src\AttendanceSystem.API\Controllers\EnterpriseApiControllers.cs(138,71): warning CS1591: Missing XML comment for publicly visible type or member 'UpdateEmployeeRequestDto.Email' [C:\Users\HP\AttendanceSystem\src\AttendanceSystem.API\AttendanceSystem.API.csproj]
C:\Users\HP\AttendanceSystem\src\AttendanceSystem.API\Controllers\EnterpriseApiControllers.cs(138,86): warning CS1591: Missing XML comment for publicly visible type or member 'UpdateEmployeeRequestDto.Phone' [C:\Users\HP\AttendanceSystem\src\AttendanceSystem.API\AttendanceSystem.API.csproj]
C:\Users\HP\AttendanceSystem\src\AttendanceSystem.API\Controllers\EnterpriseApiControllers.cs(138,98): warning CS1591: Missing XML comment for publicly visible type or member 'UpdateEmployeeRequestDto.DepartmentId' [C:\Users\HP\AttendanceSystem\src\AttendanceSystem.API\AttendanceSystem.API.csproj]
C:\Users\HP\AttendanceSystem\src\AttendanceSystem.API\Controllers\EnterpriseApiControllers.cs(138,117): warning CS1591: Missing XML comment for publicly visible type or member 'UpdateEmployeeRequestDto.WorkScheduleId' [C:\Users\HP\AttendanceSystem\src\AttendanceSystem.API\AttendanceSystem.API.csproj]
C:\Users\HP\AttendanceSystem\src\AttendanceSystem.API\Controllers\EnterpriseApiControllers.cs(138,138): warning CS1591: Missing XML comment for publicly visible type or member 'UpdateEmployeeRequestDto.OfficeLocationId' [C:\Users\HP\AttendanceSystem\src\AttendanceSystem.API\AttendanceSystem.API.csproj]
C:\Users\HP\AttendanceSystem\src\AttendanceSystem.API\Controllers\EnterpriseApiControllers.cs(138,166): warning CS1591: Missing XML comment for publicly visible type or member 'UpdateEmployeeRequestDto.DateOfBirth' [C:\Users\HP\AttendanceSystem\src\AttendanceSystem.API\AttendanceSystem.API.csproj]
C:\Users\HP\AttendanceSystem\src\AttendanceSystem.API\Controllers\EnterpriseApiControllers.cs(138,184): warning CS1591: Missing XML comment for publicly visible type or member 'UpdateEmployeeRequestDto.IsActive' [C:\Users\HP\AttendanceSystem\src\AttendanceSystem.API\AttendanceSystem.API.csproj]
C:\Users\HP\AttendanceSystem\src\AttendanceSystem.API\Controllers\EnterpriseApiControllers.cs(139,22): warning CS1591: Missing XML comment for publicly visible type or member 'EmployeeQueryDto' [C:\Users\HP\AttendanceSystem\src\AttendanceSystem.API\AttendanceSystem.API.csproj]
C:\Users\HP\AttendanceSystem\src\AttendanceSystem.API\Controllers\EnterpriseApiControllers.cs(139,22): warning CS1591: Missing XML comment for publicly visible type or member 'EmployeeQueryDto.EmployeeQueryDto(int, int, Guid?, bool?)' [C:\Users\HP\AttendanceSystem\src\AttendanceSystem.API\AttendanceSystem.API.csproj]
C:\Users\HP\AttendanceSystem\src\AttendanceSystem.API\Controllers\EnterpriseApiControllers.cs(139,43): warning CS1591: Missing XML comment for publicly visible type or member 'EmployeeQueryDto.PageNumber' [C:\Users\HP\AttendanceSystem\src\AttendanceSystem.API\AttendanceSystem.API.csproj]
C:\Users\HP\AttendanceSystem\src\AttendanceSystem.API\Controllers\EnterpriseApiControllers.cs(139,63): warning CS1591: Missing XML comment for publicly visible type or member 'EmployeeQueryDto.PageSize' [C:\Users\HP\AttendanceSystem\src\AttendanceSystem.API\AttendanceSystem.API.csproj]
C:\Users\HP\AttendanceSystem\src\AttendanceSystem.API\Controllers\EnterpriseApiControllers.cs(139,84): warning CS1591: Missing XML comment for publicly visible type or member 'EmployeeQueryDto.DepartmentId' [C:\Users\HP\AttendanceSystem\src\AttendanceSystem.API\AttendanceSystem.API.csproj]
C:\Users\HP\AttendanceSystem\src\AttendanceSystem.API\Controllers\EnterpriseApiControllers.cs(139,111): warning CS1591: Missing XML comment for publicly visible type or member 'EmployeeQueryDto.IsActive' [C:\Users\HP\AttendanceSystem\src\AttendanceSystem.API\AttendanceSystem.API.csproj]
C:\Users\HP\AttendanceSystem\src\AttendanceSystem.API\Controllers\EnterpriseApiControllers.cs(140,22): warning CS1591: Missing XML comment for publicly visible type or member 'EmployeeSearchQueryDto' [C:\Users\HP\AttendanceSystem\src\AttendanceSystem.API\AttendanceSystem.API.csproj]
C:\Users\HP\AttendanceSystem\src\AttendanceSystem.API\Controllers\EnterpriseApiControllers.cs(140,22): warning CS1591: Missing XML comment for publicly visible type or member 'EmployeeSearchQueryDto.EmployeeSearchQueryDto(string, int)' [C:\Users\HP\AttendanceSystem\src\AttendanceSystem.API\AttendanceSystem.API.csproj]
C:\Users\HP\AttendanceSystem\src\AttendanceSystem.API\Controllers\EnterpriseApiControllers.cs(140,52): warning CS1591: Missing XML comment for publicly visible type or member 'EmployeeSearchQueryDto.Query' [C:\Users\HP\AttendanceSystem\src\AttendanceSystem.API\AttendanceSystem.API.csproj]
C:\Users\HP\AttendanceSystem\src\AttendanceSystem.API\Controllers\EnterpriseApiControllers.cs(140,63): warning CS1591: Missing XML comment for publicly visible type or member 'EmployeeSearchQueryDto.Limit' [C:\Users\HP\AttendanceSystem\src\AttendanceSystem.API\AttendanceSystem.API.csproj]
C:\Users\HP\AttendanceSystem\src\AttendanceSystem.API\Controllers\EnterpriseApiControllers.cs(141,22): warning CS1591: Missing XML comment for publicly visible type or member 'EmployeeDetailsResponseDto' [C:\Users\HP\AttendanceSystem\src\AttendanceSystem.API\AttendanceSystem.API.csproj]
C:\Users\HP\AttendanceSystem\src\AttendanceSystem.API\Controllers\EnterpriseApiControllers.cs(141,22): warning CS1591: Missing XML comment for publicly visible type or member 'EmployeeDetailsResponseDto.EmployeeDetailsResponseDto(Guid, string, string, string, string?, Guid, string, Guid, Guid, DateOnly, bool)' [C:\Users\HP\AttendanceSystem\src\AttendanceSystem.API\AttendanceSystem.API.csproj]
C:\Users\HP\AttendanceSystem\src\AttendanceSystem.API\Controllers\EnterpriseApiControllers.cs(141,54): warning CS1591: Missing XML comment for publicly visible type or member 'EmployeeDetailsResponseDto.Id' [C:\Users\HP\AttendanceSystem\src\AttendanceSystem.API\AttendanceSystem.API.csproj]
C:\Users\HP\AttendanceSystem\src\AttendanceSystem.API\Controllers\EnterpriseApiControllers.cs(141,65): warning CS1591: Missing XML comment for publicly visible type or member 'EmployeeDetailsResponseDto.EmployeeCode' [C:\Users\HP\AttendanceSystem\src\AttendanceSystem.API\AttendanceSystem.API.csproj]
C:\Users\HP\AttendanceSystem\src\AttendanceSystem.API\Controllers\EnterpriseApiControllers.cs(141,86): warning CS1591: Missing XML comment for publicly visible type or member 'EmployeeDetailsResponseDto.FullName' [C:\Users\HP\AttendanceSystem\src\AttendanceSystem.API\AttendanceSystem.API.csproj]
C:\Users\HP\AttendanceSystem\src\AttendanceSystem.API\Controllers\EnterpriseApiControllers.cs(141,103): warning CS1591: Missing XML comment for publicly visible type or member 'EmployeeDetailsResponseDto.Email' [C:\Users\HP\AttendanceSystem\src\AttendanceSystem.API\AttendanceSystem.API.csproj]
C:\Users\HP\AttendanceSystem\src\AttendanceSystem.API\Controllers\EnterpriseApiControllers.cs(141,118): warning CS1591: Missing XML comment for publicly visible type or member 'EmployeeDetailsResponseDto.Phone' [C:\Users\HP\AttendanceSystem\src\AttendanceSystem.API\AttendanceSystem.API.csproj]
C:\Users\HP\AttendanceSystem\src\AttendanceSystem.API\Controllers\EnterpriseApiControllers.cs(141,130): warning CS1591: Missing XML comment for publicly visible type or member 'EmployeeDetailsResponseDto.DepartmentId' [C:\Users\HP\AttendanceSystem\src\AttendanceSystem.API\AttendanceSystem.API.csproj]
C:\Users\HP\AttendanceSystem\src\AttendanceSystem.API\Controllers\EnterpriseApiControllers.cs(141,151): warning CS1591: Missing XML comment for publicly visible type or member 'EmployeeDetailsResponseDto.DepartmentName' [C:\Users\HP\AttendanceSystem\src\AttendanceSystem.API\AttendanceSystem.API.csproj]
C:\Users\HP\AttendanceSystem\src\AttendanceSystem.API\Controllers\EnterpriseApiControllers.cs(141,172): warning CS1591: Missing XML comment for publicly visible type or member 'EmployeeDetailsResponseDto.WorkScheduleId' [C:\Users\HP\AttendanceSystem\src\AttendanceSystem.API\AttendanceSystem.API.csproj]
C:\Users\HP\AttendanceSystem\src\AttendanceSystem.API\Controllers\EnterpriseApiControllers.cs(141,193): warning CS1591: Missing XML comment for publicly visible type or member 'EmployeeDetailsResponseDto.OfficeLocationId' [C:\Users\HP\AttendanceSystem\src\AttendanceSystem.API\AttendanceSystem.API.csproj]
C:\Users\HP\AttendanceSystem\src\AttendanceSystem.API\Controllers\EnterpriseApiControllers.cs(141,220): warning CS1591: Missing XML comment for publicly visible type or member 'EmployeeDetailsResponseDto.HireDate' [C:\Users\HP\AttendanceSystem\src\AttendanceSystem.API\AttendanceSystem.API.csproj]
C:\Users\HP\AttendanceSystem\src\AttendanceSystem.API\Controllers\EnterpriseApiControllers.cs(141,235): warning CS1591: Missing XML comment for publicly visible type or member 'EmployeeDetailsResponseDto.IsActive' [C:\Users\HP\AttendanceSystem\src\AttendanceSystem.API\AttendanceSystem.API.csproj]
C:\Users\HP\AttendanceSystem\src\AttendanceSystem.API\Controllers\EnterpriseApiControllers.cs(142,22): warning CS1591: Missing XML comment for publicly visible type or member 'EmployeeListItemResponseDto' [C:\Users\HP\AttendanceSystem\src\AttendanceSystem.API\AttendanceSystem.API.csproj]
C:\Users\HP\AttendanceSystem\src\AttendanceSystem.API\Controllers\EnterpriseApiControllers.cs(142,22): warning CS1591: Missing XML comment for publicly visible type or member 'EmployeeListItemResponseDto.EmployeeListItemResponseDto(Guid, string, string, string, string, bool)' [C:\Users\HP\AttendanceSystem\src\AttendanceSystem.API\AttendanceSystem.API.csproj]
C:\Users\HP\AttendanceSystem\src\AttendanceSystem.API\Controllers\EnterpriseApiControllers.cs(142,55): warning CS1591: Missing XML comment for publicly visible type or member 'EmployeeListItemResponseDto.Id' [C:\Users\HP\AttendanceSystem\src\AttendanceSystem.API\AttendanceSystem.API.csproj]
C:\Users\HP\AttendanceSystem\src\AttendanceSystem.API\Controllers\EnterpriseApiControllers.cs(142,66): warning CS1591: Missing XML comment for publicly visible type or member 'EmployeeListItemResponseDto.EmployeeCode' [C:\Users\HP\AttendanceSystem\src\AttendanceSystem.API\AttendanceSystem.API.csproj]
C:\Users\HP\AttendanceSystem\src\AttendanceSystem.API\Controllers\EnterpriseApiControllers.cs(142,87): warning CS1591: Missing XML comment for publicly visible type or member 'EmployeeListItemResponseDto.FullName' [C:\Users\HP\AttendanceSystem\src\AttendanceSystem.API\AttendanceSystem.API.csproj]
C:\Users\HP\AttendanceSystem\src\AttendanceSystem.API\Controllers\EnterpriseApiControllers.cs(142,104): warning CS1591: Missing XML comment for publicly visible type or member 'EmployeeListItemResponseDto.Email' [C:\Users\HP\AttendanceSystem\src\AttendanceSystem.API\AttendanceSystem.API.csproj]
C:\Users\HP\AttendanceSystem\src\AttendanceSystem.API\Controllers\EnterpriseApiControllers.cs(142,118): warning CS1591: Missing XML comment for publicly visible type or member 'EmployeeListItemResponseDto.DepartmentName' [C:\Users\HP\AttendanceSystem\src\AttendanceSystem.API\AttendanceSystem.API.csproj]
C:\Users\HP\AttendanceSystem\src\AttendanceSystem.API\Controllers\EnterpriseApiControllers.cs(142,139): warning CS1591: Missing XML comment for publicly visible type or member 'EmployeeListItemResponseDto.IsActive' [C:\Users\HP\AttendanceSystem\src\AttendanceSystem.API\AttendanceSystem.API.csproj]
C:\Users\HP\AttendanceSystem\src\AttendanceSystem.API\Controllers\EnterpriseApiControllers.cs(143,22): warning CS1591: Missing XML comment for publicly visible type or member 'EmployeeAttendanceSummaryResponseDto' [C:\Users\HP\AttendanceSystem\src\AttendanceSystem.API\AttendanceSystem.API.csproj]
C:\Users\HP\AttendanceSystem\src\AttendanceSystem.API\Controllers\EnterpriseApiControllers.cs(143,22): warning CS1591: Missing XML comment for publicly visible type or member 'EmployeeAttendanceSummaryResponseDto.EmployeeAttendanceSummaryResponseDto(Guid, int, int, int, decimal)' [C:\Users\HP\AttendanceSystem\src\AttendanceSystem.API\AttendanceSystem.API.csproj]
C:\Users\HP\AttendanceSystem\src\AttendanceSystem.API\Controllers\EnterpriseApiControllers.cs(143,64): warning CS1591: Missing XML comment for publicly visible type or member 'EmployeeAttendanceSummaryResponseDto.EmployeeId' [C:\Users\HP\AttendanceSystem\src\AttendanceSystem.API\AttendanceSystem.API.csproj]
C:\Users\HP\AttendanceSystem\src\AttendanceSystem.API\Controllers\EnterpriseApiControllers.cs(143,80): warning CS1591: Missing XML comment for publicly visible type or member 'EmployeeAttendanceSummaryResponseDto.PresentDays' [C:\Users\HP\AttendanceSystem\src\AttendanceSystem.API\AttendanceSystem.API.csproj]
C:\Users\HP\AttendanceSystem\src\AttendanceSystem.API\Controllers\EnterpriseApiControllers.cs(143,97): warning CS1591: Missing XML comment for publicly visible type or member 'EmployeeAttendanceSummaryResponseDto.AbsentDays' [C:\Users\HP\AttendanceSystem\src\AttendanceSystem.API\AttendanceSystem.API.csproj]
C:\Users\HP\AttendanceSystem\src\AttendanceSystem.API\Controllers\EnterpriseApiControllers.cs(143,113): warning CS1591: Missing XML comment for publicly visible type or member 'EmployeeAttendanceSummaryResponseDto.LateDays' [C:\Users\HP\AttendanceSystem\src\AttendanceSystem.API\AttendanceSystem.API.csproj]
C:\Users\HP\AttendanceSystem\src\AttendanceSystem.API\Controllers\EnterpriseApiControllers.cs(143,131): warning CS1591: Missing XML comment for publicly visible type or member 'EmployeeAttendanceSummaryResponseDto.OvertimeHours' [C:\Users\HP\AttendanceSystem\src\AttendanceSystem.API\AttendanceSystem.API.csproj]
C:\Users\HP\AttendanceSystem\src\AttendanceSystem.API\Controllers\EnterpriseApiControllers.cs(148,21): warning CS1591: Missing XML comment for publicly visible type or member 'DepartmentsController' [C:\Users\HP\AttendanceSystem\src\AttendanceSystem.API\AttendanceSystem.API.csproj]
C:\Users\HP\AttendanceSystem\src\AttendanceSystem.API\Controllers\EnterpriseApiControllers.cs(152,26): warning CS1591: Missing XML comment for publicly visible type or member 'DepartmentsController.Create(CreateDepartmentRequestDto)' [C:\Users\HP\AttendanceSystem\src\AttendanceSystem.API\AttendanceSystem.API.csproj]
C:\Users\HP\AttendanceSystem\src\AttendanceSystem.API\Controllers\EnterpriseApiControllers.cs(156,26): warning CS1591: Missing XML comment for publicly visible type or member 'DepartmentsController.List(DepartmentQueryDto)' [C:\Users\HP\AttendanceSystem\src\AttendanceSystem.API\AttendanceSystem.API.csproj]
C:\Users\HP\AttendanceSystem\src\AttendanceSystem.API\Controllers\EnterpriseApiControllers.cs(160,26): warning CS1591: Missing XML comment for publicly visible type or member 'DepartmentsController.Details(Guid)' [C:\Users\HP\AttendanceSystem\src\AttendanceSystem.API\AttendanceSystem.API.csproj]
C:\Users\HP\AttendanceSystem\src\AttendanceSystem.API\Controllers\EnterpriseApiControllers.cs(165,26): warning CS1591: Missing XML comment for publicly visible type or member 'DepartmentsController.Update(Guid, UpdateDepartmentRequestDto)' [C:\Users\HP\AttendanceSystem\src\AttendanceSystem.API\AttendanceSystem.API.csproj]
C:\Users\HP\AttendanceSystem\src\AttendanceSystem.API\Controllers\EnterpriseApiControllers.cs(170,26): warning CS1591: Missing XML comment for publicly visible type or member 'DepartmentsController.Delete(Guid)' [C:\Users\HP\AttendanceSystem\src\AttendanceSystem.API\AttendanceSystem.API.csproj]
C:\Users\HP\AttendanceSystem\src\AttendanceSystem.API\Controllers\EnterpriseApiControllers.cs(174,22): warning CS1591: Missing XML comment for publicly visible type or member 'CreateDepartmentRequestDto' [C:\Users\HP\AttendanceSystem\src\AttendanceSystem.API\AttendanceSystem.API.csproj]
C:\Users\HP\AttendanceSystem\src\AttendanceSystem.API\Controllers\EnterpriseApiControllers.cs(174,22): warning CS1591: Missing XML comment for publicly visible type or member 'CreateDepartmentRequestDto.CreateDepartmentRequestDto(string, Guid?, Guid?, Guid?)' [C:\Users\HP\AttendanceSystem\src\AttendanceSystem.API\AttendanceSystem.API.csproj]
C:\Users\HP\AttendanceSystem\src\AttendanceSystem.API\Controllers\EnterpriseApiControllers.cs(174,56): warning CS1591: Missing XML comment for publicly visible type or member 'CreateDepartmentRequestDto.Name' [C:\Users\HP\AttendanceSystem\src\AttendanceSystem.API\AttendanceSystem.API.csproj]
C:\Users\HP\AttendanceSystem\src\AttendanceSystem.API\Controllers\EnterpriseApiControllers.cs(174,68): warning CS1591: Missing XML comment for publicly visible type or member 'CreateDepartmentRequestDto.ParentDepartmentId' [C:\Users\HP\AttendanceSystem\src\AttendanceSystem.API\AttendanceSystem.API.csproj]
C:\Users\HP\AttendanceSystem\src\AttendanceSystem.API\Controllers\EnterpriseApiControllers.cs(174,94): warning CS1591: Missing XML comment for publicly visible type or member 'CreateDepartmentRequestDto.HeadEmployeeId' [C:\Users\HP\AttendanceSystem\src\AttendanceSystem.API\AttendanceSystem.API.csproj]
C:\Users\HP\AttendanceSystem\src\AttendanceSystem.API\Controllers\EnterpriseApiControllers.cs(174,116): warning CS1591: Missing XML comment for publicly visible type or member 'CreateDepartmentRequestDto.DefaultWorkScheduleId' [C:\Users\HP\AttendanceSystem\src\AttendanceSystem.API\AttendanceSystem.API.csproj]
C:\Users\HP\AttendanceSystem\src\AttendanceSystem.API\Controllers\EnterpriseApiControllers.cs(175,22): warning CS1591: Missing XML comment for publicly visible type or member 'UpdateDepartmentRequestDto' [C:\Users\HP\AttendanceSystem\src\AttendanceSystem.API\AttendanceSystem.API.csproj]
C:\Users\HP\AttendanceSystem\src\AttendanceSystem.API\Controllers\EnterpriseApiControllers.cs(175,22): warning CS1591: Missing XML comment for publicly visible type or member 'UpdateDepartmentRequestDto.UpdateDepartmentRequestDto(string, Guid?, Guid?, bool)' [C:\Users\HP\AttendanceSystem\src\AttendanceSystem.API\AttendanceSystem.API.csproj]
C:\Users\HP\AttendanceSystem\src\AttendanceSystem.API\Controllers\EnterpriseApiControllers.cs(175,56): warning CS1591: Missing XML comment for publicly visible type or member 'UpdateDepartmentRequestDto.Name' [C:\Users\HP\AttendanceSystem\src\AttendanceSystem.API\AttendanceSystem.API.csproj]
C:\Users\HP\AttendanceSystem\src\AttendanceSystem.API\Controllers\EnterpriseApiControllers.cs(175,68): warning CS1591: Missing XML comment for publicly visible type or member 'UpdateDepartmentRequestDto.HeadEmployeeId' [C:\Users\HP\AttendanceSystem\src\AttendanceSystem.API\AttendanceSystem.API.csproj]
C:\Users\HP\AttendanceSystem\src\AttendanceSystem.API\Controllers\EnterpriseApiControllers.cs(175,90): warning CS1591: Missing XML comment for publicly visible type or member 'UpdateDepartmentRequestDto.DefaultWorkScheduleId' [C:\Users\HP\AttendanceSystem\src\AttendanceSystem.API\AttendanceSystem.API.csproj]
C:\Users\HP\AttendanceSystem\src\AttendanceSystem.API\Controllers\EnterpriseApiControllers.cs(175,118): warning CS1591: Missing XML comment for publicly visible type or member 'UpdateDepartmentRequestDto.IsActive' [C:\Users\HP\AttendanceSystem\src\AttendanceSystem.API\AttendanceSystem.API.csproj]
C:\Users\HP\AttendanceSystem\src\AttendanceSystem.API\Controllers\EnterpriseApiControllers.cs(176,22): warning CS1591: Missing XML comment for publicly visible type or member 'DepartmentQueryDto' [C:\Users\HP\AttendanceSystem\src\AttendanceSystem.API\AttendanceSystem.API.csproj]
C:\Users\HP\AttendanceSystem\src\AttendanceSystem.API\Controllers\EnterpriseApiControllers.cs(176,22): warning CS1591: Missing XML comment for publicly visible type or member 'DepartmentQueryDto.DepartmentQueryDto(int, int, bool?)' [C:\Users\HP\AttendanceSystem\src\AttendanceSystem.API\AttendanceSystem.API.csproj]
C:\Users\HP\AttendanceSystem\src\AttendanceSystem.API\Controllers\EnterpriseApiControllers.cs(176,45): warning CS1591: Missing XML comment for publicly visible type or member 'DepartmentQueryDto.PageNumber' [C:\Users\HP\AttendanceSystem\src\AttendanceSystem.API\AttendanceSystem.API.csproj]
C:\Users\HP\AttendanceSystem\src\AttendanceSystem.API\Controllers\EnterpriseApiControllers.cs(176,65): warning CS1591: Missing XML comment for publicly visible type or member 'DepartmentQueryDto.PageSize' [C:\Users\HP\AttendanceSystem\src\AttendanceSystem.API\AttendanceSystem.API.csproj]
C:\Users\HP\AttendanceSystem\src\AttendanceSystem.API\Controllers\EnterpriseApiControllers.cs(176,86): warning CS1591: Missing XML comment for publicly visible type or member 'DepartmentQueryDto.IsActive' [C:\Users\HP\AttendanceSystem\src\AttendanceSystem.API\AttendanceSystem.API.csproj]
C:\Users\HP\AttendanceSystem\src\AttendanceSystem.API\Controllers\EnterpriseApiControllers.cs(177,22): warning CS1591: Missing XML comment for publicly visible type or member 'DepartmentResponseDto' [C:\Users\HP\AttendanceSystem\src\AttendanceSystem.API\AttendanceSystem.API.csproj]
C:\Users\HP\AttendanceSystem\src\AttendanceSystem.API\Controllers\EnterpriseApiControllers.cs(177,22): warning CS1591: Missing XML comment for publicly visible type or member 'DepartmentResponseDto.DepartmentResponseDto(Guid, string, Guid?, Guid?, int, bool)' [C:\Users\HP\AttendanceSystem\src\AttendanceSystem.API\AttendanceSystem.API.csproj]
C:\Users\HP\AttendanceSystem\src\AttendanceSystem.API\Controllers\EnterpriseApiControllers.cs(177,49): warning CS1591: Missing XML comment for publicly visible type or member 'DepartmentResponseDto.Id' [C:\Users\HP\AttendanceSystem\src\AttendanceSystem.API\AttendanceSystem.API.csproj]
C:\Users\HP\AttendanceSystem\src\AttendanceSystem.API\Controllers\EnterpriseApiControllers.cs(177,60): warning CS1591: Missing XML comment for publicly visible type or member 'DepartmentResponseDto.Name' [C:\Users\HP\AttendanceSystem\src\AttendanceSystem.API\AttendanceSystem.API.csproj]
C:\Users\HP\AttendanceSystem\src\AttendanceSystem.API\Controllers\EnterpriseApiControllers.cs(177,72): warning CS1591: Missing XML comment for publicly visible type or member 'DepartmentResponseDto.ParentDepartmentId' [C:\Users\HP\AttendanceSystem\src\AttendanceSystem.API\AttendanceSystem.API.csproj]
C:\Users\HP\AttendanceSystem\src\AttendanceSystem.API\Controllers\EnterpriseApiControllers.cs(177,98): warning CS1591: Missing XML comment for publicly visible type or member 'DepartmentResponseDto.HeadEmployeeId' [C:\Users\HP\AttendanceSystem\src\AttendanceSystem.API\AttendanceSystem.API.csproj]
C:\Users\HP\AttendanceSystem\src\AttendanceSystem.API\Controllers\EnterpriseApiControllers.cs(177,118): warning CS1591: Missing XML comment for publicly visible type or member 'DepartmentResponseDto.EmployeeCount' [C:\Users\HP\AttendanceSystem\src\AttendanceSystem.API\AttendanceSystem.API.csproj]
C:\Users\HP\AttendanceSystem\src\AttendanceSystem.API\Controllers\EnterpriseApiControllers.cs(177,138): warning CS1591: Missing XML comment for publicly visible type or member 'DepartmentResponseDto.IsActive' [C:\Users\HP\AttendanceSystem\src\AttendanceSystem.API\AttendanceSystem.API.csproj]
C:\Users\HP\AttendanceSystem\src\AttendanceSystem.API\Controllers\EnterpriseApiControllers.cs(182,21): warning CS1591: Missing XML comment for publicly visible type or member 'AttendanceV1Controller' [C:\Users\HP\AttendanceSystem\src\AttendanceSystem.API\AttendanceSystem.API.csproj]
C:\Users\HP\AttendanceSystem\src\AttendanceSystem.API\Controllers\EnterpriseApiControllers.cs(185,26): warning CS1591: Missing XML comment for publicly visible type or member 'AttendanceV1Controller.CheckIn(CheckInRequestDto)' [C:\Users\HP\AttendanceSystem\src\AttendanceSystem.API\AttendanceSystem.API.csproj]
C:\Users\HP\AttendanceSystem\src\AttendanceSystem.API\Controllers\EnterpriseApiControllers.cs(189,26): warning CS1591: Missing XML comment for publicly visible type or member 'AttendanceV1Controller.CheckOut(CheckOutRequestDto)' [C:\Users\HP\AttendanceSystem\src\AttendanceSystem.API\AttendanceSystem.API.csproj]
C:\Users\HP\AttendanceSystem\src\AttendanceSystem.API\Controllers\EnterpriseApiControllers.cs(193,26): warning CS1591: Missing XML comment for publicly visible type or member 'AttendanceV1Controller.Today()' [C:\Users\HP\AttendanceSystem\src\AttendanceSystem.API\AttendanceSystem.API.csproj]
C:\Users\HP\AttendanceSystem\src\AttendanceSystem.API\Controllers\EnterpriseApiControllers.cs(197,26): warning CS1591: Missing XML comment for publicly visible type or member 'AttendanceV1Controller.History(DateRangeQueryDto)' [C:\Users\HP\AttendanceSystem\src\AttendanceSystem.API\AttendanceSystem.API.csproj]
C:\Users\HP\AttendanceSystem\src\AttendanceSystem.API\Controllers\EnterpriseApiControllers.cs(201,26): warning CS1591: Missing XML comment for publicly visible type or member 'AttendanceV1Controller.Statistics(DateRangeQueryDto)' [C:\Users\HP\AttendanceSystem\src\AttendanceSystem.API\AttendanceSystem.API.csproj]
C:\Users\HP\AttendanceSystem\src\AttendanceSystem.API\Controllers\EnterpriseApiControllers.cs(205,26): warning CS1591: Missing XML comment for publicly visible type or member 'AttendanceV1Controller.MonthlyStatistics(MonthlyStatisticsQueryDto)' [C:\Users\HP\AttendanceSystem\src\AttendanceSystem.API\AttendanceSystem.API.csproj]
C:\Users\HP\AttendanceSystem\src\AttendanceSystem.API\Controllers\EnterpriseApiControllers.cs(210,26): warning CS1591: Missing XML comment for publicly visible type or member 'AttendanceV1Controller.EmployeeRecords(Guid, DateRangeQueryDto)' [C:\Users\HP\AttendanceSystem\src\AttendanceSystem.API\AttendanceSystem.API.csproj]
C:\Users\HP\AttendanceSystem\src\AttendanceSystem.API\Controllers\EnterpriseApiControllers.cs(214,26): warning CS1591: Missing XML comment for publicly visible type or member 'AttendanceV1Controller.CreateCorrection(CreateAttendanceCorrectionRequestDto)' [C:\Users\HP\AttendanceSystem\src\AttendanceSystem.API\AttendanceSystem.API.csproj]
C:\Users\HP\AttendanceSystem\src\AttendanceSystem.API\Controllers\EnterpriseApiControllers.cs(219,26): warning CS1591: Missing XML comment for publicly visible type or member 'AttendanceV1Controller.Corrections(CorrectionQueryDto)' [C:\Users\HP\AttendanceSystem\src\AttendanceSystem.API\AttendanceSystem.API.csproj]
C:\Users\HP\AttendanceSystem\src\AttendanceSystem.API\Controllers\EnterpriseApiControllers.cs(224,26): warning CS1591: Missing XML comment for publicly visible type or member 'AttendanceV1Controller.ApproveCorrection(Guid, ApprovalRequestDto)' [C:\Users\HP\AttendanceSystem\src\AttendanceSystem.API\AttendanceSystem.API.csproj]
C:\Users\HP\AttendanceSystem\src\AttendanceSystem.API\Controllers\EnterpriseApiControllers.cs(229,26): warning CS1591: Missing XML comment for publicly visible type or member 'AttendanceV1Controller.RejectCorrection(Guid, RejectionRequestDto)' [C:\Users\HP\AttendanceSystem\src\AttendanceSystem.API\AttendanceSystem.API.csproj]
C:\Users\HP\AttendanceSystem\src\AttendanceSystem.API\Controllers\EnterpriseApiControllers.cs(234,26): warning CS1591: Missing XML comment for publicly visible type or member 'AttendanceV1Controller.PendingApprovals(ApprovalQueryDto)' [C:\Users\HP\AttendanceSystem\src\AttendanceSystem.API\AttendanceSystem.API.csproj]
C:\Users\HP\AttendanceSystem\src\AttendanceSystem.API\Controllers\EnterpriseApiControllers.cs(238,26): warning CS1591: Missing XML comment for publicly visible type or member 'AttendanceV1Controller.CurrentStatus()' [C:\Users\HP\AttendanceSystem\src\AttendanceSystem.API\AttendanceSystem.API.csproj]
C:\Users\HP\AttendanceSystem\src\AttendanceSystem.API\Controllers\EnterpriseApiControllers.cs(242,22): warning CS1591: Missing XML comment for publicly visible type or member 'CheckInRequestDto' [C:\Users\HP\AttendanceSystem\src\AttendanceSystem.API\AttendanceSystem.API.csproj]
C:\Users\HP\AttendanceSystem\src\AttendanceSystem.API\Controllers\EnterpriseApiControllers.cs(242,22): warning CS1591: Missing XML comment for publicly visible type or member 'CheckInRequestDto.CheckInRequestDto(double?, double?, double?, string?, string?, string?, string?)' [C:\Users\HP\AttendanceSystem\src\AttendanceSystem.API\AttendanceSystem.API.csproj]
C:\Users\HP\AttendanceSystem\src\AttendanceSystem.API\Controllers\EnterpriseApiControllers.cs(242,48): warning CS1591: Missing XML comment for publicly visible type or member 'CheckInRequestDto.Latitude' [C:\Users\HP\AttendanceSystem\src\AttendanceSystem.API\AttendanceSystem.API.csproj]
C:\Users\HP\AttendanceSystem\src\AttendanceSystem.API\Controllers\EnterpriseApiControllers.cs(242,66): warning CS1591: Missing XML comment for publicly visible type or member 'CheckInRequestDto.Longitude' [C:\Users\HP\AttendanceSystem\src\AttendanceSystem.API\AttendanceSystem.API.csproj]
C:\Users\HP\AttendanceSystem\src\AttendanceSystem.API\Controllers\EnterpriseApiControllers.cs(242,85): warning CS1591: Missing XML comment for publicly visible type or member 'CheckInRequestDto.AccuracyMeters' [C:\Users\HP\AttendanceSystem\src\AttendanceSystem.API\AttendanceSystem.API.csproj]
C:\Users\HP\AttendanceSystem\src\AttendanceSystem.API\Controllers\EnterpriseApiControllers.cs(242,109): warning CS1591: Missing XML comment for publicly visible type or member 'CheckInRequestDto.DeviceId' [C:\Users\HP\AttendanceSystem\src\AttendanceSystem.API\AttendanceSystem.API.csproj]
C:\Users\HP\AttendanceSystem\src\AttendanceSystem.API\Controllers\EnterpriseApiControllers.cs(242,127): warning CS1591: Missing XML comment for publicly visible type or member 'CheckInRequestDto.IpAddress' [C:\Users\HP\AttendanceSystem\src\AttendanceSystem.API\AttendanceSystem.API.csproj]
C:\Users\HP\AttendanceSystem\src\AttendanceSystem.API\Controllers\EnterpriseApiControllers.cs(242,146): warning CS1591: Missing XML comment for publicly visible type or member 'CheckInRequestDto.PhotoBase64' [C:\Users\HP\AttendanceSystem\src\AttendanceSystem.API\AttendanceSystem.API.csproj]
C:\Users\HP\AttendanceSystem\src\AttendanceSystem.API\Controllers\EnterpriseApiControllers.cs(242,167): warning CS1591: Missing XML comment for publicly visible type or member 'CheckInRequestDto.Notes' [C:\Users\HP\AttendanceSystem\src\AttendanceSystem.API\AttendanceSystem.API.csproj]
C:\Users\HP\AttendanceSystem\src\AttendanceSystem.API\Controllers\EnterpriseApiControllers.cs(243,22): warning CS1591: Missing XML comment for publicly visible type or member 'CheckOutRequestDto' [C:\Users\HP\AttendanceSystem\src\AttendanceSystem.API\AttendanceSystem.API.csproj]
C:\Users\HP\AttendanceSystem\src\AttendanceSystem.API\Controllers\EnterpriseApiControllers.cs(243,22): warning CS1591: Missing XML comment for publicly visible type or member 'CheckOutRequestDto.CheckOutRequestDto(double?, double?, double?, string?, string?, string?, string?)' [C:\Users\HP\AttendanceSystem\src\AttendanceSystem.API\AttendanceSystem.API.csproj]
C:\Users\HP\AttendanceSystem\src\AttendanceSystem.API\Controllers\EnterpriseApiControllers.cs(243,49): warning CS1591: Missing XML comment for publicly visible type or member 'CheckOutRequestDto.Latitude' [C:\Users\HP\AttendanceSystem\src\AttendanceSystem.API\AttendanceSystem.API.csproj]
C:\Users\HP\AttendanceSystem\src\AttendanceSystem.API\Controllers\EnterpriseApiControllers.cs(243,67): warning CS1591: Missing XML comment for publicly visible type or member 'CheckOutRequestDto.Longitude' [C:\Users\HP\AttendanceSystem\src\AttendanceSystem.API\AttendanceSystem.API.csproj]
C:\Users\HP\AttendanceSystem\src\AttendanceSystem.API\Controllers\EnterpriseApiControllers.cs(243,86): warning CS1591: Missing XML comment for publicly visible type or member 'CheckOutRequestDto.AccuracyMeters' [C:\Users\HP\AttendanceSystem\src\AttendanceSystem.API\AttendanceSystem.API.csproj]
C:\Users\HP\AttendanceSystem\src\AttendanceSystem.API\Controllers\EnterpriseApiControllers.cs(243,110): warning CS1591: Missing XML comment for publicly visible type or member 'CheckOutRequestDto.DeviceId' [C:\Users\HP\AttendanceSystem\src\AttendanceSystem.API\AttendanceSystem.API.csproj]
C:\Users\HP\AttendanceSystem\src\AttendanceSystem.API\Controllers\EnterpriseApiControllers.cs(243,128): warning CS1591: Missing XML comment for publicly visible type or member 'CheckOutRequestDto.IpAddress' [C:\Users\HP\AttendanceSystem\src\AttendanceSystem.API\AttendanceSystem.API.csproj]
C:\Users\HP\AttendanceSystem\src\AttendanceSystem.API\Controllers\EnterpriseApiControllers.cs(243,147): warning CS1591: Missing XML comment for publicly visible type or member 'CheckOutRequestDto.PhotoBase64' [C:\Users\HP\AttendanceSystem\src\AttendanceSystem.API\AttendanceSystem.API.csproj]
C:\Users\HP\AttendanceSystem\src\AttendanceSystem.API\Controllers\EnterpriseApiControllers.cs(243,168): warning CS1591: Missing XML comment for publicly visible type or member 'CheckOutRequestDto.Notes' [C:\Users\HP\AttendanceSystem\src\AttendanceSystem.API\AttendanceSystem.API.csproj]
C:\Users\HP\AttendanceSystem\src\AttendanceSystem.API\Controllers\EnterpriseApiControllers.cs(244,22): warning CS1591: Missing XML comment for publicly visible type or member 'MonthlyStatisticsQueryDto' [C:\Users\HP\AttendanceSystem\src\AttendanceSystem.API\AttendanceSystem.API.csproj]
C:\Users\HP\AttendanceSystem\src\AttendanceSystem.API\Controllers\EnterpriseApiControllers.cs(244,22): warning CS1591: Missing XML comment for publicly visible type or member 'MonthlyStatisticsQueryDto.MonthlyStatisticsQueryDto(int, int, Guid?, Guid?)' [C:\Users\HP\AttendanceSystem\src\AttendanceSystem.API\AttendanceSystem.API.csproj]
C:\Users\HP\AttendanceSystem\src\AttendanceSystem.API\Controllers\EnterpriseApiControllers.cs(244,52): warning CS1591: Missing XML comment for publicly visible type or member 'MonthlyStatisticsQueryDto.Month' [C:\Users\HP\AttendanceSystem\src\AttendanceSystem.API\AttendanceSystem.API.csproj]
C:\Users\HP\AttendanceSystem\src\AttendanceSystem.API\Controllers\EnterpriseApiControllers.cs(244,63): warning CS1591: Missing XML comment for publicly visible type or member 'MonthlyStatisticsQueryDto.Year' [C:\Users\HP\AttendanceSystem\src\AttendanceSystem.API\AttendanceSystem.API.csproj]
C:\Users\HP\AttendanceSystem\src\AttendanceSystem.API\Controllers\EnterpriseApiControllers.cs(244,75): warning CS1591: Missing XML comment for publicly visible type or member 'MonthlyStatisticsQueryDto.EmployeeId' [C:\Users\HP\AttendanceSystem\src\AttendanceSystem.API\AttendanceSystem.API.csproj]
C:\Users\HP\AttendanceSystem\src\AttendanceSystem.API\Controllers\EnterpriseApiControllers.cs(244,93): warning CS1591: Missing XML comment for publicly visible type or member 'MonthlyStatisticsQueryDto.DepartmentId' [C:\Users\HP\AttendanceSystem\src\AttendanceSystem.API\AttendanceSystem.API.csproj]
C:\Users\HP\AttendanceSystem\src\AttendanceSystem.API\Controllers\EnterpriseApiControllers.cs(245,22): warning CS1591: Missing XML comment for publicly visible type or member 'CreateAttendanceCorrectionRequestDto' [C:\Users\HP\AttendanceSystem\src\AttendanceSystem.API\AttendanceSystem.API.csproj]
C:\Users\HP\AttendanceSystem\src\AttendanceSystem.API\Controllers\EnterpriseApiControllers.cs(245,22): warning CS1591: Missing XML comment for publicly visible type or member 'CreateAttendanceCorrectionRequestDto.CreateAttendanceCorrectionRequestDto(Guid, DateTime?, DateTime?, string)' [C:\Users\HP\AttendanceSystem\src\AttendanceSystem.API\AttendanceSystem.API.csproj]
C:\Users\HP\AttendanceSystem\src\AttendanceSystem.API\Controllers\EnterpriseApiControllers.cs(245,64): warning CS1591: Missing XML comment for publicly visible type or member 'CreateAttendanceCorrectionRequestDto.AttendanceRecordId' [C:\Users\HP\AttendanceSystem\src\AttendanceSystem.API\AttendanceSystem.API.csproj]
C:\Users\HP\AttendanceSystem\src\AttendanceSystem.API\Controllers\EnterpriseApiControllers.cs(245,94): warning CS1591: Missing XML comment for publicly visible type or member 'CreateAttendanceCorrectionRequestDto.RequestedCheckInTime' [C:\Users\HP\AttendanceSystem\src\AttendanceSystem.API\AttendanceSystem.API.csproj]
C:\Users\HP\AttendanceSystem\src\AttendanceSystem.API\Controllers\EnterpriseApiControllers.cs(245,126): warning CS1591: Missing XML comment for publicly visible type or member 'CreateAttendanceCorrectionRequestDto.RequestedCheckOutTime' [C:\Users\HP\AttendanceSystem\src\AttendanceSystem.API\AttendanceSystem.API.csproj]
C:\Users\HP\AttendanceSystem\src\AttendanceSystem.API\Controllers\EnterpriseApiControllers.cs(245,156): warning CS1591: Missing XML comment for publicly visible type or member 'CreateAttendanceCorrectionRequestDto.Reason' [C:\Users\HP\AttendanceSystem\src\AttendanceSystem.API\AttendanceSystem.API.csproj]
C:\Users\HP\AttendanceSystem\src\AttendanceSystem.API\Controllers\EnterpriseApiControllers.cs(246,22): warning CS1591: Missing XML comment for publicly visible type or member 'CorrectionQueryDto' [C:\Users\HP\AttendanceSystem\src\AttendanceSystem.API\AttendanceSystem.API.csproj]
C:\Users\HP\AttendanceSystem\src\AttendanceSystem.API\Controllers\EnterpriseApiControllers.cs(246,22): warning CS1591: Missing XML comment for publicly visible type or member 'CorrectionQueryDto.CorrectionQueryDto(string?, Guid?, DateOnly?, DateOnly?, int, int)' [C:\Users\HP\AttendanceSystem\src\AttendanceSystem.API\AttendanceSystem.API.csproj]
C:\Users\HP\AttendanceSystem\src\AttendanceSystem.API\Controllers\EnterpriseApiControllers.cs(246,49): warning CS1591: Missing XML comment for publicly visible type or member 'CorrectionQueryDto.Status' [C:\Users\HP\AttendanceSystem\src\AttendanceSystem.API\AttendanceSystem.API.csproj]
C:\Users\HP\AttendanceSystem\src\AttendanceSystem.API\Controllers\EnterpriseApiControllers.cs(246,63): warning CS1591: Missing XML comment for publicly visible type or member 'CorrectionQueryDto.EmployeeId' [C:\Users\HP\AttendanceSystem\src\AttendanceSystem.API\AttendanceSystem.API.csproj]
C:\Users\HP\AttendanceSystem\src\AttendanceSystem.API\Controllers\EnterpriseApiControllers.cs(246,85): warning CS1591: Missing XML comment for publicly visible type or member 'CorrectionQueryDto.From' [C:\Users\HP\AttendanceSystem\src\AttendanceSystem.API\AttendanceSystem.API.csproj]
C:\Users\HP\AttendanceSystem\src\AttendanceSystem.API\Controllers\EnterpriseApiControllers.cs(246,101): warning CS1591: Missing XML comment for publicly visible type or member 'CorrectionQueryDto.To' [C:\Users\HP\AttendanceSystem\src\AttendanceSystem.API\AttendanceSystem.API.csproj]
C:\Users\HP\AttendanceSystem\src\AttendanceSystem.API\Controllers\EnterpriseApiControllers.cs(246,109): warning CS1591: Missing XML comment for publicly visible type or member 'CorrectionQueryDto.PageNumber' [C:\Users\HP\AttendanceSystem\src\AttendanceSystem.API\AttendanceSystem.API.csproj]
C:\Users\HP\AttendanceSystem\src\AttendanceSystem.API\Controllers\EnterpriseApiControllers.cs(246,129): warning CS1591: Missing XML comment for publicly visible type or member 'CorrectionQueryDto.PageSize' [C:\Users\HP\AttendanceSystem\src\AttendanceSystem.API\AttendanceSystem.API.csproj]
C:\Users\HP\AttendanceSystem\src\AttendanceSystem.API\Controllers\EnterpriseApiControllers.cs(247,22): warning CS1591: Missing XML comment for publicly visible type or member 'ApprovalQueryDto' [C:\Users\HP\AttendanceSystem\src\AttendanceSystem.API\AttendanceSystem.API.csproj]
C:\Users\HP\AttendanceSystem\src\AttendanceSystem.API\Controllers\EnterpriseApiControllers.cs(247,22): warning CS1591: Missing XML comment for publicly visible type or member 'ApprovalQueryDto.ApprovalQueryDto(Guid?, int, int)' [C:\Users\HP\AttendanceSystem\src\AttendanceSystem.API\AttendanceSystem.API.csproj]
C:\Users\HP\AttendanceSystem\src\AttendanceSystem.API\Controllers\EnterpriseApiControllers.cs(247,45): warning CS1591: Missing XML comment for publicly visible type or member 'ApprovalQueryDto.DepartmentId' [C:\Users\HP\AttendanceSystem\src\AttendanceSystem.API\AttendanceSystem.API.csproj]
C:\Users\HP\AttendanceSystem\src\AttendanceSystem.API\Controllers\EnterpriseApiControllers.cs(247,63): warning CS1591: Missing XML comment for publicly visible type or member 'ApprovalQueryDto.PageNumber' [C:\Users\HP\AttendanceSystem\src\AttendanceSystem.API\AttendanceSystem.API.csproj]
C:\Users\HP\AttendanceSystem\src\AttendanceSystem.API\Controllers\EnterpriseApiControllers.cs(247,83): warning CS1591: Missing XML comment for publicly visible type or member 'ApprovalQueryDto.PageSize' [C:\Users\HP\AttendanceSystem\src\AttendanceSystem.API\AttendanceSystem.API.csproj]
C:\Users\HP\AttendanceSystem\src\AttendanceSystem.API\Controllers\EnterpriseApiControllers.cs(248,22): warning CS1591: Missing XML comment for publicly visible type or member 'AttendanceRecordResponseDto' [C:\Users\HP\AttendanceSystem\src\AttendanceSystem.API\AttendanceSystem.API.csproj]
C:\Users\HP\AttendanceSystem\src\AttendanceSystem.API\Controllers\EnterpriseApiControllers.cs(248,22): warning CS1591: Missing XML comment for publicly visible type or member 'AttendanceRecordResponseDto.AttendanceRecordResponseDto(Guid, Guid, DateOnly, DateTime?, DateTime?, string, decimal, decimal)' [C:\Users\HP\AttendanceSystem\src\AttendanceSystem.API\AttendanceSystem.API.csproj]
C:\Users\HP\AttendanceSystem\src\AttendanceSystem.API\Controllers\EnterpriseApiControllers.cs(248,55): warning CS1591: Missing XML comment for publicly visible type or member 'AttendanceRecordResponseDto.Id' [C:\Users\HP\AttendanceSystem\src\AttendanceSystem.API\AttendanceSystem.API.csproj]
C:\Users\HP\AttendanceSystem\src\AttendanceSystem.API\Controllers\EnterpriseApiControllers.cs(248,64): warning CS1591: Missing XML comment for publicly visible type or member 'AttendanceRecordResponseDto.EmployeeId' [C:\Users\HP\AttendanceSystem\src\AttendanceSystem.API\AttendanceSystem.API.csproj]
C:\Users\HP\AttendanceSystem\src\AttendanceSystem.API\Controllers\EnterpriseApiControllers.cs(248,85): warning CS1591: Missing XML comment for publicly visible type or member 'AttendanceRecordResponseDto.Date' [C:\Users\HP\AttendanceSystem\src\AttendanceSystem.API\AttendanceSystem.API.csproj]
C:\Users\HP\AttendanceSystem\src\AttendanceSystem.API\Controllers\EnterpriseApiControllers.cs(248,101): warning CS1591: Missing XML comment for publicly visible type or member 'AttendanceRecordResponseDto.CheckInTime' [C:\Users\HP\AttendanceSystem\src\AttendanceSystem.API\AttendanceSystem.API.csproj]
C:\Users\HP\AttendanceSystem\src\AttendanceSystem.API\Controllers\EnterpriseApiControllers.cs(248,124): warning CS1591: Missing XML comment for publicly visible type or member 'AttendanceRecordResponseDto.CheckOutTime' [C:\Users\HP\AttendanceSystem\src\AttendanceSystem.API\AttendanceSystem.API.csproj]
C:\Users\HP\AttendanceSystem\src\AttendanceSystem.API\Controllers\EnterpriseApiControllers.cs(248,145): warning CS1591: Missing XML comment for publicly visible type or member 'AttendanceRecordResponseDto.Status' [C:\Users\HP\AttendanceSystem\src\AttendanceSystem.API\AttendanceSystem.API.csproj]
C:\Users\HP\AttendanceSystem\src\AttendanceSystem.API\Controllers\EnterpriseApiControllers.cs(248,161): warning CS1591: Missing XML comment for publicly visible type or member 'AttendanceRecordResponseDto.LateMinutes' [C:\Users\HP\AttendanceSystem\src\AttendanceSystem.API\AttendanceSystem.API.csproj]
C:\Users\HP\AttendanceSystem\src\AttendanceSystem.API\Controllers\EnterpriseApiControllers.cs(248,182): warning CS1591: Missing XML comment for publicly visible type or member 'AttendanceRecordResponseDto.OvertimeHours' [C:\Users\HP\AttendanceSystem\src\AttendanceSystem.API\AttendanceSystem.API.csproj]
C:\Users\HP\AttendanceSystem\src\AttendanceSystem.API\Controllers\EnterpriseApiControllers.cs(249,22): warning CS1591: Missing XML comment for publicly visible type or member 'TodayAttendanceResponseDto' [C:\Users\HP\AttendanceSystem\src\AttendanceSystem.API\AttendanceSystem.API.csproj]
C:\Users\HP\AttendanceSystem\src\AttendanceSystem.API\Controllers\EnterpriseApiControllers.cs(249,22): warning CS1591: Missing XML comment for publicly visible type or member 'TodayAttendanceResponseDto.TodayAttendanceResponseDto(bool, bool, DateTime?, DateTime?, string)' [C:\Users\HP\AttendanceSystem\src\AttendanceSystem.API\AttendanceSystem.API.csproj]
C:\Users\HP\AttendanceSystem\src\AttendanceSystem.API\Controllers\EnterpriseApiControllers.cs(249,54): warning CS1591: Missing XML comment for publicly visible type or member 'TodayAttendanceResponseDto.HasCheckedIn' [C:\Users\HP\AttendanceSystem\src\AttendanceSystem.API\AttendanceSystem.API.csproj]
C:\Users\HP\AttendanceSystem\src\AttendanceSystem.API\Controllers\EnterpriseApiControllers.cs(249,73): warning CS1591: Missing XML comment for publicly visible type or member 'TodayAttendanceResponseDto.HasCheckedOut' [C:\Users\HP\AttendanceSystem\src\AttendanceSystem.API\AttendanceSystem.API.csproj]
C:\Users\HP\AttendanceSystem\src\AttendanceSystem.API\Controllers\EnterpriseApiControllers.cs(249,98): warning CS1591: Missing XML comment for publicly visible type or member 'TodayAttendanceResponseDto.CheckInTime' [C:\Users\HP\AttendanceSystem\src\AttendanceSystem.API\AttendanceSystem.API.csproj]
C:\Users\HP\AttendanceSystem\src\AttendanceSystem.API\Controllers\EnterpriseApiControllers.cs(249,121): warning CS1591: Missing XML comment for publicly visible type or member 'TodayAttendanceResponseDto.CheckOutTime' [C:\Users\HP\AttendanceSystem\src\AttendanceSystem.API\AttendanceSystem.API.csproj]
C:\Users\HP\AttendanceSystem\src\AttendanceSystem.API\Controllers\EnterpriseApiControllers.cs(249,142): warning CS1591: Missing XML comment for publicly visible type or member 'TodayAttendanceResponseDto.Status' [C:\Users\HP\AttendanceSystem\src\AttendanceSystem.API\AttendanceSystem.API.csproj]
C:\Users\HP\AttendanceSystem\src\AttendanceSystem.API\Controllers\EnterpriseApiControllers.cs(250,22): warning CS1591: Missing XML comment for publicly visible type or member 'AttendanceStatisticsResponseDto' [C:\Users\HP\AttendanceSystem\src\AttendanceSystem.API\AttendanceSystem.API.csproj]
C:\Users\HP\AttendanceSystem\src\AttendanceSystem.API\Controllers\EnterpriseApiControllers.cs(250,22): warning CS1591: Missing XML comment for publicly visible type or member 'AttendanceStatisticsResponseDto.AttendanceStatisticsResponseDto(int, int, int, int, decimal)' [C:\Users\HP\AttendanceSystem\src\AttendanceSystem.API\AttendanceSystem.API.csproj]
C:\Users\HP\AttendanceSystem\src\AttendanceSystem.API\Controllers\EnterpriseApiControllers.cs(250,58): warning CS1591: Missing XML comment for publicly visible type or member 'AttendanceStatisticsResponseDto.PresentDays' [C:\Users\HP\AttendanceSystem\src\AttendanceSystem.API\AttendanceSystem.API.csproj]
C:\Users\HP\AttendanceSystem\src\AttendanceSystem.API\Controllers\EnterpriseApiControllers.cs(250,75): warning CS1591: Missing XML comment for publicly visible type or member 'AttendanceStatisticsResponseDto.AbsentDays' [C:\Users\HP\AttendanceSystem\src\AttendanceSystem.API\AttendanceSystem.API.csproj]
C:\Users\HP\AttendanceSystem\src\AttendanceSystem.API\Controllers\EnterpriseApiControllers.cs(250,91): warning CS1591: Missing XML comment for publicly visible type or member 'AttendanceStatisticsResponseDto.LateDays' [C:\Users\HP\AttendanceSystem\src\AttendanceSystem.API\AttendanceSystem.API.csproj]
C:\Users\HP\AttendanceSystem\src\AttendanceSystem.API\Controllers\EnterpriseApiControllers.cs(250,105): warning CS1591: Missing XML comment for publicly visible type or member 'AttendanceStatisticsResponseDto.LeaveDays' [C:\Users\HP\AttendanceSystem\src\AttendanceSystem.API\AttendanceSystem.API.csproj]
C:\Users\HP\AttendanceSystem\src\AttendanceSystem.API\Controllers\EnterpriseApiControllers.cs(250,124): warning CS1591: Missing XML comment for publicly visible type or member 'AttendanceStatisticsResponseDto.OvertimeHours' [C:\Users\HP\AttendanceSystem\src\AttendanceSystem.API\AttendanceSystem.API.csproj]
C:\Users\HP\AttendanceSystem\src\AttendanceSystem.API\Controllers\EnterpriseApiControllers.cs(251,22): warning CS1591: Missing XML comment for publicly visible type or member 'MonthlyAttendanceStatisticsResponseDto' [C:\Users\HP\AttendanceSystem\src\AttendanceSystem.API\AttendanceSystem.API.csproj]
C:\Users\HP\AttendanceSystem\src\AttendanceSystem.API\Controllers\EnterpriseApiControllers.cs(251,22): warning CS1591: Missing XML comment for publicly visible type or member 'MonthlyAttendanceStatisticsResponseDto.MonthlyAttendanceStatisticsResponseDto(int, int, AttendanceStatisticsResponseDto)' [C:\Users\HP\AttendanceSystem\src\AttendanceSystem.API\AttendanceSystem.API.csproj]
C:\Users\HP\AttendanceSystem\src\AttendanceSystem.API\Controllers\EnterpriseApiControllers.cs(251,65): warning CS1591: Missing XML comment for publicly visible type or member 'MonthlyAttendanceStatisticsResponseDto.Month' [C:\Users\HP\AttendanceSystem\src\AttendanceSystem.API\AttendanceSystem.API.csproj]
C:\Users\HP\AttendanceSystem\src\AttendanceSystem.API\Controllers\EnterpriseApiControllers.cs(251,76): warning CS1591: Missing XML comment for publicly visible type or member 'MonthlyAttendanceStatisticsResponseDto.Year' [C:\Users\HP\AttendanceSystem\src\AttendanceSystem.API\AttendanceSystem.API.csproj]
C:\Users\HP\AttendanceSystem\src\AttendanceSystem.API\Controllers\EnterpriseApiControllers.cs(251,114): warning CS1591: Missing XML comment for publicly visible type or member 'MonthlyAttendanceStatisticsResponseDto.Totals' [C:\Users\HP\AttendanceSystem\src\AttendanceSystem.API\AttendanceSystem.API.csproj]
C:\Users\HP\AttendanceSystem\src\AttendanceSystem.API\Controllers\EnterpriseApiControllers.cs(252,22): warning CS1591: Missing XML comment for publicly visible type or member 'AttendanceCorrectionResponseDto' [C:\Users\HP\AttendanceSystem\src\AttendanceSystem.API\AttendanceSystem.API.csproj]
C:\Users\HP\AttendanceSystem\src\AttendanceSystem.API\Controllers\EnterpriseApiControllers.cs(252,22): warning CS1591: Missing XML comment for publicly visible type or member 'AttendanceCorrectionResponseDto.AttendanceCorrectionResponseDto(Guid, Guid, string, string, DateTime)' [C:\Users\HP\AttendanceSystem\src\AttendanceSystem.API\AttendanceSystem.API.csproj]
C:\Users\HP\AttendanceSystem\src\AttendanceSystem.API\Controllers\EnterpriseApiControllers.cs(252,59): warning CS1591: Missing XML comment for publicly visible type or member 'AttendanceCorrectionResponseDto.Id' [C:\Users\HP\AttendanceSystem\src\AttendanceSystem.API\AttendanceSystem.API.csproj]
C:\Users\HP\AttendanceSystem\src\AttendanceSystem.API\Controllers\EnterpriseApiControllers.cs(252,68): warning CS1591: Missing XML comment for publicly visible type or member 'AttendanceCorrectionResponseDto.AttendanceRecordId' [C:\Users\HP\AttendanceSystem\src\AttendanceSystem.API\AttendanceSystem.API.csproj]
C:\Users\HP\AttendanceSystem\src\AttendanceSystem.API\Controllers\EnterpriseApiControllers.cs(252,95): warning CS1591: Missing XML comment for publicly visible type or member 'AttendanceCorrectionResponseDto.Status' [C:\Users\HP\AttendanceSystem\src\AttendanceSystem.API\AttendanceSystem.API.csproj]
C:\Users\HP\AttendanceSystem\src\AttendanceSystem.API\Controllers\EnterpriseApiControllers.cs(252,110): warning CS1591: Missing XML comment for publicly visible type or member 'AttendanceCorrectionResponseDto.Reason' [C:\Users\HP\AttendanceSystem\src\AttendanceSystem.API\AttendanceSystem.API.csproj]
C:\Users\HP\AttendanceSystem\src\AttendanceSystem.API\Controllers\EnterpriseApiControllers.cs(252,127): warning CS1591: Missing XML comment for publicly visible type or member 'AttendanceCorrectionResponseDto.CreatedAt' [C:\Users\HP\AttendanceSystem\src\AttendanceSystem.API\AttendanceSystem.API.csproj]
C:\Users\HP\AttendanceSystem\src\AttendanceSystem.API\Controllers\EnterpriseApiControllers.cs(253,22): warning CS1591: Missing XML comment for publicly visible type or member 'AttendanceApprovalResponseDto' [C:\Users\HP\AttendanceSystem\src\AttendanceSystem.API\AttendanceSystem.API.csproj]
C:\Users\HP\AttendanceSystem\src\AttendanceSystem.API\Controllers\EnterpriseApiControllers.cs(253,22): warning CS1591: Missing XML comment for publicly visible type or member 'AttendanceApprovalResponseDto.AttendanceApprovalResponseDto(Guid, Guid, string, string, string, DateTime)' [C:\Users\HP\AttendanceSystem\src\AttendanceSystem.API\AttendanceSystem.API.csproj]
C:\Users\HP\AttendanceSystem\src\AttendanceSystem.API\Controllers\EnterpriseApiControllers.cs(253,57): warning CS1591: Missing XML comment for publicly visible type or member 'AttendanceApprovalResponseDto.Id' [C:\Users\HP\AttendanceSystem\src\AttendanceSystem.API\AttendanceSystem.API.csproj]
C:\Users\HP\AttendanceSystem\src\AttendanceSystem.API\Controllers\EnterpriseApiControllers.cs(253,66): warning CS1591: Missing XML comment for publicly visible type or member 'AttendanceApprovalResponseDto.EmployeeId' [C:\Users\HP\AttendanceSystem\src\AttendanceSystem.API\AttendanceSystem.API.csproj]
C:\Users\HP\AttendanceSystem\src\AttendanceSystem.API\Controllers\EnterpriseApiControllers.cs(253,85): warning CS1591: Missing XML comment for publicly visible type or member 'AttendanceApprovalResponseDto.EmployeeName' [C:\Users\HP\AttendanceSystem\src\AttendanceSystem.API\AttendanceSystem.API.csproj]
C:\Users\HP\AttendanceSystem\src\AttendanceSystem.API\Controllers\EnterpriseApiControllers.cs(253,106): warning CS1591: Missing XML comment for publicly visible type or member 'AttendanceApprovalResponseDto.ApprovalType' [C:\Users\HP\AttendanceSystem\src\AttendanceSystem.API\AttendanceSystem.API.csproj]
C:\Users\HP\AttendanceSystem\src\AttendanceSystem.API\Controllers\EnterpriseApiControllers.cs(253,127): warning CS1591: Missing XML comment for publicly visible type or member 'AttendanceApprovalResponseDto.Status' [C:\Users\HP\AttendanceSystem\src\AttendanceSystem.API\AttendanceSystem.API.csproj]
C:\Users\HP\AttendanceSystem\src\AttendanceSystem.API\Controllers\EnterpriseApiControllers.cs(253,144): warning CS1591: Missing XML comment for publicly visible type or member 'AttendanceApprovalResponseDto.CreatedAt' [C:\Users\HP\AttendanceSystem\src\AttendanceSystem.API\AttendanceSystem.API.csproj]
C:\Users\HP\AttendanceSystem\src\AttendanceSystem.API\Controllers\EnterpriseApiControllers.cs(254,22): warning CS1591: Missing XML comment for publicly visible type or member 'CurrentAttendanceStatusResponseDto' [C:\Users\HP\AttendanceSystem\src\AttendanceSystem.API\AttendanceSystem.API.csproj]
C:\Users\HP\AttendanceSystem\src\AttendanceSystem.API\Controllers\EnterpriseApiControllers.cs(254,22): warning CS1591: Missing XML comment for publicly visible type or member 'CurrentAttendanceStatusResponseDto.CurrentAttendanceStatusResponseDto(bool, bool, Guid?, DateTime?)' [C:\Users\HP\AttendanceSystem\src\AttendanceSystem.API\AttendanceSystem.API.csproj]
C:\Users\HP\AttendanceSystem\src\AttendanceSystem.API\Controllers\EnterpriseApiControllers.cs(254,62): warning CS1591: Missing XML comment for publicly visible type or member 'CurrentAttendanceStatusResponseDto.CanCheckIn' [C:\Users\HP\AttendanceSystem\src\AttendanceSystem.API\AttendanceSystem.API.csproj]
C:\Users\HP\AttendanceSystem\src\AttendanceSystem.API\Controllers\EnterpriseApiControllers.cs(254,79): warning CS1591: Missing XML comment for publicly visible type or member 'CurrentAttendanceStatusResponseDto.CanCheckOut' [C:\Users\HP\AttendanceSystem\src\AttendanceSystem.API\AttendanceSystem.API.csproj]
C:\Users\HP\AttendanceSystem\src\AttendanceSystem.API\Controllers\EnterpriseApiControllers.cs(254,98): warning CS1591: Missing XML comment for publicly visible type or member 'CurrentAttendanceStatusResponseDto.OpenAttendanceRecordId' [C:\Users\HP\AttendanceSystem\src\AttendanceSystem.API\AttendanceSystem.API.csproj]
C:\Users\HP\AttendanceSystem\src\AttendanceSystem.API\Controllers\EnterpriseApiControllers.cs(254,132): warning CS1591: Missing XML comment for publicly visible type or member 'CurrentAttendanceStatusResponseDto.CheckInTime' [C:\Users\HP\AttendanceSystem\src\AttendanceSystem.API\AttendanceSystem.API.csproj]
C:\Users\HP\AttendanceSystem\src\AttendanceSystem.API\Controllers\EnterpriseApiControllers.cs(259,21): warning CS1591: Missing XML comment for publicly visible type or member 'GpsController' [C:\Users\HP\AttendanceSystem\src\AttendanceSystem.API\AttendanceSystem.API.csproj]
C:\Users\HP\AttendanceSystem\src\AttendanceSystem.API\Controllers\EnterpriseApiControllers.cs(262,26): warning CS1591: Missing XML comment for publicly visible type or member 'GpsController.ValidateLocation(ValidateLocationRequestDto)' [C:\Users\HP\AttendanceSystem\src\AttendanceSystem.API\AttendanceSystem.API.csproj]
C:\Users\HP\AttendanceSystem\src\AttendanceSystem.API\Controllers\EnterpriseApiControllers.cs(266,26): warning CS1591: Missing XML comment for publicly visible type or member 'GpsController.VerifyOfficeRadius(OfficeRadiusVerificationRequestDto)' [C:\Users\HP\AttendanceSystem\src\AttendanceSystem.API\AttendanceSystem.API.csproj]
C:\Users\HP\AttendanceSystem\src\AttendanceSystem.API\Controllers\EnterpriseApiControllers.cs(270,26): warning CS1591: Missing XML comment for publicly visible type or member 'GpsController.Offices()' [C:\Users\HP\AttendanceSystem\src\AttendanceSystem.API\AttendanceSystem.API.csproj]
C:\Users\HP\AttendanceSystem\src\AttendanceSystem.API\Controllers\EnterpriseApiControllers.cs(274,26): warning CS1591: Missing XML comment for publicly visible type or member 'GpsController.CreateGeofenceEvent(CreateGeofenceEventRequestDto)' [C:\Users\HP\AttendanceSystem\src\AttendanceSystem.API\AttendanceSystem.API.csproj]
C:\Users\HP\AttendanceSystem\src\AttendanceSystem.API\Controllers\EnterpriseApiControllers.cs(278,22): warning CS1591: Missing XML comment for publicly visible type or member 'ValidateLocationRequestDto' [C:\Users\HP\AttendanceSystem\src\AttendanceSystem.API\AttendanceSystem.API.csproj]
C:\Users\HP\AttendanceSystem\src\AttendanceSystem.API\Controllers\EnterpriseApiControllers.cs(278,22): warning CS1591: Missing XML comment for publicly visible type or member 'ValidateLocationRequestDto.ValidateLocationRequestDto(double, double, double?)' [C:\Users\HP\AttendanceSystem\src\AttendanceSystem.API\AttendanceSystem.API.csproj]
C:\Users\HP\AttendanceSystem\src\AttendanceSystem.API\Controllers\EnterpriseApiControllers.cs(278,56): warning CS1591: Missing XML comment for publicly visible type or member 'ValidateLocationRequestDto.Latitude' [C:\Users\HP\AttendanceSystem\src\AttendanceSystem.API\AttendanceSystem.API.csproj]
C:\Users\HP\AttendanceSystem\src\AttendanceSystem.API\Controllers\EnterpriseApiControllers.cs(278,73): warning CS1591: Missing XML comment for publicly visible type or member 'ValidateLocationRequestDto.Longitude' [C:\Users\HP\AttendanceSystem\src\AttendanceSystem.API\AttendanceSystem.API.csproj]
C:\Users\HP\AttendanceSystem\src\AttendanceSystem.API\Controllers\EnterpriseApiControllers.cs(278,92): warning CS1591: Missing XML comment for publicly visible type or member 'ValidateLocationRequestDto.AccuracyMeters' [C:\Users\HP\AttendanceSystem\src\AttendanceSystem.API\AttendanceSystem.API.csproj]
C:\Users\HP\AttendanceSystem\src\AttendanceSystem.API\Controllers\EnterpriseApiControllers.cs(279,22): warning CS1591: Missing XML comment for publicly visible type or member 'ValidateLocationResponseDto' [C:\Users\HP\AttendanceSystem\src\AttendanceSystem.API\AttendanceSystem.API.csproj]
C:\Users\HP\AttendanceSystem\src\AttendanceSystem.API\Controllers\EnterpriseApiControllers.cs(279,22): warning CS1591: Missing XML comment for publicly visible type or member 'ValidateLocationResponseDto.ValidateLocationResponseDto(bool, bool, double, string?, string?)' [C:\Users\HP\AttendanceSystem\src\AttendanceSystem.API\AttendanceSystem.API.csproj]
C:\Users\HP\AttendanceSystem\src\AttendanceSystem.API\Controllers\EnterpriseApiControllers.cs(279,55): warning CS1591: Missing XML comment for publicly visible type or member 'ValidateLocationResponseDto.IsValid' [C:\Users\HP\AttendanceSystem\src\AttendanceSystem.API\AttendanceSystem.API.csproj]
C:\Users\HP\AttendanceSystem\src\AttendanceSystem.API\Controllers\EnterpriseApiControllers.cs(279,69): warning CS1591: Missing XML comment for publicly visible type or member 'ValidateLocationResponseDto.IsWithinAllowedRadius' [C:\Users\HP\AttendanceSystem\src\AttendanceSystem.API\AttendanceSystem.API.csproj]
C:\Users\HP\AttendanceSystem\src\AttendanceSystem.API\Controllers\EnterpriseApiControllers.cs(279,99): warning CS1591: Missing XML comment for publicly visible type or member 'ValidateLocationResponseDto.DistanceMeters' [C:\Users\HP\AttendanceSystem\src\AttendanceSystem.API\AttendanceSystem.API.csproj]
C:\Users\HP\AttendanceSystem\src\AttendanceSystem.API\Controllers\EnterpriseApiControllers.cs(279,123): warning CS1591: Missing XML comment for publicly visible type or member 'ValidateLocationResponseDto.NearestOfficeName' [C:\Users\HP\AttendanceSystem\src\AttendanceSystem.API\AttendanceSystem.API.csproj]
C:\Users\HP\AttendanceSystem\src\AttendanceSystem.API\Controllers\EnterpriseApiControllers.cs(279,150): warning CS1591: Missing XML comment for publicly visible type or member 'ValidateLocationResponseDto.Message' [C:\Users\HP\AttendanceSystem\src\AttendanceSystem.API\AttendanceSystem.API.csproj]
C:\Users\HP\AttendanceSystem\src\AttendanceSystem.API\Controllers\EnterpriseApiControllers.cs(280,22): warning CS1591: Missing XML comment for publicly visible type or member 'OfficeRadiusVerificationRequestDto' [C:\Users\HP\AttendanceSystem\src\AttendanceSystem.API\AttendanceSystem.API.csproj]
C:\Users\HP\AttendanceSystem\src\AttendanceSystem.API\Controllers\EnterpriseApiControllers.cs(280,22): warning CS1591: Missing XML comment for publicly visible type or member 'OfficeRadiusVerificationRequestDto.OfficeRadiusVerificationRequestDto(Guid?, double, double)' [C:\Users\HP\AttendanceSystem\src\AttendanceSystem.API\AttendanceSystem.API.csproj]
C:\Users\HP\AttendanceSystem\src\AttendanceSystem.API\Controllers\EnterpriseApiControllers.cs(280,63): warning CS1591: Missing XML comment for publicly visible type or member 'OfficeRadiusVerificationRequestDto.OfficeLocationId' [C:\Users\HP\AttendanceSystem\src\AttendanceSystem.API\AttendanceSystem.API.csproj]
C:\Users\HP\AttendanceSystem\src\AttendanceSystem.API\Controllers\EnterpriseApiControllers.cs(280,88): warning CS1591: Missing XML comment for publicly visible type or member 'OfficeRadiusVerificationRequestDto.Latitude' [C:\Users\HP\AttendanceSystem\src\AttendanceSystem.API\AttendanceSystem.API.csproj]
C:\Users\HP\AttendanceSystem\src\AttendanceSystem.API\Controllers\EnterpriseApiControllers.cs(280,105): warning CS1591: Missing XML comment for publicly visible type or member 'OfficeRadiusVerificationRequestDto.Longitude' [C:\Users\HP\AttendanceSystem\src\AttendanceSystem.API\AttendanceSystem.API.csproj]
C:\Users\HP\AttendanceSystem\src\AttendanceSystem.API\Controllers\EnterpriseApiControllers.cs(281,22): warning CS1591: Missing XML comment for publicly visible type or member 'OfficeRadiusVerificationResponseDto' [C:\Users\HP\AttendanceSystem\src\AttendanceSystem.API\AttendanceSystem.API.csproj]
C:\Users\HP\AttendanceSystem\src\AttendanceSystem.API\Controllers\EnterpriseApiControllers.cs(281,22): warning CS1591: Missing XML comment for publicly visible type or member 'OfficeRadiusVerificationResponseDto.OfficeRadiusVerificationResponseDto(bool, double, double)' [C:\Users\HP\AttendanceSystem\src\AttendanceSystem.API\AttendanceSystem.API.csproj]
C:\Users\HP\AttendanceSystem\src\AttendanceSystem.API\Controllers\EnterpriseApiControllers.cs(281,63): warning CS1591: Missing XML comment for publicly visible type or member 'OfficeRadiusVerificationResponseDto.IsInsideRadius' [C:\Users\HP\AttendanceSystem\src\AttendanceSystem.API\AttendanceSystem.API.csproj]
C:\Users\HP\AttendanceSystem\src\AttendanceSystem.API\Controllers\EnterpriseApiControllers.cs(281,86): warning CS1591: Missing XML comment for publicly visible type or member 'OfficeRadiusVerificationResponseDto.DistanceMeters' [C:\Users\HP\AttendanceSystem\src\AttendanceSystem.API\AttendanceSystem.API.csproj]
C:\Users\HP\AttendanceSystem\src\AttendanceSystem.API\Controllers\EnterpriseApiControllers.cs(281,109): warning CS1591: Missing XML comment for publicly visible type or member 'OfficeRadiusVerificationResponseDto.AllowedRadiusMeters' [C:\Users\HP\AttendanceSystem\src\AttendanceSystem.API\AttendanceSystem.API.csproj]
C:\Users\HP\AttendanceSystem\src\AttendanceSystem.API\Controllers\EnterpriseApiControllers.cs(282,22): warning CS1591: Missing XML comment for publicly visible type or member 'OfficeLocationResponseDto' [C:\Users\HP\AttendanceSystem\src\AttendanceSystem.API\AttendanceSystem.API.csproj]
C:\Users\HP\AttendanceSystem\src\AttendanceSystem.API\Controllers\EnterpriseApiControllers.cs(282,22): warning CS1591: Missing XML comment for publicly visible type or member 'OfficeLocationResponseDto.OfficeLocationResponseDto(Guid, string, double, double, double, bool)' [C:\Users\HP\AttendanceSystem\src\AttendanceSystem.API\AttendanceSystem.API.csproj]
C:\Users\HP\AttendanceSystem\src\AttendanceSystem.API\Controllers\EnterpriseApiControllers.cs(282,53): warning CS1591: Missing XML comment for publicly visible type or member 'OfficeLocationResponseDto.Id' [C:\Users\HP\AttendanceSystem\src\AttendanceSystem.API\AttendanceSystem.API.csproj]
C:\Users\HP\AttendanceSystem\src\AttendanceSystem.API\Controllers\EnterpriseApiControllers.cs(282,64): warning CS1591: Missing XML comment for publicly visible type or member 'OfficeLocationResponseDto.Name' [C:\Users\HP\AttendanceSystem\src\AttendanceSystem.API\AttendanceSystem.API.csproj]
C:\Users\HP\AttendanceSystem\src\AttendanceSystem.API\Controllers\EnterpriseApiControllers.cs(282,77): warning CS1591: Missing XML comment for publicly visible type or member 'OfficeLocationResponseDto.Latitude' [C:\Users\HP\AttendanceSystem\src\AttendanceSystem.API\AttendanceSystem.API.csproj]
C:\Users\HP\AttendanceSystem\src\AttendanceSystem.API\Controllers\EnterpriseApiControllers.cs(282,94): warning CS1591: Missing XML comment for publicly visible type or member 'OfficeLocationResponseDto.Longitude' [C:\Users\HP\AttendanceSystem\src\AttendanceSystem.API\AttendanceSystem.API.csproj]
C:\Users\HP\AttendanceSystem\src\AttendanceSystem.API\Controllers\EnterpriseApiControllers.cs(282,112): warning CS1591: Missing XML comment for publicly visible type or member 'OfficeLocationResponseDto.RadiusMeters' [C:\Users\HP\AttendanceSystem\src\AttendanceSystem.API\AttendanceSystem.API.csproj]
C:\Users\HP\AttendanceSystem\src\AttendanceSystem.API\Controllers\EnterpriseApiControllers.cs(282,131): warning CS1591: Missing XML comment for publicly visible type or member 'OfficeLocationResponseDto.IsActive' [C:\Users\HP\AttendanceSystem\src\AttendanceSystem.API\AttendanceSystem.API.csproj]
C:\Users\HP\AttendanceSystem\src\AttendanceSystem.API\Controllers\EnterpriseApiControllers.cs(283,22): warning CS1591: Missing XML comment for publicly visible type or member 'CreateGeofenceEventRequestDto' [C:\Users\HP\AttendanceSystem\src\AttendanceSystem.API\AttendanceSystem.API.csproj]
C:\Users\HP\AttendanceSystem\src\AttendanceSystem.API\Controllers\EnterpriseApiControllers.cs(283,22): warning CS1591: Missing XML comment for publicly visible type or member 'CreateGeofenceEventRequestDto.CreateGeofenceEventRequestDto(string, double, double, double?, string?)' [C:\Users\HP\AttendanceSystem\src\AttendanceSystem.API\AttendanceSystem.API.csproj]
C:\Users\HP\AttendanceSystem\src\AttendanceSystem.API\Controllers\EnterpriseApiControllers.cs(283,59): warning CS1591: Missing XML comment for publicly visible type or member 'CreateGeofenceEventRequestDto.EventType' [C:\Users\HP\AttendanceSystem\src\AttendanceSystem.API\AttendanceSystem.API.csproj]
C:\Users\HP\AttendanceSystem\src\AttendanceSystem.API\Controllers\EnterpriseApiControllers.cs(283,77): warning CS1591: Missing XML comment for publicly visible type or member 'CreateGeofenceEventRequestDto.Latitude' [C:\Users\HP\AttendanceSystem\src\AttendanceSystem.API\AttendanceSystem.API.csproj]
C:\Users\HP\AttendanceSystem\src\AttendanceSystem.API\Controllers\EnterpriseApiControllers.cs(283,94): warning CS1591: Missing XML comment for publicly visible type or member 'CreateGeofenceEventRequestDto.Longitude' [C:\Users\HP\AttendanceSystem\src\AttendanceSystem.API\AttendanceSystem.API.csproj]
C:\Users\HP\AttendanceSystem\src\AttendanceSystem.API\Controllers\EnterpriseApiControllers.cs(283,113): warning CS1591: Missing XML comment for publicly visible type or member 'CreateGeofenceEventRequestDto.AccuracyMeters' [C:\Users\HP\AttendanceSystem\src\AttendanceSystem.API\AttendanceSystem.API.csproj]
C:\Users\HP\AttendanceSystem\src\AttendanceSystem.API\Controllers\EnterpriseApiControllers.cs(283,137): warning CS1591: Missing XML comment for publicly visible type or member 'CreateGeofenceEventRequestDto.DeviceId' [C:\Users\HP\AttendanceSystem\src\AttendanceSystem.API\AttendanceSystem.API.csproj]
C:\Users\HP\AttendanceSystem\src\AttendanceSystem.API\Controllers\EnterpriseApiControllers.cs(284,22): warning CS1591: Missing XML comment for publicly visible type or member 'GeofenceEventResponseDto' [C:\Users\HP\AttendanceSystem\src\AttendanceSystem.API\AttendanceSystem.API.csproj]
C:\Users\HP\AttendanceSystem\src\AttendanceSystem.API\Controllers\EnterpriseApiControllers.cs(284,22): warning CS1591: Missing XML comment for publicly visible type or member 'GeofenceEventResponseDto.GeofenceEventResponseDto(Guid, string, DateTime)' [C:\Users\HP\AttendanceSystem\src\AttendanceSystem.API\AttendanceSystem.API.csproj]
C:\Users\HP\AttendanceSystem\src\AttendanceSystem.API\Controllers\EnterpriseApiControllers.cs(284,52): warning CS1591: Missing XML comment for publicly visible type or member 'GeofenceEventResponseDto.Id' [C:\Users\HP\AttendanceSystem\src\AttendanceSystem.API\AttendanceSystem.API.csproj]
C:\Users\HP\AttendanceSystem\src\AttendanceSystem.API\Controllers\EnterpriseApiControllers.cs(284,63): warning CS1591: Missing XML comment for publicly visible type or member 'GeofenceEventResponseDto.EventType' [C:\Users\HP\AttendanceSystem\src\AttendanceSystem.API\AttendanceSystem.API.csproj]
C:\Users\HP\AttendanceSystem\src\AttendanceSystem.API\Controllers\EnterpriseApiControllers.cs(284,83): warning CS1591: Missing XML comment for publicly visible type or member 'GeofenceEventResponseDto.CreatedAt' [C:\Users\HP\AttendanceSystem\src\AttendanceSystem.API\AttendanceSystem.API.csproj]
C:\Users\HP\AttendanceSystem\src\AttendanceSystem.API\Controllers\EnterpriseApiControllers.cs(289,21): warning CS1591: Missing XML comment for publicly visible type or member 'DashboardController' [C:\Users\HP\AttendanceSystem\src\AttendanceSystem.API\AttendanceSystem.API.csproj]
C:\Users\HP\AttendanceSystem\src\AttendanceSystem.API\Controllers\EnterpriseApiControllers.cs(292,26): warning CS1591: Missing XML comment for publicly visible type or member 'DashboardController.Summary(DashboardQueryDto)' [C:\Users\HP\AttendanceSystem\src\AttendanceSystem.API\AttendanceSystem.API.csproj]
C:\Users\HP\AttendanceSystem\src\AttendanceSystem.API\Controllers\EnterpriseApiControllers.cs(296,26): warning CS1591: Missing XML comment for publicly visible type or member 'DashboardController.RecentActivities(RecentActivityQueryDto)' [C:\Users\HP\AttendanceSystem\src\AttendanceSystem.API\AttendanceSystem.API.csproj]
C:\Users\HP\AttendanceSystem\src\AttendanceSystem.API\Controllers\EnterpriseApiControllers.cs(300,26): warning CS1591: Missing XML comment for publicly visible type or member 'DashboardController.AttendanceTrends(DateRangeQueryDto)' [C:\Users\HP\AttendanceSystem\src\AttendanceSystem.API\AttendanceSystem.API.csproj]
C:\Users\HP\AttendanceSystem\src\AttendanceSystem.API\Controllers\EnterpriseApiControllers.cs(304,26): warning CS1591: Missing XML comment for publicly visible type or member 'DashboardController.DepartmentStatistics(DateRangeQueryDto)' [C:\Users\HP\AttendanceSystem\src\AttendanceSystem.API\AttendanceSystem.API.csproj]
C:\Users\HP\AttendanceSystem\src\AttendanceSystem.API\Controllers\EnterpriseApiControllers.cs(308,26): warning CS1591: Missing XML comment for publicly visible type or member 'DashboardController.EmployeeStatistics(EmployeeStatsQueryDto)' [C:\Users\HP\AttendanceSystem\src\AttendanceSystem.API\AttendanceSystem.API.csproj]
C:\Users\HP\AttendanceSystem\src\AttendanceSystem.API\Controllers\EnterpriseApiControllers.cs(312,22): warning CS1591: Missing XML comment for publicly visible type or member 'DashboardQueryDto' [C:\Users\HP\AttendanceSystem\src\AttendanceSystem.API\AttendanceSystem.API.csproj]
C:\Users\HP\AttendanceSystem\src\AttendanceSystem.API\Controllers\EnterpriseApiControllers.cs(312,22): warning CS1591: Missing XML comment for publicly visible type or member 'DashboardQueryDto.DashboardQueryDto(DateOnly?, Guid?)' [C:\Users\HP\AttendanceSystem\src\AttendanceSystem.API\AttendanceSystem.API.csproj]
C:\Users\HP\AttendanceSystem\src\AttendanceSystem.API\Controllers\EnterpriseApiControllers.cs(312,50): warning CS1591: Missing XML comment for publicly visible type or member 'DashboardQueryDto.Date' [C:\Users\HP\AttendanceSystem\src\AttendanceSystem.API\AttendanceSystem.API.csproj]
C:\Users\HP\AttendanceSystem\src\AttendanceSystem.API\Controllers\EnterpriseApiControllers.cs(312,62): warning CS1591: Missing XML comment for publicly visible type or member 'DashboardQueryDto.DepartmentId' [C:\Users\HP\AttendanceSystem\src\AttendanceSystem.API\AttendanceSystem.API.csproj]
C:\Users\HP\AttendanceSystem\src\AttendanceSystem.API\Controllers\EnterpriseApiControllers.cs(313,22): warning CS1591: Missing XML comment for publicly visible type or member 'RecentActivityQueryDto' [C:\Users\HP\AttendanceSystem\src\AttendanceSystem.API\AttendanceSystem.API.csproj]
C:\Users\HP\AttendanceSystem\src\AttendanceSystem.API\Controllers\EnterpriseApiControllers.cs(313,22): warning CS1591: Missing XML comment for publicly visible type or member 'RecentActivityQueryDto.RecentActivityQueryDto(int, int)' [C:\Users\HP\AttendanceSystem\src\AttendanceSystem.API\AttendanceSystem.API.csproj]
C:\Users\HP\AttendanceSystem\src\AttendanceSystem.API\Controllers\EnterpriseApiControllers.cs(313,49): warning CS1591: Missing XML comment for publicly visible type or member 'RecentActivityQueryDto.PageNumber' [C:\Users\HP\AttendanceSystem\src\AttendanceSystem.API\AttendanceSystem.API.csproj]
C:\Users\HP\AttendanceSystem\src\AttendanceSystem.API\Controllers\EnterpriseApiControllers.cs(313,69): warning CS1591: Missing XML comment for publicly visible type or member 'RecentActivityQueryDto.PageSize' [C:\Users\HP\AttendanceSystem\src\AttendanceSystem.API\AttendanceSystem.API.csproj]
C:\Users\HP\AttendanceSystem\src\AttendanceSystem.API\Controllers\EnterpriseApiControllers.cs(314,22): warning CS1591: Missing XML comment for publicly visible type or member 'EmployeeStatsQueryDto' [C:\Users\HP\AttendanceSystem\src\AttendanceSystem.API\AttendanceSystem.API.csproj]
C:\Users\HP\AttendanceSystem\src\AttendanceSystem.API\Controllers\EnterpriseApiControllers.cs(314,22): warning CS1591: Missing XML comment for publicly visible type or member 'EmployeeStatsQueryDto.EmployeeStatsQueryDto(Guid?, DateOnly?, DateOnly?, int, int)' [C:\Users\HP\AttendanceSystem\src\AttendanceSystem.API\AttendanceSystem.API.csproj]
C:\Users\HP\AttendanceSystem\src\AttendanceSystem.API\Controllers\EnterpriseApiControllers.cs(314,50): warning CS1591: Missing XML comment for publicly visible type or member 'EmployeeStatsQueryDto.DepartmentId' [C:\Users\HP\AttendanceSystem\src\AttendanceSystem.API\AttendanceSystem.API.csproj]
C:\Users\HP\AttendanceSystem\src\AttendanceSystem.API\Controllers\EnterpriseApiControllers.cs(314,74): warning CS1591: Missing XML comment for publicly visible type or member 'EmployeeStatsQueryDto.From' [C:\Users\HP\AttendanceSystem\src\AttendanceSystem.API\AttendanceSystem.API.csproj]
C:\Users\HP\AttendanceSystem\src\AttendanceSystem.API\Controllers\EnterpriseApiControllers.cs(314,90): warning CS1591: Missing XML comment for publicly visible type or member 'EmployeeStatsQueryDto.To' [C:\Users\HP\AttendanceSystem\src\AttendanceSystem.API\AttendanceSystem.API.csproj]
C:\Users\HP\AttendanceSystem\src\AttendanceSystem.API\Controllers\EnterpriseApiControllers.cs(314,98): warning CS1591: Missing XML comment for publicly visible type or member 'EmployeeStatsQueryDto.PageNumber' [C:\Users\HP\AttendanceSystem\src\AttendanceSystem.API\AttendanceSystem.API.csproj]
C:\Users\HP\AttendanceSystem\src\AttendanceSystem.API\Controllers\EnterpriseApiControllers.cs(314,118): warning CS1591: Missing XML comment for publicly visible type or member 'EmployeeStatsQueryDto.PageSize' [C:\Users\HP\AttendanceSystem\src\AttendanceSystem.API\AttendanceSystem.API.csproj]
C:\Users\HP\AttendanceSystem\src\AttendanceSystem.API\Controllers\EnterpriseApiControllers.cs(315,22): warning CS1591: Missing XML comment for publicly visible type or member 'DashboardSummaryResponseDto' [C:\Users\HP\AttendanceSystem\src\AttendanceSystem.API\AttendanceSystem.API.csproj]
C:\Users\HP\AttendanceSystem\src\AttendanceSystem.API\Controllers\EnterpriseApiControllers.cs(315,22): warning CS1591: Missing XML comment for publicly visible type or member 'DashboardSummaryResponseDto.DashboardSummaryResponseDto(int, int, int, int, int, int)' [C:\Users\HP\AttendanceSystem\src\AttendanceSystem.API\AttendanceSystem.API.csproj]
C:\Users\HP\AttendanceSystem\src\AttendanceSystem.API\Controllers\EnterpriseApiControllers.cs(315,54): warning CS1591: Missing XML comment for publicly visible type or member 'DashboardSummaryResponseDto.TotalEmployees' [C:\Users\HP\AttendanceSystem\src\AttendanceSystem.API\AttendanceSystem.API.csproj]
C:\Users\HP\AttendanceSystem\src\AttendanceSystem.API\Controllers\EnterpriseApiControllers.cs(315,74): warning CS1591: Missing XML comment for publicly visible type or member 'DashboardSummaryResponseDto.PresentToday' [C:\Users\HP\AttendanceSystem\src\AttendanceSystem.API\AttendanceSystem.API.csproj]
C:\Users\HP\AttendanceSystem\src\AttendanceSystem.API\Controllers\EnterpriseApiControllers.cs(315,92): warning CS1591: Missing XML comment for publicly visible type or member 'DashboardSummaryResponseDto.AbsentToday' [C:\Users\HP\AttendanceSystem\src\AttendanceSystem.API\AttendanceSystem.API.csproj]
C:\Users\HP\AttendanceSystem\src\AttendanceSystem.API\Controllers\EnterpriseApiControllers.cs(315,109): warning CS1591: Missing XML comment for publicly visible type or member 'DashboardSummaryResponseDto.LateToday' [C:\Users\HP\AttendanceSystem\src\AttendanceSystem.API\AttendanceSystem.API.csproj]
C:\Users\HP\AttendanceSystem\src\AttendanceSystem.API\Controllers\EnterpriseApiControllers.cs(315,124): warning CS1591: Missing XML comment for publicly visible type or member 'DashboardSummaryResponseDto.OnLeaveToday' [C:\Users\HP\AttendanceSystem\src\AttendanceSystem.API\AttendanceSystem.API.csproj]
C:\Users\HP\AttendanceSystem\src\AttendanceSystem.API\Controllers\EnterpriseApiControllers.cs(315,142): warning CS1591: Missing XML comment for publicly visible type or member 'DashboardSummaryResponseDto.PendingApprovals' [C:\Users\HP\AttendanceSystem\src\AttendanceSystem.API\AttendanceSystem.API.csproj]
C:\Users\HP\AttendanceSystem\src\AttendanceSystem.API\Controllers\EnterpriseApiControllers.cs(316,22): warning CS1591: Missing XML comment for publicly visible type or member 'RecentActivityResponseDto' [C:\Users\HP\AttendanceSystem\src\AttendanceSystem.API\AttendanceSystem.API.csproj]
C:\Users\HP\AttendanceSystem\src\AttendanceSystem.API\Controllers\EnterpriseApiControllers.cs(316,22): warning CS1591: Missing XML comment for publicly visible type or member 'RecentActivityResponseDto.RecentActivityResponseDto(Guid, string, string, string, DateTime)' [C:\Users\HP\AttendanceSystem\src\AttendanceSystem.API\AttendanceSystem.API.csproj]
C:\Users\HP\AttendanceSystem\src\AttendanceSystem.API\Controllers\EnterpriseApiControllers.cs(316,53): warning CS1591: Missing XML comment for publicly visible type or member 'RecentActivityResponseDto.Id' [C:\Users\HP\AttendanceSystem\src\AttendanceSystem.API\AttendanceSystem.API.csproj]
C:\Users\HP\AttendanceSystem\src\AttendanceSystem.API\Controllers\EnterpriseApiControllers.cs(316,64): warning CS1591: Missing XML comment for publicly visible type or member 'RecentActivityResponseDto.Type' [C:\Users\HP\AttendanceSystem\src\AttendanceSystem.API\AttendanceSystem.API.csproj]
C:\Users\HP\AttendanceSystem\src\AttendanceSystem.API\Controllers\EnterpriseApiControllers.cs(316,77): warning CS1591: Missing XML comment for publicly visible type or member 'RecentActivityResponseDto.Title' [C:\Users\HP\AttendanceSystem\src\AttendanceSystem.API\AttendanceSystem.API.csproj]
C:\Users\HP\AttendanceSystem\src\AttendanceSystem.API\Controllers\EnterpriseApiControllers.cs(316,91): warning CS1591: Missing XML comment for publicly visible type or member 'RecentActivityResponseDto.Description' [C:\Users\HP\AttendanceSystem\src\AttendanceSystem.API\AttendanceSystem.API.csproj]
C:\Users\HP\AttendanceSystem\src\AttendanceSystem.API\Controllers\EnterpriseApiControllers.cs(316,113): warning CS1591: Missing XML comment for publicly visible type or member 'RecentActivityResponseDto.CreatedAt' [C:\Users\HP\AttendanceSystem\src\AttendanceSystem.API\AttendanceSystem.API.csproj]
C:\Users\HP\AttendanceSystem\src\AttendanceSystem.API\Controllers\EnterpriseApiControllers.cs(317,22): warning CS1591: Missing XML comment for publicly visible type or member 'AttendanceTrendResponseDto' [C:\Users\HP\AttendanceSystem\src\AttendanceSystem.API\AttendanceSystem.API.csproj]
C:\Users\HP\AttendanceSystem\src\AttendanceSystem.API\Controllers\EnterpriseApiControllers.cs(317,22): warning CS1591: Missing XML comment for publicly visible type or member 'AttendanceTrendResponseDto.AttendanceTrendResponseDto(IReadOnlyList<string>, IReadOnlyList<int>, IReadOnlyList<int>, IReadOnlyList<int>)' [C:\Users\HP\AttendanceSystem\src\AttendanceSystem.API\AttendanceSystem.API.csproj]
C:\Users\HP\AttendanceSystem\src\AttendanceSystem.API\Controllers\EnterpriseApiControllers.cs(317,71): warning CS1591: Missing XML comment for publicly visible type or member 'AttendanceTrendResponseDto.Labels' [C:\Users\HP\AttendanceSystem\src\AttendanceSystem.API\AttendanceSystem.API.csproj]
C:\Users\HP\AttendanceSystem\src\AttendanceSystem.API\Controllers\EnterpriseApiControllers.cs(317,98): warning CS1591: Missing XML comment for publicly visible type or member 'AttendanceTrendResponseDto.PresentCounts' [C:\Users\HP\AttendanceSystem\src\AttendanceSystem.API\AttendanceSystem.API.csproj]
C:\Users\HP\AttendanceSystem\src\AttendanceSystem.API\Controllers\EnterpriseApiControllers.cs(317,132): warning CS1591: Missing XML comment for publicly visible type or member 'AttendanceTrendResponseDto.AbsentCounts' [C:\Users\HP\AttendanceSystem\src\AttendanceSystem.API\AttendanceSystem.API.csproj]
C:\Users\HP\AttendanceSystem\src\AttendanceSystem.API\Controllers\EnterpriseApiControllers.cs(317,165): warning CS1591: Missing XML comment for publicly visible type or member 'AttendanceTrendResponseDto.LateCounts' [C:\Users\HP\AttendanceSystem\src\AttendanceSystem.API\AttendanceSystem.API.csproj]
C:\Users\HP\AttendanceSystem\src\AttendanceSystem.API\Controllers\EnterpriseApiControllers.cs(318,22): warning CS1591: Missing XML comment for publicly visible type or member 'DepartmentAttendanceStatsResponseDto' [C:\Users\HP\AttendanceSystem\src\AttendanceSystem.API\AttendanceSystem.API.csproj]
C:\Users\HP\AttendanceSystem\src\AttendanceSystem.API\Controllers\EnterpriseApiControllers.cs(318,22): warning CS1591: Missing XML comment for publicly visible type or member 'DepartmentAttendanceStatsResponseDto.DepartmentAttendanceStatsResponseDto(Guid, string, int, int, int)' [C:\Users\HP\AttendanceSystem\src\AttendanceSystem.API\AttendanceSystem.API.csproj]
C:\Users\HP\AttendanceSystem\src\AttendanceSystem.API\Controllers\EnterpriseApiControllers.cs(318,64): warning CS1591: Missing XML comment for publicly visible type or member 'DepartmentAttendanceStatsResponseDto.DepartmentId' [C:\Users\HP\AttendanceSystem\src\AttendanceSystem.API\AttendanceSystem.API.csproj]
C:\Users\HP\AttendanceSystem\src\AttendanceSystem.API\Controllers\EnterpriseApiControllers.cs(318,85): warning CS1591: Missing XML comment for publicly visible type or member 'DepartmentAttendanceStatsResponseDto.DepartmentName' [C:\Users\HP\AttendanceSystem\src\AttendanceSystem.API\AttendanceSystem.API.csproj]
C:\Users\HP\AttendanceSystem\src\AttendanceSystem.API\Controllers\EnterpriseApiControllers.cs(318,105): warning CS1591: Missing XML comment for publicly visible type or member 'DepartmentAttendanceStatsResponseDto.Present' [C:\Users\HP\AttendanceSystem\src\AttendanceSystem.API\AttendanceSystem.API.csproj]
C:\Users\HP\AttendanceSystem\src\AttendanceSystem.API\Controllers\EnterpriseApiControllers.cs(318,118): warning CS1591: Missing XML comment for publicly visible type or member 'DepartmentAttendanceStatsResponseDto.Absent' [C:\Users\HP\AttendanceSystem\src\AttendanceSystem.API\AttendanceSystem.API.csproj]
C:\Users\HP\AttendanceSystem\src\AttendanceSystem.API\Controllers\EnterpriseApiControllers.cs(318,130): warning CS1591: Missing XML comment for publicly visible type or member 'DepartmentAttendanceStatsResponseDto.Late' [C:\Users\HP\AttendanceSystem\src\AttendanceSystem.API\AttendanceSystem.API.csproj]
C:\Users\HP\AttendanceSystem\src\AttendanceSystem.API\Controllers\EnterpriseApiControllers.cs(319,22): warning CS1591: Missing XML comment for publicly visible type or member 'EmployeeAttendanceStatsResponseDto' [C:\Users\HP\AttendanceSystem\src\AttendanceSystem.API\AttendanceSystem.API.csproj]
C:\Users\HP\AttendanceSystem\src\AttendanceSystem.API\Controllers\EnterpriseApiControllers.cs(319,22): warning CS1591: Missing XML comment for publicly visible type or member 'EmployeeAttendanceStatsResponseDto.EmployeeAttendanceStatsResponseDto(Guid, string, int, int, int, decimal)' [C:\Users\HP\AttendanceSystem\src\AttendanceSystem.API\AttendanceSystem.API.csproj]
C:\Users\HP\AttendanceSystem\src\AttendanceSystem.API\Controllers\EnterpriseApiControllers.cs(319,62): warning CS1591: Missing XML comment for publicly visible type or member 'EmployeeAttendanceStatsResponseDto.EmployeeId' [C:\Users\HP\AttendanceSystem\src\AttendanceSystem.API\AttendanceSystem.API.csproj]
C:\Users\HP\AttendanceSystem\src\AttendanceSystem.API\Controllers\EnterpriseApiControllers.cs(319,81): warning CS1591: Missing XML comment for publicly visible type or member 'EmployeeAttendanceStatsResponseDto.EmployeeName' [C:\Users\HP\AttendanceSystem\src\AttendanceSystem.API\AttendanceSystem.API.csproj]
C:\Users\HP\AttendanceSystem\src\AttendanceSystem.API\Controllers\EnterpriseApiControllers.cs(319,99): warning CS1591: Missing XML comment for publicly visible type or member 'EmployeeAttendanceStatsResponseDto.Present' [C:\Users\HP\AttendanceSystem\src\AttendanceSystem.API\AttendanceSystem.API.csproj]
C:\Users\HP\AttendanceSystem\src\AttendanceSystem.API\Controllers\EnterpriseApiControllers.cs(319,112): warning CS1591: Missing XML comment for publicly visible type or member 'EmployeeAttendanceStatsResponseDto.Absent' [C:\Users\HP\AttendanceSystem\src\AttendanceSystem.API\AttendanceSystem.API.csproj]
C:\Users\HP\AttendanceSystem\src\AttendanceSystem.API\Controllers\EnterpriseApiControllers.cs(319,124): warning CS1591: Missing XML comment for publicly visible type or member 'EmployeeAttendanceStatsResponseDto.Late' [C:\Users\HP\AttendanceSystem\src\AttendanceSystem.API\AttendanceSystem.API.csproj]
C:\Users\HP\AttendanceSystem\src\AttendanceSystem.API\Controllers\EnterpriseApiControllers.cs(319,138): warning CS1591: Missing XML comment for publicly visible type or member 'EmployeeAttendanceStatsResponseDto.OvertimeHours' [C:\Users\HP\AttendanceSystem\src\AttendanceSystem.API\AttendanceSystem.API.csproj]
C:\Users\HP\AttendanceSystem\src\AttendanceSystem.API\Controllers\EnterpriseApiControllers.cs(324,21): warning CS1591: Missing XML comment for publicly visible type or member 'LeavesV1Controller' [C:\Users\HP\AttendanceSystem\src\AttendanceSystem.API\AttendanceSystem.API.csproj]
C:\Users\HP\AttendanceSystem\src\AttendanceSystem.API\Controllers\EnterpriseApiControllers.cs(327,26): warning CS1591: Missing XML comment for publicly visible type or member 'LeavesV1Controller.Create(CreateLeaveRequestDto)' [C:\Users\HP\AttendanceSystem\src\AttendanceSystem.API\AttendanceSystem.API.csproj]
C:\Users\HP\AttendanceSystem\src\AttendanceSystem.API\Controllers\EnterpriseApiControllers.cs(331,26): warning CS1591: Missing XML comment for publicly visible type or member 'LeavesV1Controller.History(DateRangeQueryDto)' [C:\Users\HP\AttendanceSystem\src\AttendanceSystem.API\AttendanceSystem.API.csproj]
C:\Users\HP\AttendanceSystem\src\AttendanceSystem.API\Controllers\EnterpriseApiControllers.cs(336,26): warning CS1591: Missing XML comment for publicly visible type or member 'LeavesV1Controller.Approve(Guid, ApprovalRequestDto)' [C:\Users\HP\AttendanceSystem\src\AttendanceSystem.API\AttendanceSystem.API.csproj]
C:\Users\HP\AttendanceSystem\src\AttendanceSystem.API\Controllers\EnterpriseApiControllers.cs(341,26): warning CS1591: Missing XML comment for publicly visible type or member 'LeavesV1Controller.Reject(Guid, RejectionRequestDto)' [C:\Users\HP\AttendanceSystem\src\AttendanceSystem.API\AttendanceSystem.API.csproj]
C:\Users\HP\AttendanceSystem\src\AttendanceSystem.API\Controllers\EnterpriseApiControllers.cs(346,26): warning CS1591: Missing XML comment for publicly visible type or member 'LeavesV1Controller.List(LeaveQueryDto)' [C:\Users\HP\AttendanceSystem\src\AttendanceSystem.API\AttendanceSystem.API.csproj]
C:\Users\HP\AttendanceSystem\src\AttendanceSystem.API\Controllers\EnterpriseApiControllers.cs(350,26): warning CS1591: Missing XML comment for publicly visible type or member 'LeavesV1Controller.Statistics(DateRangeQueryDto)' [C:\Users\HP\AttendanceSystem\src\AttendanceSystem.API\AttendanceSystem.API.csproj]
C:\Users\HP\AttendanceSystem\src\AttendanceSystem.API\Controllers\EnterpriseApiControllers.cs(354,22): warning CS1591: Missing XML comment for publicly visible type or member 'CreateLeaveRequestDto' [C:\Users\HP\AttendanceSystem\src\AttendanceSystem.API\AttendanceSystem.API.csproj]
C:\Users\HP\AttendanceSystem\src\AttendanceSystem.API\Controllers\EnterpriseApiControllers.cs(354,22): warning CS1591: Missing XML comment for publicly visible type or member 'CreateLeaveRequestDto.CreateLeaveRequestDto(Guid, DateOnly, DateOnly, bool, string)' [C:\Users\HP\AttendanceSystem\src\AttendanceSystem.API\AttendanceSystem.API.csproj]
C:\Users\HP\AttendanceSystem\src\AttendanceSystem.API\Controllers\EnterpriseApiControllers.cs(354,49): warning CS1591: Missing XML comment for publicly visible type or member 'CreateLeaveRequestDto.LeaveTypeId' [C:\Users\HP\AttendanceSystem\src\AttendanceSystem.API\AttendanceSystem.API.csproj]
C:\Users\HP\AttendanceSystem\src\AttendanceSystem.API\Controllers\EnterpriseApiControllers.cs(354,71): warning CS1591: Missing XML comment for publicly visible type or member 'CreateLeaveRequestDto.StartDate' [C:\Users\HP\AttendanceSystem\src\AttendanceSystem.API\AttendanceSystem.API.csproj]
C:\Users\HP\AttendanceSystem\src\AttendanceSystem.API\Controllers\EnterpriseApiControllers.cs(354,91): warning CS1591: Missing XML comment for publicly visible type or member 'CreateLeaveRequestDto.EndDate' [C:\Users\HP\AttendanceSystem\src\AttendanceSystem.API\AttendanceSystem.API.csproj]
C:\Users\HP\AttendanceSystem\src\AttendanceSystem.API\Controllers\EnterpriseApiControllers.cs(354,105): warning CS1591: Missing XML comment for publicly visible type or member 'CreateLeaveRequestDto.IsHalfDay' [C:\Users\HP\AttendanceSystem\src\AttendanceSystem.API\AttendanceSystem.API.csproj]
C:\Users\HP\AttendanceSystem\src\AttendanceSystem.API\Controllers\EnterpriseApiControllers.cs(354,123): warning CS1591: Missing XML comment for publicly visible type or member 'CreateLeaveRequestDto.Reason' [C:\Users\HP\AttendanceSystem\src\AttendanceSystem.API\AttendanceSystem.API.csproj]
C:\Users\HP\AttendanceSystem\src\AttendanceSystem.API\Controllers\EnterpriseApiControllers.cs(355,22): warning CS1591: Missing XML comment for publicly visible type or member 'LeaveQueryDto' [C:\Users\HP\AttendanceSystem\src\AttendanceSystem.API\AttendanceSystem.API.csproj]
C:\Users\HP\AttendanceSystem\src\AttendanceSystem.API\Controllers\EnterpriseApiControllers.cs(355,22): warning CS1591: Missing XML comment for publicly visible type or member 'LeaveQueryDto.LeaveQueryDto(string?, Guid?, Guid?, int, int)' [C:\Users\HP\AttendanceSystem\src\AttendanceSystem.API\AttendanceSystem.API.csproj]
C:\Users\HP\AttendanceSystem\src\AttendanceSystem.API\Controllers\EnterpriseApiControllers.cs(355,44): warning CS1591: Missing XML comment for publicly visible type or member 'LeaveQueryDto.Status' [C:\Users\HP\AttendanceSystem\src\AttendanceSystem.API\AttendanceSystem.API.csproj]
C:\Users\HP\AttendanceSystem\src\AttendanceSystem.API\Controllers\EnterpriseApiControllers.cs(355,58): warning CS1591: Missing XML comment for publicly visible type or member 'LeaveQueryDto.EmployeeId' [C:\Users\HP\AttendanceSystem\src\AttendanceSystem.API\AttendanceSystem.API.csproj]
C:\Users\HP\AttendanceSystem\src\AttendanceSystem.API\Controllers\EnterpriseApiControllers.cs(355,76): warning CS1591: Missing XML comment for publicly visible type or member 'LeaveQueryDto.LeaveTypeId' [C:\Users\HP\AttendanceSystem\src\AttendanceSystem.API\AttendanceSystem.API.csproj]
C:\Users\HP\AttendanceSystem\src\AttendanceSystem.API\Controllers\EnterpriseApiControllers.cs(355,93): warning CS1591: Missing XML comment for publicly visible type or member 'LeaveQueryDto.PageNumber' [C:\Users\HP\AttendanceSystem\src\AttendanceSystem.API\AttendanceSystem.API.csproj]
C:\Users\HP\AttendanceSystem\src\AttendanceSystem.API\Controllers\EnterpriseApiControllers.cs(355,113): warning CS1591: Missing XML comment for publicly visible type or member 'LeaveQueryDto.PageSize' [C:\Users\HP\AttendanceSystem\src\AttendanceSystem.API\AttendanceSystem.API.csproj]
C:\Users\HP\AttendanceSystem\src\AttendanceSystem.API\Controllers\EnterpriseApiControllers.cs(356,22): warning CS1591: Missing XML comment for publicly visible type or member 'LeaveRequestResponseDto' [C:\Users\HP\AttendanceSystem\src\AttendanceSystem.API\AttendanceSystem.API.csproj]
C:\Users\HP\AttendanceSystem\src\AttendanceSystem.API\Controllers\EnterpriseApiControllers.cs(356,22): warning CS1591: Missing XML comment for publicly visible type or member 'LeaveRequestResponseDto.LeaveRequestResponseDto(Guid, Guid, string, DateOnly, DateOnly, decimal, string, string)' [C:\Users\HP\AttendanceSystem\src\AttendanceSystem.API\AttendanceSystem.API.csproj]
C:\Users\HP\AttendanceSystem\src\AttendanceSystem.API\Controllers\EnterpriseApiControllers.cs(356,51): warning CS1591: Missing XML comment for publicly visible type or member 'LeaveRequestResponseDto.Id' [C:\Users\HP\AttendanceSystem\src\AttendanceSystem.API\AttendanceSystem.API.csproj]
C:\Users\HP\AttendanceSystem\src\AttendanceSystem.API\Controllers\EnterpriseApiControllers.cs(356,60): warning CS1591: Missing XML comment for publicly visible type or member 'LeaveRequestResponseDto.EmployeeId' [C:\Users\HP\AttendanceSystem\src\AttendanceSystem.API\AttendanceSystem.API.csproj]
C:\Users\HP\AttendanceSystem\src\AttendanceSystem.API\Controllers\EnterpriseApiControllers.cs(356,79): warning CS1591: Missing XML comment for publicly visible type or member 'LeaveRequestResponseDto.LeaveType' [C:\Users\HP\AttendanceSystem\src\AttendanceSystem.API\AttendanceSystem.API.csproj]
C:\Users\HP\AttendanceSystem\src\AttendanceSystem.API\Controllers\EnterpriseApiControllers.cs(356,99): warning CS1591: Missing XML comment for publicly visible type or member 'LeaveRequestResponseDto.StartDate' [C:\Users\HP\AttendanceSystem\src\AttendanceSystem.API\AttendanceSystem.API.csproj]
C:\Users\HP\AttendanceSystem\src\AttendanceSystem.API\Controllers\EnterpriseApiControllers.cs(356,119): warning CS1591: Missing XML comment for publicly visible type or member 'LeaveRequestResponseDto.EndDate' [C:\Users\HP\AttendanceSystem\src\AttendanceSystem.API\AttendanceSystem.API.csproj]
C:\Users\HP\AttendanceSystem\src\AttendanceSystem.API\Controllers\EnterpriseApiControllers.cs(356,136): warning CS1591: Missing XML comment for publicly visible type or member 'LeaveRequestResponseDto.TotalDays' [C:\Users\HP\AttendanceSystem\src\AttendanceSystem.API\AttendanceSystem.API.csproj]
C:\Users\HP\AttendanceSystem\src\AttendanceSystem.API\Controllers\EnterpriseApiControllers.cs(356,154): warning CS1591: Missing XML comment for publicly visible type or member 'LeaveRequestResponseDto.Status' [C:\Users\HP\AttendanceSystem\src\AttendanceSystem.API\AttendanceSystem.API.csproj]
C:\Users\HP\AttendanceSystem\src\AttendanceSystem.API\Controllers\EnterpriseApiControllers.cs(356,169): warning CS1591: Missing XML comment for publicly visible type or member 'LeaveRequestResponseDto.Reason' [C:\Users\HP\AttendanceSystem\src\AttendanceSystem.API\AttendanceSystem.API.csproj]
C:\Users\HP\AttendanceSystem\src\AttendanceSystem.API\Controllers\EnterpriseApiControllers.cs(357,22): warning CS1591: Missing XML comment for publicly visible type or member 'LeaveStatisticsResponseDto' [C:\Users\HP\AttendanceSystem\src\AttendanceSystem.API\AttendanceSystem.API.csproj]
C:\Users\HP\AttendanceSystem\src\AttendanceSystem.API\Controllers\EnterpriseApiControllers.cs(357,22): warning CS1591: Missing XML comment for publicly visible type or member 'LeaveStatisticsResponseDto.LeaveStatisticsResponseDto(decimal, decimal, decimal, int)' [C:\Users\HP\AttendanceSystem\src\AttendanceSystem.API\AttendanceSystem.API.csproj]
C:\Users\HP\AttendanceSystem\src\AttendanceSystem.API\Controllers\EnterpriseApiControllers.cs(357,57): warning CS1591: Missing XML comment for publicly visible type or member 'LeaveStatisticsResponseDto.TotalAllocated' [C:\Users\HP\AttendanceSystem\src\AttendanceSystem.API\AttendanceSystem.API.csproj]
C:\Users\HP\AttendanceSystem\src\AttendanceSystem.API\Controllers\EnterpriseApiControllers.cs(357,81): warning CS1591: Missing XML comment for publicly visible type or member 'LeaveStatisticsResponseDto.Used' [C:\Users\HP\AttendanceSystem\src\AttendanceSystem.API\AttendanceSystem.API.csproj]
C:\Users\HP\AttendanceSystem\src\AttendanceSystem.API\Controllers\EnterpriseApiControllers.cs(357,95): warning CS1591: Missing XML comment for publicly visible type or member 'LeaveStatisticsResponseDto.Remaining' [C:\Users\HP\AttendanceSystem\src\AttendanceSystem.API\AttendanceSystem.API.csproj]
C:\Users\HP\AttendanceSystem\src\AttendanceSystem.API\Controllers\EnterpriseApiControllers.cs(357,110): warning CS1591: Missing XML comment for publicly visible type or member 'LeaveStatisticsResponseDto.PendingRequests' [C:\Users\HP\AttendanceSystem\src\AttendanceSystem.API\AttendanceSystem.API.csproj]
C:\Users\HP\AttendanceSystem\src\AttendanceSystem.API\Controllers\EnterpriseApiControllers.cs(362,21): warning CS1591: Missing XML comment for publicly visible type or member 'ReportsController' [C:\Users\HP\AttendanceSystem\src\AttendanceSystem.API\AttendanceSystem.API.csproj]
C:\Users\HP\AttendanceSystem\src\AttendanceSystem.API\Controllers\EnterpriseApiControllers.cs(365,26): warning CS1591: Missing XML comment for publicly visible type or member 'ReportsController.Attendance(FileExportQueryDto)' [C:\Users\HP\AttendanceSystem\src\AttendanceSystem.API\AttendanceSystem.API.csproj]
C:\Users\HP\AttendanceSystem\src\AttendanceSystem.API\Controllers\EnterpriseApiControllers.cs(370,26): warning CS1591: Missing XML comment for publicly visible type or member 'ReportsController.Employees(EmployeeReportQueryDto)' [C:\Users\HP\AttendanceSystem\src\AttendanceSystem.API\AttendanceSystem.API.csproj]
C:\Users\HP\AttendanceSystem\src\AttendanceSystem.API\Controllers\EnterpriseApiControllers.cs(375,26): warning CS1591: Missing XML comment for publicly visible type or member 'ReportsController.Departments(DepartmentReportQueryDto)' [C:\Users\HP\AttendanceSystem\src\AttendanceSystem.API\AttendanceSystem.API.csproj]
C:\Users\HP\AttendanceSystem\src\AttendanceSystem.API\Controllers\EnterpriseApiControllers.cs(379,26): warning CS1591: Missing XML comment for publicly visible type or member 'ReportsController.ExportAttendanceExcel(FileExportQueryDto)' [C:\Users\HP\AttendanceSystem\src\AttendanceSystem.API\AttendanceSystem.API.csproj]
C:\Users\HP\AttendanceSystem\src\AttendanceSystem.API\Controllers\EnterpriseApiControllers.cs(383,26): warning CS1591: Missing XML comment for publicly visible type or member 'ReportsController.ExportAttendancePdf(FileExportQueryDto)' [C:\Users\HP\AttendanceSystem\src\AttendanceSystem.API\AttendanceSystem.API.csproj]
C:\Users\HP\AttendanceSystem\src\AttendanceSystem.API\Controllers\EnterpriseApiControllers.cs(388,26): warning CS1591: Missing XML comment for publicly visible type or member 'ReportsController.CreateScheduled(CreateScheduledReportRequestDto)' [C:\Users\HP\AttendanceSystem\src\AttendanceSystem.API\AttendanceSystem.API.csproj]
C:\Users\HP\AttendanceSystem\src\AttendanceSystem.API\Controllers\EnterpriseApiControllers.cs(393,26): warning CS1591: Missing XML comment for publicly visible type or member 'ReportsController.AuditLog(DateRangeQueryDto)' [C:\Users\HP\AttendanceSystem\src\AttendanceSystem.API\AttendanceSystem.API.csproj]
C:\Users\HP\AttendanceSystem\src\AttendanceSystem.API\Controllers\EnterpriseApiControllers.cs(397,22): warning CS1591: Missing XML comment for publicly visible type or member 'EmployeeReportQueryDto' [C:\Users\HP\AttendanceSystem\src\AttendanceSystem.API\AttendanceSystem.API.csproj]
C:\Users\HP\AttendanceSystem\src\AttendanceSystem.API\Controllers\EnterpriseApiControllers.cs(397,22): warning CS1591: Missing XML comment for publicly visible type or member 'EmployeeReportQueryDto.EmployeeReportQueryDto(Guid?, bool?, int, int)' [C:\Users\HP\AttendanceSystem\src\AttendanceSystem.API\AttendanceSystem.API.csproj]
C:\Users\HP\AttendanceSystem\src\AttendanceSystem.API\Controllers\EnterpriseApiControllers.cs(397,51): warning CS1591: Missing XML comment for publicly visible type or member 'EmployeeReportQueryDto.DepartmentId' [C:\Users\HP\AttendanceSystem\src\AttendanceSystem.API\AttendanceSystem.API.csproj]
C:\Users\HP\AttendanceSystem\src\AttendanceSystem.API\Controllers\EnterpriseApiControllers.cs(397,71): warning CS1591: Missing XML comment for publicly visible type or member 'EmployeeReportQueryDto.IsActive' [C:\Users\HP\AttendanceSystem\src\AttendanceSystem.API\AttendanceSystem.API.csproj]
C:\Users\HP\AttendanceSystem\src\AttendanceSystem.API\Controllers\EnterpriseApiControllers.cs(397,85): warning CS1591: Missing XML comment for publicly visible type or member 'EmployeeReportQueryDto.PageNumber' [C:\Users\HP\AttendanceSystem\src\AttendanceSystem.API\AttendanceSystem.API.csproj]
C:\Users\HP\AttendanceSystem\src\AttendanceSystem.API\Controllers\EnterpriseApiControllers.cs(397,105): warning CS1591: Missing XML comment for publicly visible type or member 'EmployeeReportQueryDto.PageSize' [C:\Users\HP\AttendanceSystem\src\AttendanceSystem.API\AttendanceSystem.API.csproj]
C:\Users\HP\AttendanceSystem\src\AttendanceSystem.API\Controllers\EnterpriseApiControllers.cs(398,22): warning CS1591: Missing XML comment for publicly visible type or member 'DepartmentReportQueryDto' [C:\Users\HP\AttendanceSystem\src\AttendanceSystem.API\AttendanceSystem.API.csproj]
C:\Users\HP\AttendanceSystem\src\AttendanceSystem.API\Controllers\EnterpriseApiControllers.cs(398,22): warning CS1591: Missing XML comment for publicly visible type or member 'DepartmentReportQueryDto.DepartmentReportQueryDto(bool?, int, int)' [C:\Users\HP\AttendanceSystem\src\AttendanceSystem.API\AttendanceSystem.API.csproj]
C:\Users\HP\AttendanceSystem\src\AttendanceSystem.API\Controllers\EnterpriseApiControllers.cs(398,53): warning CS1591: Missing XML comment for publicly visible type or member 'DepartmentReportQueryDto.IsActive' [C:\Users\HP\AttendanceSystem\src\AttendanceSystem.API\AttendanceSystem.API.csproj]
C:\Users\HP\AttendanceSystem\src\AttendanceSystem.API\Controllers\EnterpriseApiControllers.cs(398,67): warning CS1591: Missing XML comment for publicly visible type or member 'DepartmentReportQueryDto.PageNumber' [C:\Users\HP\AttendanceSystem\src\AttendanceSystem.API\AttendanceSystem.API.csproj]
C:\Users\HP\AttendanceSystem\src\AttendanceSystem.API\Controllers\EnterpriseApiControllers.cs(398,87): warning CS1591: Missing XML comment for publicly visible type or member 'DepartmentReportQueryDto.PageSize' [C:\Users\HP\AttendanceSystem\src\AttendanceSystem.API\AttendanceSystem.API.csproj]
C:\Users\HP\AttendanceSystem\src\AttendanceSystem.API\Controllers\EnterpriseApiControllers.cs(399,22): warning CS1591: Missing XML comment for publicly visible type or member 'CreateScheduledReportRequestDto' [C:\Users\HP\AttendanceSystem\src\AttendanceSystem.API\AttendanceSystem.API.csproj]
C:\Users\HP\AttendanceSystem\src\AttendanceSystem.API\Controllers\EnterpriseApiControllers.cs(399,22): warning CS1591: Missing XML comment for publicly visible type or member 'CreateScheduledReportRequestDto.CreateScheduledReportRequestDto(string, string, IReadOnlyList<string>, FileExportQueryDto)' [C:\Users\HP\AttendanceSystem\src\AttendanceSystem.API\AttendanceSystem.API.csproj]
C:\Users\HP\AttendanceSystem\src\AttendanceSystem.API\Controllers\EnterpriseApiControllers.cs(399,61): warning CS1591: Missing XML comment for publicly visible type or member 'CreateScheduledReportRequestDto.ReportType' [C:\Users\HP\AttendanceSystem\src\AttendanceSystem.API\AttendanceSystem.API.csproj]
C:\Users\HP\AttendanceSystem\src\AttendanceSystem.API\Controllers\EnterpriseApiControllers.cs(399,80): warning CS1591: Missing XML comment for publicly visible type or member 'CreateScheduledReportRequestDto.Frequency' [C:\Users\HP\AttendanceSystem\src\AttendanceSystem.API\AttendanceSystem.API.csproj]
C:\Users\HP\AttendanceSystem\src\AttendanceSystem.API\Controllers\EnterpriseApiControllers.cs(399,113): warning CS1591: Missing XML comment for publicly visible type or member 'CreateScheduledReportRequestDto.Recipients' [C:\Users\HP\AttendanceSystem\src\AttendanceSystem.API\AttendanceSystem.API.csproj]
C:\Users\HP\AttendanceSystem\src\AttendanceSystem.API\Controllers\EnterpriseApiControllers.cs(399,144): warning CS1591: Missing XML comment for publicly visible type or member 'CreateScheduledReportRequestDto.Parameters' [C:\Users\HP\AttendanceSystem\src\AttendanceSystem.API\AttendanceSystem.API.csproj]
C:\Users\HP\AttendanceSystem\src\AttendanceSystem.API\Controllers\EnterpriseApiControllers.cs(400,22): warning CS1591: Missing XML comment for publicly visible type or member 'ScheduledReportResponseDto' [C:\Users\HP\AttendanceSystem\src\AttendanceSystem.API\AttendanceSystem.API.csproj]
C:\Users\HP\AttendanceSystem\src\AttendanceSystem.API\Controllers\EnterpriseApiControllers.cs(400,22): warning CS1591: Missing XML comment for publicly visible type or member 'ScheduledReportResponseDto.ScheduledReportResponseDto(Guid, string, string, bool)' [C:\Users\HP\AttendanceSystem\src\AttendanceSystem.API\AttendanceSystem.API.csproj]
C:\Users\HP\AttendanceSystem\src\AttendanceSystem.API\Controllers\EnterpriseApiControllers.cs(400,54): warning CS1591: Missing XML comment for publicly visible type or member 'ScheduledReportResponseDto.Id' [C:\Users\HP\AttendanceSystem\src\AttendanceSystem.API\AttendanceSystem.API.csproj]
C:\Users\HP\AttendanceSystem\src\AttendanceSystem.API\Controllers\EnterpriseApiControllers.cs(400,65): warning CS1591: Missing XML comment for publicly visible type or member 'ScheduledReportResponseDto.ReportType' [C:\Users\HP\AttendanceSystem\src\AttendanceSystem.API\AttendanceSystem.API.csproj]
C:\Users\HP\AttendanceSystem\src\AttendanceSystem.API\Controllers\EnterpriseApiControllers.cs(400,84): warning CS1591: Missing XML comment for publicly visible type or member 'ScheduledReportResponseDto.Frequency' [C:\Users\HP\AttendanceSystem\src\AttendanceSystem.API\AttendanceSystem.API.csproj]
C:\Users\HP\AttendanceSystem\src\AttendanceSystem.API\Controllers\EnterpriseApiControllers.cs(400,100): warning CS1591: Missing XML comment for publicly visible type or member 'ScheduledReportResponseDto.IsActive' [C:\Users\HP\AttendanceSystem\src\AttendanceSystem.API\AttendanceSystem.API.csproj]
C:\Users\HP\AttendanceSystem\src\AttendanceSystem.API\Controllers\EnterpriseApiControllers.cs(401,22): warning CS1591: Missing XML comment for publicly visible type or member 'AuditLogResponseDto' [C:\Users\HP\AttendanceSystem\src\AttendanceSystem.API\AttendanceSystem.API.csproj]
C:\Users\HP\AttendanceSystem\src\AttendanceSystem.API\Controllers\EnterpriseApiControllers.cs(401,22): warning CS1591: Missing XML comment for publicly visible type or member 'AuditLogResponseDto.AuditLogResponseDto(Guid, string, string, string, DateTime)' [C:\Users\HP\AttendanceSystem\src\AttendanceSystem.API\AttendanceSystem.API.csproj]
C:\Users\HP\AttendanceSystem\src\AttendanceSystem.API\Controllers\EnterpriseApiControllers.cs(401,47): warning CS1591: Missing XML comment for publicly visible type or member 'AuditLogResponseDto.Id' [C:\Users\HP\AttendanceSystem\src\AttendanceSystem.API\AttendanceSystem.API.csproj]
C:\Users\HP\AttendanceSystem\src\AttendanceSystem.API\Controllers\EnterpriseApiControllers.cs(401,58): warning CS1591: Missing XML comment for publicly visible type or member 'AuditLogResponseDto.Actor' [C:\Users\HP\AttendanceSystem\src\AttendanceSystem.API\AttendanceSystem.API.csproj]
C:\Users\HP\AttendanceSystem\src\AttendanceSystem.API\Controllers\EnterpriseApiControllers.cs(401,72): warning CS1591: Missing XML comment for publicly visible type or member 'AuditLogResponseDto.Action' [C:\Users\HP\AttendanceSystem\src\AttendanceSystem.API\AttendanceSystem.API.csproj]
C:\Users\HP\AttendanceSystem\src\AttendanceSystem.API\Controllers\EnterpriseApiControllers.cs(401,87): warning CS1591: Missing XML comment for publicly visible type or member 'AuditLogResponseDto.EntityName' [C:\Users\HP\AttendanceSystem\src\AttendanceSystem.API\AttendanceSystem.API.csproj]
C:\Users\HP\AttendanceSystem\src\AttendanceSystem.API\Controllers\EnterpriseApiControllers.cs(401,108): warning CS1591: Missing XML comment for publicly visible type or member 'AuditLogResponseDto.CreatedAt' [C:\Users\HP\AttendanceSystem\src\AttendanceSystem.API\AttendanceSystem.API.csproj]
C:\Users\HP\AttendanceSystem\src\AttendanceSystem.API\Controllers\EnterpriseApiControllers.cs(406,21): warning CS1591: Missing XML comment for publicly visible type or member 'NotificationsController' [C:\Users\HP\AttendanceSystem\src\AttendanceSystem.API\AttendanceSystem.API.csproj]
C:\Users\HP\AttendanceSystem\src\AttendanceSystem.API\Controllers\EnterpriseApiControllers.cs(409,26): warning CS1591: Missing XML comment for publicly visible type or member 'NotificationsController.List(NotificationQueryDto)' [C:\Users\HP\AttendanceSystem\src\AttendanceSystem.API\AttendanceSystem.API.csproj]
C:\Users\HP\AttendanceSystem\src\AttendanceSystem.API\Controllers\EnterpriseApiControllers.cs(413,26): warning CS1591: Missing XML comment for publicly visible type or member 'NotificationsController.MarkAsRead(Guid)' [C:\Users\HP\AttendanceSystem\src\AttendanceSystem.API\AttendanceSystem.API.csproj]
C:\Users\HP\AttendanceSystem\src\AttendanceSystem.API\Controllers\EnterpriseApiControllers.cs(417,26): warning CS1591: Missing XML comment for publicly visible type or member 'NotificationsController.UnreadCount()' [C:\Users\HP\AttendanceSystem\src\AttendanceSystem.API\AttendanceSystem.API.csproj]
C:\Users\HP\AttendanceSystem\src\AttendanceSystem.API\Controllers\EnterpriseApiControllers.cs(421,26): warning CS1591: Missing XML comment for publicly visible type or member 'NotificationsController.ReadAll()' [C:\Users\HP\AttendanceSystem\src\AttendanceSystem.API\AttendanceSystem.API.csproj]
C:\Users\HP\AttendanceSystem\src\AttendanceSystem.API\Controllers\EnterpriseApiControllers.cs(426,26): warning CS1591: Missing XML comment for publicly visible type or member 'NotificationsController.Broadcast(BroadcastNotificationRequestDto)' [C:\Users\HP\AttendanceSystem\src\AttendanceSystem.API\AttendanceSystem.API.csproj]
C:\Users\HP\AttendanceSystem\src\AttendanceSystem.API\Controllers\EnterpriseApiControllers.cs(430,22): warning CS1591: Missing XML comment for publicly visible type or member 'NotificationQueryDto' [C:\Users\HP\AttendanceSystem\src\AttendanceSystem.API\AttendanceSystem.API.csproj]
C:\Users\HP\AttendanceSystem\src\AttendanceSystem.API\Controllers\EnterpriseApiControllers.cs(430,22): warning CS1591: Missing XML comment for publicly visible type or member 'NotificationQueryDto.NotificationQueryDto(bool?, int, int)' [C:\Users\HP\AttendanceSystem\src\AttendanceSystem.API\AttendanceSystem.API.csproj]
C:\Users\HP\AttendanceSystem\src\AttendanceSystem.API\Controllers\EnterpriseApiControllers.cs(430,49): warning CS1591: Missing XML comment for publicly visible type or member 'NotificationQueryDto.IsRead' [C:\Users\HP\AttendanceSystem\src\AttendanceSystem.API\AttendanceSystem.API.csproj]
C:\Users\HP\AttendanceSystem\src\AttendanceSystem.API\Controllers\EnterpriseApiControllers.cs(430,61): warning CS1591: Missing XML comment for publicly visible type or member 'NotificationQueryDto.PageNumber' [C:\Users\HP\AttendanceSystem\src\AttendanceSystem.API\AttendanceSystem.API.csproj]
C:\Users\HP\AttendanceSystem\src\AttendanceSystem.API\Controllers\EnterpriseApiControllers.cs(430,81): warning CS1591: Missing XML comment for publicly visible type or member 'NotificationQueryDto.PageSize' [C:\Users\HP\AttendanceSystem\src\AttendanceSystem.API\AttendanceSystem.API.csproj]
C:\Users\HP\AttendanceSystem\src\AttendanceSystem.API\Controllers\EnterpriseApiControllers.cs(431,22): warning CS1591: Missing XML comment for publicly visible type or member 'BroadcastNotificationRequestDto' [C:\Users\HP\AttendanceSystem\src\AttendanceSystem.API\AttendanceSystem.API.csproj]
C:\Users\HP\AttendanceSystem\src\AttendanceSystem.API\Controllers\EnterpriseApiControllers.cs(431,22): warning CS1591: Missing XML comment for publicly visible type or member 'BroadcastNotificationRequestDto.BroadcastNotificationRequestDto(string, string, string, IReadOnlyList<Guid>?)' [C:\Users\HP\AttendanceSystem\src\AttendanceSystem.API\AttendanceSystem.API.csproj]
C:\Users\HP\AttendanceSystem\src\AttendanceSystem.API\Controllers\EnterpriseApiControllers.cs(431,61): warning CS1591: Missing XML comment for publicly visible type or member 'BroadcastNotificationRequestDto.Title' [C:\Users\HP\AttendanceSystem\src\AttendanceSystem.API\AttendanceSystem.API.csproj]
C:\Users\HP\AttendanceSystem\src\AttendanceSystem.API\Controllers\EnterpriseApiControllers.cs(431,75): warning CS1591: Missing XML comment for publicly visible type or member 'BroadcastNotificationRequestDto.Message' [C:\Users\HP\AttendanceSystem\src\AttendanceSystem.API\AttendanceSystem.API.csproj]
C:\Users\HP\AttendanceSystem\src\AttendanceSystem.API\Controllers\EnterpriseApiControllers.cs(431,91): warning CS1591: Missing XML comment for publicly visible type or member 'BroadcastNotificationRequestDto.Audience' [C:\Users\HP\AttendanceSystem\src\AttendanceSystem.API\AttendanceSystem.API.csproj]
C:\Users\HP\AttendanceSystem\src\AttendanceSystem.API\Controllers\EnterpriseApiControllers.cs(431,122): warning CS1591: Missing XML comment for publicly visible type or member 'BroadcastNotificationRequestDto.EmployeeIds' [C:\Users\HP\AttendanceSystem\src\AttendanceSystem.API\AttendanceSystem.API.csproj]
C:\Users\HP\AttendanceSystem\src\AttendanceSystem.API\Controllers\EnterpriseApiControllers.cs(432,22): warning CS1591: Missing XML comment for publicly visible type or member 'NotificationResponseDto' [C:\Users\HP\AttendanceSystem\src\AttendanceSystem.API\AttendanceSystem.API.csproj]
C:\Users\HP\AttendanceSystem\src\AttendanceSystem.API\Controllers\EnterpriseApiControllers.cs(432,22): warning CS1591: Missing XML comment for publicly visible type or member 'NotificationResponseDto.NotificationResponseDto(Guid, string, string, string, bool, DateTime)' [C:\Users\HP\AttendanceSystem\src\AttendanceSystem.API\AttendanceSystem.API.csproj]
C:\Users\HP\AttendanceSystem\src\AttendanceSystem.API\Controllers\EnterpriseApiControllers.cs(432,51): warning CS1591: Missing XML comment for publicly visible type or member 'NotificationResponseDto.Id' [C:\Users\HP\AttendanceSystem\src\AttendanceSystem.API\AttendanceSystem.API.csproj]
C:\Users\HP\AttendanceSystem\src\AttendanceSystem.API\Controllers\EnterpriseApiControllers.cs(432,62): warning CS1591: Missing XML comment for publicly visible type or member 'NotificationResponseDto.Title' [C:\Users\HP\AttendanceSystem\src\AttendanceSystem.API\AttendanceSystem.API.csproj]
C:\Users\HP\AttendanceSystem\src\AttendanceSystem.API\Controllers\EnterpriseApiControllers.cs(432,76): warning CS1591: Missing XML comment for publicly visible type or member 'NotificationResponseDto.Message' [C:\Users\HP\AttendanceSystem\src\AttendanceSystem.API\AttendanceSystem.API.csproj]
C:\Users\HP\AttendanceSystem\src\AttendanceSystem.API\Controllers\EnterpriseApiControllers.cs(432,92): warning CS1591: Missing XML comment for publicly visible type or member 'NotificationResponseDto.Type' [C:\Users\HP\AttendanceSystem\src\AttendanceSystem.API\AttendanceSystem.API.csproj]
C:\Users\HP\AttendanceSystem\src\AttendanceSystem.API\Controllers\EnterpriseApiControllers.cs(432,103): warning CS1591: Missing XML comment for publicly visible type or member 'NotificationResponseDto.IsRead' [C:\Users\HP\AttendanceSystem\src\AttendanceSystem.API\AttendanceSystem.API.csproj]
C:\Users\HP\AttendanceSystem\src\AttendanceSystem.API\Controllers\EnterpriseApiControllers.cs(432,120): warning CS1591: Missing XML comment for publicly visible type or member 'NotificationResponseDto.CreatedAt' [C:\Users\HP\AttendanceSystem\src\AttendanceSystem.API\AttendanceSystem.API.csproj]
C:\Users\HP\AttendanceSystem\src\AttendanceSystem.API\Controllers\EnterpriseApiControllers.cs(433,22): warning CS1591: Missing XML comment for publicly visible type or member 'UnreadNotificationCountResponseDto' [C:\Users\HP\AttendanceSystem\src\AttendanceSystem.API\AttendanceSystem.API.csproj]
C:\Users\HP\AttendanceSystem\src\AttendanceSystem.API\Controllers\EnterpriseApiControllers.cs(433,22): warning CS1591: Missing XML comment for publicly visible type or member 'UnreadNotificationCountResponseDto.UnreadNotificationCountResponseDto(int)' [C:\Users\HP\AttendanceSystem\src\AttendanceSystem.API\AttendanceSystem.API.csproj]
C:\Users\HP\AttendanceSystem\src\AttendanceSystem.API\Controllers\EnterpriseApiControllers.cs(433,61): warning CS1591: Missing XML comment for publicly visible type or member 'UnreadNotificationCountResponseDto.Count' [C:\Users\HP\AttendanceSystem\src\AttendanceSystem.API\AttendanceSystem.API.csproj]
C:\Users\HP\AttendanceSystem\src\AttendanceSystem.API\Controllers\EnterpriseApiControllers.cs(438,21): warning CS1591: Missing XML comment for publicly visible type or member 'WorkSchedulesController' [C:\Users\HP\AttendanceSystem\src\AttendanceSystem.API\AttendanceSystem.API.csproj]
C:\Users\HP\AttendanceSystem\src\AttendanceSystem.API\Controllers\EnterpriseApiControllers.cs(442,26): warning CS1591: Missing XML comment for publicly visible type or member 'WorkSchedulesController.Create(CreateWorkScheduleRequestDto)' [C:\Users\HP\AttendanceSystem\src\AttendanceSystem.API\AttendanceSystem.API.csproj]
C:\Users\HP\AttendanceSystem\src\AttendanceSystem.API\Controllers\EnterpriseApiControllers.cs(446,26): warning CS1591: Missing XML comment for publicly visible type or member 'WorkSchedulesController.List(WorkScheduleQueryDto)' [C:\Users\HP\AttendanceSystem\src\AttendanceSystem.API\AttendanceSystem.API.csproj]
C:\Users\HP\AttendanceSystem\src\AttendanceSystem.API\Controllers\EnterpriseApiControllers.cs(450,26): warning CS1591: Missing XML comment for publicly visible type or member 'WorkSchedulesController.Details(Guid)' [C:\Users\HP\AttendanceSystem\src\AttendanceSystem.API\AttendanceSystem.API.csproj]
C:\Users\HP\AttendanceSystem\src\AttendanceSystem.API\Controllers\EnterpriseApiControllers.cs(455,26): warning CS1591: Missing XML comment for publicly visible type or member 'WorkSchedulesController.Update(Guid, UpdateWorkScheduleRequestDto)' [C:\Users\HP\AttendanceSystem\src\AttendanceSystem.API\AttendanceSystem.API.csproj]
C:\Users\HP\AttendanceSystem\src\AttendanceSystem.API\Controllers\EnterpriseApiControllers.cs(460,26): warning CS1591: Missing XML comment for publicly visible type or member 'WorkSchedulesController.Delete(Guid)' [C:\Users\HP\AttendanceSystem\src\AttendanceSystem.API\AttendanceSystem.API.csproj]
C:\Users\HP\AttendanceSystem\src\AttendanceSystem.API\Controllers\EnterpriseApiControllers.cs(465,26): warning CS1591: Missing XML comment for publicly visible type or member 'WorkSchedulesController.Assign(Guid, AssignWorkScheduleRequestDto)' [C:\Users\HP\AttendanceSystem\src\AttendanceSystem.API\AttendanceSystem.API.csproj]
C:\Users\HP\AttendanceSystem\src\AttendanceSystem.API\Controllers\EnterpriseApiControllers.cs(469,26): warning CS1591: Missing XML comment for publicly visible type or member 'WorkSchedulesController.Statistics(DateRangeQueryDto)' [C:\Users\HP\AttendanceSystem\src\AttendanceSystem.API\AttendanceSystem.API.csproj]
C:\Users\HP\AttendanceSystem\src\AttendanceSystem.API\Controllers\EnterpriseApiControllers.cs(474,26): warning CS1591: Missing XML comment for publicly visible type or member 'WorkSchedulesController.BulkAssign(AssignWorkScheduleRequestDto)' [C:\Users\HP\AttendanceSystem\src\AttendanceSystem.API\AttendanceSystem.API.csproj]
C:\Users\HP\AttendanceSystem\src\AttendanceSystem.API\Controllers\EnterpriseApiControllers.cs(478,22): warning CS1591: Missing XML comment for publicly visible type or member 'CreateWorkScheduleRequestDto' [C:\Users\HP\AttendanceSystem\src\AttendanceSystem.API\AttendanceSystem.API.csproj]
C:\Users\HP\AttendanceSystem\src\AttendanceSystem.API\Controllers\EnterpriseApiControllers.cs(478,22): warning CS1591: Missing XML comment for publicly visible type or member 'CreateWorkScheduleRequestDto.CreateWorkScheduleRequestDto(string, TimeOnly, TimeOnly, TimeSpan, IReadOnlyList<DayOfWeek>, bool)' [C:\Users\HP\AttendanceSystem\src\AttendanceSystem.API\AttendanceSystem.API.csproj]
C:\Users\HP\AttendanceSystem\src\AttendanceSystem.API\Controllers\EnterpriseApiControllers.cs(478,58): warning CS1591: Missing XML comment for publicly visible type or member 'CreateWorkScheduleRequestDto.Name' [C:\Users\HP\AttendanceSystem\src\AttendanceSystem.API\AttendanceSystem.API.csproj]
C:\Users\HP\AttendanceSystem\src\AttendanceSystem.API\Controllers\EnterpriseApiControllers.cs(478,73): warning CS1591: Missing XML comment for publicly visible type or member 'CreateWorkScheduleRequestDto.StartTime' [C:\Users\HP\AttendanceSystem\src\AttendanceSystem.API\AttendanceSystem.API.csproj]
C:\Users\HP\AttendanceSystem\src\AttendanceSystem.API\Controllers\EnterpriseApiControllers.cs(478,93): warning CS1591: Missing XML comment for publicly visible type or member 'CreateWorkScheduleRequestDto.EndTime' [C:\Users\HP\AttendanceSystem\src\AttendanceSystem.API\AttendanceSystem.API.csproj]
C:\Users\HP\AttendanceSystem\src\AttendanceSystem.API\Controllers\EnterpriseApiControllers.cs(478,111): warning CS1591: Missing XML comment for publicly visible type or member 'CreateWorkScheduleRequestDto.GracePeriod' [C:\Users\HP\AttendanceSystem\src\AttendanceSystem.API\AttendanceSystem.API.csproj]
C:\Users\HP\AttendanceSystem\src\AttendanceSystem.API\Controllers\EnterpriseApiControllers.cs(478,149): warning CS1591: Missing XML comment for publicly visible type or member 'CreateWorkScheduleRequestDto.WorkingDays' [C:\Users\HP\AttendanceSystem\src\AttendanceSystem.API\AttendanceSystem.API.csproj]
C:\Users\HP\AttendanceSystem\src\AttendanceSystem.API\Controllers\EnterpriseApiControllers.cs(478,167): warning CS1591: Missing XML comment for publicly visible type or member 'CreateWorkScheduleRequestDto.IsFlexible' [C:\Users\HP\AttendanceSystem\src\AttendanceSystem.API\AttendanceSystem.API.csproj]
C:\Users\HP\AttendanceSystem\src\AttendanceSystem.API\Controllers\EnterpriseApiControllers.cs(479,22): warning CS1591: Missing XML comment for publicly visible type or member 'UpdateWorkScheduleRequestDto' [C:\Users\HP\AttendanceSystem\src\AttendanceSystem.API\AttendanceSystem.API.csproj]
C:\Users\HP\AttendanceSystem\src\AttendanceSystem.API\Controllers\EnterpriseApiControllers.cs(479,22): warning CS1591: Missing XML comment for publicly visible type or member 'UpdateWorkScheduleRequestDto.UpdateWorkScheduleRequestDto(string, TimeOnly, TimeOnly, TimeSpan, IReadOnlyList<DayOfWeek>, bool, bool)' [C:\Users\HP\AttendanceSystem\src\AttendanceSystem.API\AttendanceSystem.API.csproj]
C:\Users\HP\AttendanceSystem\src\AttendanceSystem.API\Controllers\EnterpriseApiControllers.cs(479,58): warning CS1591: Missing XML comment for publicly visible type or member 'UpdateWorkScheduleRequestDto.Name' [C:\Users\HP\AttendanceSystem\src\AttendanceSystem.API\AttendanceSystem.API.csproj]
C:\Users\HP\AttendanceSystem\src\AttendanceSystem.API\Controllers\EnterpriseApiControllers.cs(479,73): warning CS1591: Missing XML comment for publicly visible type or member 'UpdateWorkScheduleRequestDto.StartTime' [C:\Users\HP\AttendanceSystem\src\AttendanceSystem.API\AttendanceSystem.API.csproj]
C:\Users\HP\AttendanceSystem\src\AttendanceSystem.API\Controllers\EnterpriseApiControllers.cs(479,93): warning CS1591: Missing XML comment for publicly visible type or member 'UpdateWorkScheduleRequestDto.EndTime' [C:\Users\HP\AttendanceSystem\src\AttendanceSystem.API\AttendanceSystem.API.csproj]
C:\Users\HP\AttendanceSystem\src\AttendanceSystem.API\Controllers\EnterpriseApiControllers.cs(479,111): warning CS1591: Missing XML comment for publicly visible type or member 'UpdateWorkScheduleRequestDto.GracePeriod' [C:\Users\HP\AttendanceSystem\src\AttendanceSystem.API\AttendanceSystem.API.csproj]
C:\Users\HP\AttendanceSystem\src\AttendanceSystem.API\Controllers\EnterpriseApiControllers.cs(479,149): warning CS1591: Missing XML comment for publicly visible type or member 'UpdateWorkScheduleRequestDto.WorkingDays' [C:\Users\HP\AttendanceSystem\src\AttendanceSystem.API\AttendanceSystem.API.csproj]
C:\Users\HP\AttendanceSystem\src\AttendanceSystem.API\Controllers\EnterpriseApiControllers.cs(479,167): warning CS1591: Missing XML comment for publicly visible type or member 'UpdateWorkScheduleRequestDto.IsFlexible' [C:\Users\HP\AttendanceSystem\src\AttendanceSystem.API\AttendanceSystem.API.csproj]
C:\Users\HP\AttendanceSystem\src\AttendanceSystem.API\Controllers\EnterpriseApiControllers.cs(479,184): warning CS1591: Missing XML comment for publicly visible type or member 'UpdateWorkScheduleRequestDto.IsActive' [C:\Users\HP\AttendanceSystem\src\AttendanceSystem.API\AttendanceSystem.API.csproj]
C:\Users\HP\AttendanceSystem\src\AttendanceSystem.API\Controllers\EnterpriseApiControllers.cs(480,22): warning CS1591: Missing XML comment for publicly visible type or member 'AssignWorkScheduleRequestDto' [C:\Users\HP\AttendanceSystem\src\AttendanceSystem.API\AttendanceSystem.API.csproj]
C:\Users\HP\AttendanceSystem\src\AttendanceSystem.API\Controllers\EnterpriseApiControllers.cs(480,22): warning CS1591: Missing XML comment for publicly visible type or member 'AssignWorkScheduleRequestDto.AssignWorkScheduleRequestDto(Guid, IReadOnlyList<Guid>, DateOnly, DateOnly?)' [C:\Users\HP\AttendanceSystem\src\AttendanceSystem.API\AttendanceSystem.API.csproj]
C:\Users\HP\AttendanceSystem\src\AttendanceSystem.API\Controllers\EnterpriseApiControllers.cs(480,56): warning CS1591: Missing XML comment for publicly visible type or member 'AssignWorkScheduleRequestDto.WorkScheduleId' [C:\Users\HP\AttendanceSystem\src\AttendanceSystem.API\AttendanceSystem.API.csproj]
C:\Users\HP\AttendanceSystem\src\AttendanceSystem.API\Controllers\EnterpriseApiControllers.cs(480,92): warning CS1591: Missing XML comment for publicly visible type or member 'AssignWorkScheduleRequestDto.EmployeeIds' [C:\Users\HP\AttendanceSystem\src\AttendanceSystem.API\AttendanceSystem.API.csproj]
C:\Users\HP\AttendanceSystem\src\AttendanceSystem.API\Controllers\EnterpriseApiControllers.cs(480,114): warning CS1591: Missing XML comment for publicly visible type or member 'AssignWorkScheduleRequestDto.EffectiveFrom' [C:\Users\HP\AttendanceSystem\src\AttendanceSystem.API\AttendanceSystem.API.csproj]
C:\Users\HP\AttendanceSystem\src\AttendanceSystem.API\Controllers\EnterpriseApiControllers.cs(480,139): warning CS1591: Missing XML comment for publicly visible type or member 'AssignWorkScheduleRequestDto.EffectiveTo' [C:\Users\HP\AttendanceSystem\src\AttendanceSystem.API\AttendanceSystem.API.csproj]
C:\Users\HP\AttendanceSystem\src\AttendanceSystem.API\Controllers\EnterpriseApiControllers.cs(481,22): warning CS1591: Missing XML comment for publicly visible type or member 'WorkScheduleQueryDto' [C:\Users\HP\AttendanceSystem\src\AttendanceSystem.API\AttendanceSystem.API.csproj]
C:\Users\HP\AttendanceSystem\src\AttendanceSystem.API\Controllers\EnterpriseApiControllers.cs(481,22): warning CS1591: Missing XML comment for publicly visible type or member 'WorkScheduleQueryDto.WorkScheduleQueryDto(bool?, int, int)' [C:\Users\HP\AttendanceSystem\src\AttendanceSystem.API\AttendanceSystem.API.csproj]
C:\Users\HP\AttendanceSystem\src\AttendanceSystem.API\Controllers\EnterpriseApiControllers.cs(481,49): warning CS1591: Missing XML comment for publicly visible type or member 'WorkScheduleQueryDto.IsActive' [C:\Users\HP\AttendanceSystem\src\AttendanceSystem.API\AttendanceSystem.API.csproj]
C:\Users\HP\AttendanceSystem\src\AttendanceSystem.API\Controllers\EnterpriseApiControllers.cs(481,63): warning CS1591: Missing XML comment for publicly visible type or member 'WorkScheduleQueryDto.PageNumber' [C:\Users\HP\AttendanceSystem\src\AttendanceSystem.API\AttendanceSystem.API.csproj]
C:\Users\HP\AttendanceSystem\src\AttendanceSystem.API\Controllers\EnterpriseApiControllers.cs(481,83): warning CS1591: Missing XML comment for publicly visible type or member 'WorkScheduleQueryDto.PageSize' [C:\Users\HP\AttendanceSystem\src\AttendanceSystem.API\AttendanceSystem.API.csproj]
C:\Users\HP\AttendanceSystem\src\AttendanceSystem.API\Controllers\EnterpriseApiControllers.cs(482,22): warning CS1591: Missing XML comment for publicly visible type or member 'WorkScheduleResponseDto' [C:\Users\HP\AttendanceSystem\src\AttendanceSystem.API\AttendanceSystem.API.csproj]
C:\Users\HP\AttendanceSystem\src\AttendanceSystem.API\Controllers\EnterpriseApiControllers.cs(482,22): warning CS1591: Missing XML comment for publicly visible type or member 'WorkScheduleResponseDto.WorkScheduleResponseDto(Guid, string, TimeOnly, TimeOnly, TimeSpan, IReadOnlyList<DayOfWeek>, bool, bool)' [C:\Users\HP\AttendanceSystem\src\AttendanceSystem.API\AttendanceSystem.API.csproj]
C:\Users\HP\AttendanceSystem\src\AttendanceSystem.API\Controllers\EnterpriseApiControllers.cs(482,51): warning CS1591: Missing XML comment for publicly visible type or member 'WorkScheduleResponseDto.Id' [C:\Users\HP\AttendanceSystem\src\AttendanceSystem.API\AttendanceSystem.API.csproj]
C:\Users\HP\AttendanceSystem\src\AttendanceSystem.API\Controllers\EnterpriseApiControllers.cs(482,62): warning CS1591: Missing XML comment for publicly visible type or member 'WorkScheduleResponseDto.Name' [C:\Users\HP\AttendanceSystem\src\AttendanceSystem.API\AttendanceSystem.API.csproj]
C:\Users\HP\AttendanceSystem\src\AttendanceSystem.API\Controllers\EnterpriseApiControllers.cs(482,77): warning CS1591: Missing XML comment for publicly visible type or member 'WorkScheduleResponseDto.StartTime' [C:\Users\HP\AttendanceSystem\src\AttendanceSystem.API\AttendanceSystem.API.csproj]
C:\Users\HP\AttendanceSystem\src\AttendanceSystem.API\Controllers\EnterpriseApiControllers.cs(482,97): warning CS1591: Missing XML comment for publicly visible type or member 'WorkScheduleResponseDto.EndTime' [C:\Users\HP\AttendanceSystem\src\AttendanceSystem.API\AttendanceSystem.API.csproj]
C:\Users\HP\AttendanceSystem\src\AttendanceSystem.API\Controllers\EnterpriseApiControllers.cs(482,115): warning CS1591: Missing XML comment for publicly visible type or member 'WorkScheduleResponseDto.GracePeriod' [C:\Users\HP\AttendanceSystem\src\AttendanceSystem.API\AttendanceSystem.API.csproj]
C:\Users\HP\AttendanceSystem\src\AttendanceSystem.API\Controllers\EnterpriseApiControllers.cs(482,153): warning CS1591: Missing XML comment for publicly visible type or member 'WorkScheduleResponseDto.WorkingDays' [C:\Users\HP\AttendanceSystem\src\AttendanceSystem.API\AttendanceSystem.API.csproj]
C:\Users\HP\AttendanceSystem\src\AttendanceSystem.API\Controllers\EnterpriseApiControllers.cs(482,171): warning CS1591: Missing XML comment for publicly visible type or member 'WorkScheduleResponseDto.IsFlexible' [C:\Users\HP\AttendanceSystem\src\AttendanceSystem.API\AttendanceSystem.API.csproj]
C:\Users\HP\AttendanceSystem\src\AttendanceSystem.API\Controllers\EnterpriseApiControllers.cs(482,188): warning CS1591: Missing XML comment for publicly visible type or member 'WorkScheduleResponseDto.IsActive' [C:\Users\HP\AttendanceSystem\src\AttendanceSystem.API\AttendanceSystem.API.csproj]
C:\Users\HP\AttendanceSystem\src\AttendanceSystem.API\Controllers\EnterpriseApiControllers.cs(483,22): warning CS1591: Missing XML comment for publicly visible type or member 'WorkScheduleStatisticsResponseDto' [C:\Users\HP\AttendanceSystem\src\AttendanceSystem.API\AttendanceSystem.API.csproj]
C:\Users\HP\AttendanceSystem\src\AttendanceSystem.API\Controllers\EnterpriseApiControllers.cs(483,22): warning CS1591: Missing XML comment for publicly visible type or member 'WorkScheduleStatisticsResponseDto.WorkScheduleStatisticsResponseDto(int, int, int)' [C:\Users\HP\AttendanceSystem\src\AttendanceSystem.API\AttendanceSystem.API.csproj]
C:\Users\HP\AttendanceSystem\src\AttendanceSystem.API\Controllers\EnterpriseApiControllers.cs(483,60): warning CS1591: Missing XML comment for publicly visible type or member 'WorkScheduleStatisticsResponseDto.AssignedEmployees' [C:\Users\HP\AttendanceSystem\src\AttendanceSystem.API\AttendanceSystem.API.csproj]
C:\Users\HP\AttendanceSystem\src\AttendanceSystem.API\Controllers\EnterpriseApiControllers.cs(483,83): warning CS1591: Missing XML comment for publicly visible type or member 'WorkScheduleStatisticsResponseDto.ActiveSchedules' [C:\Users\HP\AttendanceSystem\src\AttendanceSystem.API\AttendanceSystem.API.csproj]
C:\Users\HP\AttendanceSystem\src\AttendanceSystem.API\Controllers\EnterpriseApiControllers.cs(483,104): warning CS1591: Missing XML comment for publicly visible type or member 'WorkScheduleStatisticsResponseDto.FlexibleSchedules' [C:\Users\HP\AttendanceSystem\src\AttendanceSystem.API\AttendanceSystem.API.csproj]
C:\Users\HP\AttendanceSystem\src\AttendanceSystem.API\Controllers\EnterpriseApiControllers.cs(484,22): warning CS1591: Missing XML comment for publicly visible type or member 'BulkOperationResultDto' [C:\Users\HP\AttendanceSystem\src\AttendanceSystem.API\AttendanceSystem.API.csproj]
C:\Users\HP\AttendanceSystem\src\AttendanceSystem.API\Controllers\EnterpriseApiControllers.cs(484,22): warning CS1591: Missing XML comment for publicly visible type or member 'BulkOperationResultDto.BulkOperationResultDto(int, int, int, IReadOnlyList<string>)' [C:\Users\HP\AttendanceSystem\src\AttendanceSystem.API\AttendanceSystem.API.csproj]
C:\Users\HP\AttendanceSystem\src\AttendanceSystem.API\Controllers\EnterpriseApiControllers.cs(484,49): warning CS1591: Missing XML comment for publicly visible type or member 'BulkOperationResultDto.Requested' [C:\Users\HP\AttendanceSystem\src\AttendanceSystem.API\AttendanceSystem.API.csproj]
C:\Users\HP\AttendanceSystem\src\AttendanceSystem.API\Controllers\EnterpriseApiControllers.cs(484,64): warning CS1591: Missing XML comment for publicly visible type or member 'BulkOperationResultDto.Succeeded' [C:\Users\HP\AttendanceSystem\src\AttendanceSystem.API\AttendanceSystem.API.csproj]
C:\Users\HP\AttendanceSystem\src\AttendanceSystem.API\Controllers\EnterpriseApiControllers.cs(484,79): warning CS1591: Missing XML comment for publicly visible type or member 'BulkOperationResultDto.Failed' [C:\Users\HP\AttendanceSystem\src\AttendanceSystem.API\AttendanceSystem.API.csproj]
C:\Users\HP\AttendanceSystem\src\AttendanceSystem.API\Controllers\EnterpriseApiControllers.cs(484,109): warning CS1591: Missing XML comment for publicly visible type or member 'BulkOperationResultDto.Errors' [C:\Users\HP\AttendanceSystem\src\AttendanceSystem.API\AttendanceSystem.API.csproj]
C:\Users\HP\AttendanceSystem\src\AttendanceSystem.API\Controllers\EnterpriseApiControllers.cs(489,21): warning CS1591: Missing XML comment for publicly visible type or member 'HolidaysController' [C:\Users\HP\AttendanceSystem\src\AttendanceSystem.API\AttendanceSystem.API.csproj]
C:\Users\HP\AttendanceSystem\src\AttendanceSystem.API\Controllers\EnterpriseApiControllers.cs(493,26): warning CS1591: Missing XML comment for publicly visible type or member 'HolidaysController.Create(CreateHolidayRequestDto)' [C:\Users\HP\AttendanceSystem\src\AttendanceSystem.API\AttendanceSystem.API.csproj]
C:\Users\HP\AttendanceSystem\src\AttendanceSystem.API\Controllers\EnterpriseApiControllers.cs(497,26): warning CS1591: Missing XML comment for publicly visible type or member 'HolidaysController.List(HolidayQueryDto)' [C:\Users\HP\AttendanceSystem\src\AttendanceSystem.API\AttendanceSystem.API.csproj]
C:\Users\HP\AttendanceSystem\src\AttendanceSystem.API\Controllers\EnterpriseApiControllers.cs(501,26): warning CS1591: Missing XML comment for publicly visible type or member 'HolidaysController.Details(Guid)' [C:\Users\HP\AttendanceSystem\src\AttendanceSystem.API\AttendanceSystem.API.csproj]
C:\Users\HP\AttendanceSystem\src\AttendanceSystem.API\Controllers\EnterpriseApiControllers.cs(506,26): warning CS1591: Missing XML comment for publicly visible type or member 'HolidaysController.Update(Guid, UpdateHolidayRequestDto)' [C:\Users\HP\AttendanceSystem\src\AttendanceSystem.API\AttendanceSystem.API.csproj]
C:\Users\HP\AttendanceSystem\src\AttendanceSystem.API\Controllers\EnterpriseApiControllers.cs(511,26): warning CS1591: Missing XML comment for publicly visible type or member 'HolidaysController.Delete(Guid)' [C:\Users\HP\AttendanceSystem\src\AttendanceSystem.API\AttendanceSystem.API.csproj]
C:\Users\HP\AttendanceSystem\src\AttendanceSystem.API\Controllers\EnterpriseApiControllers.cs(516,26): warning CS1591: Missing XML comment for publicly visible type or member 'HolidaysController.Import(ImportHolidayRequestDto)' [C:\Users\HP\AttendanceSystem\src\AttendanceSystem.API\AttendanceSystem.API.csproj]
C:\Users\HP\AttendanceSystem\src\AttendanceSystem.API\Controllers\EnterpriseApiControllers.cs(520,22): warning CS1591: Missing XML comment for publicly visible type or member 'CreateHolidayRequestDto' [C:\Users\HP\AttendanceSystem\src\AttendanceSystem.API\AttendanceSystem.API.csproj]
C:\Users\HP\AttendanceSystem\src\AttendanceSystem.API\Controllers\EnterpriseApiControllers.cs(520,22): warning CS1591: Missing XML comment for publicly visible type or member 'CreateHolidayRequestDto.CreateHolidayRequestDto(string, DateOnly, bool, string?)' [C:\Users\HP\AttendanceSystem\src\AttendanceSystem.API\AttendanceSystem.API.csproj]
C:\Users\HP\AttendanceSystem\src\AttendanceSystem.API\Controllers\EnterpriseApiControllers.cs(520,53): warning CS1591: Missing XML comment for publicly visible type or member 'CreateHolidayRequestDto.Name' [C:\Users\HP\AttendanceSystem\src\AttendanceSystem.API\AttendanceSystem.API.csproj]
C:\Users\HP\AttendanceSystem\src\AttendanceSystem.API\Controllers\EnterpriseApiControllers.cs(520,68): warning CS1591: Missing XML comment for publicly visible type or member 'CreateHolidayRequestDto.Date' [C:\Users\HP\AttendanceSystem\src\AttendanceSystem.API\AttendanceSystem.API.csproj]
C:\Users\HP\AttendanceSystem\src\AttendanceSystem.API\Controllers\EnterpriseApiControllers.cs(520,79): warning CS1591: Missing XML comment for publicly visible type or member 'CreateHolidayRequestDto.IsRecurring' [C:\Users\HP\AttendanceSystem\src\AttendanceSystem.API\AttendanceSystem.API.csproj]
C:\Users\HP\AttendanceSystem\src\AttendanceSystem.API\Controllers\EnterpriseApiControllers.cs(520,100): warning CS1591: Missing XML comment for publicly visible type or member 'CreateHolidayRequestDto.Description' [C:\Users\HP\AttendanceSystem\src\AttendanceSystem.API\AttendanceSystem.API.csproj]
C:\Users\HP\AttendanceSystem\src\AttendanceSystem.API\Controllers\EnterpriseApiControllers.cs(521,22): warning CS1591: Missing XML comment for publicly visible type or member 'UpdateHolidayRequestDto' [C:\Users\HP\AttendanceSystem\src\AttendanceSystem.API\AttendanceSystem.API.csproj]
C:\Users\HP\AttendanceSystem\src\AttendanceSystem.API\Controllers\EnterpriseApiControllers.cs(521,22): warning CS1591: Missing XML comment for publicly visible type or member 'UpdateHolidayRequestDto.UpdateHolidayRequestDto(string, DateOnly, bool, string?)' [C:\Users\HP\AttendanceSystem\src\AttendanceSystem.API\AttendanceSystem.API.csproj]
C:\Users\HP\AttendanceSystem\src\AttendanceSystem.API\Controllers\EnterpriseApiControllers.cs(521,53): warning CS1591: Missing XML comment for publicly visible type or member 'UpdateHolidayRequestDto.Name' [C:\Users\HP\AttendanceSystem\src\AttendanceSystem.API\AttendanceSystem.API.csproj]
C:\Users\HP\AttendanceSystem\src\AttendanceSystem.API\Controllers\EnterpriseApiControllers.cs(521,68): warning CS1591: Missing XML comment for publicly visible type or member 'UpdateHolidayRequestDto.Date' [C:\Users\HP\AttendanceSystem\src\AttendanceSystem.API\AttendanceSystem.API.csproj]
C:\Users\HP\AttendanceSystem\src\AttendanceSystem.API\Controllers\EnterpriseApiControllers.cs(521,79): warning CS1591: Missing XML comment for publicly visible type or member 'UpdateHolidayRequestDto.IsRecurring' [C:\Users\HP\AttendanceSystem\src\AttendanceSystem.API\AttendanceSystem.API.csproj]
C:\Users\HP\AttendanceSystem\src\AttendanceSystem.API\Controllers\EnterpriseApiControllers.cs(521,100): warning CS1591: Missing XML comment for publicly visible type or member 'UpdateHolidayRequestDto.Description' [C:\Users\HP\AttendanceSystem\src\AttendanceSystem.API\AttendanceSystem.API.csproj]
C:\Users\HP\AttendanceSystem\src\AttendanceSystem.API\Controllers\EnterpriseApiControllers.cs(522,22): warning CS1591: Missing XML comment for publicly visible type or member 'HolidayQueryDto' [C:\Users\HP\AttendanceSystem\src\AttendanceSystem.API\AttendanceSystem.API.csproj]
C:\Users\HP\AttendanceSystem\src\AttendanceSystem.API\Controllers\EnterpriseApiControllers.cs(522,22): warning CS1591: Missing XML comment for publicly visible type or member 'HolidayQueryDto.HolidayQueryDto(int?, DateOnly?, DateOnly?, int, int)' [C:\Users\HP\AttendanceSystem\src\AttendanceSystem.API\AttendanceSystem.API.csproj]
C:\Users\HP\AttendanceSystem\src\AttendanceSystem.API\Controllers\EnterpriseApiControllers.cs(522,43): warning CS1591: Missing XML comment for publicly visible type or member 'HolidayQueryDto.Year' [C:\Users\HP\AttendanceSystem\src\AttendanceSystem.API\AttendanceSystem.API.csproj]
C:\Users\HP\AttendanceSystem\src\AttendanceSystem.API\Controllers\EnterpriseApiControllers.cs(522,59): warning CS1591: Missing XML comment for publicly visible type or member 'HolidayQueryDto.From' [C:\Users\HP\AttendanceSystem\src\AttendanceSystem.API\AttendanceSystem.API.csproj]
C:\Users\HP\AttendanceSystem\src\AttendanceSystem.API\Controllers\EnterpriseApiControllers.cs(522,75): warning CS1591: Missing XML comment for publicly visible type or member 'HolidayQueryDto.To' [C:\Users\HP\AttendanceSystem\src\AttendanceSystem.API\AttendanceSystem.API.csproj]
C:\Users\HP\AttendanceSystem\src\AttendanceSystem.API\Controllers\EnterpriseApiControllers.cs(522,83): warning CS1591: Missing XML comment for publicly visible type or member 'HolidayQueryDto.PageNumber' [C:\Users\HP\AttendanceSystem\src\AttendanceSystem.API\AttendanceSystem.API.csproj]
C:\Users\HP\AttendanceSystem\src\AttendanceSystem.API\Controllers\EnterpriseApiControllers.cs(522,103): warning CS1591: Missing XML comment for publicly visible type or member 'HolidayQueryDto.PageSize' [C:\Users\HP\AttendanceSystem\src\AttendanceSystem.API\AttendanceSystem.API.csproj]
C:\Users\HP\AttendanceSystem\src\AttendanceSystem.API\Controllers\EnterpriseApiControllers.cs(523,22): warning CS1591: Missing XML comment for publicly visible type or member 'ImportHolidayRequestDto' [C:\Users\HP\AttendanceSystem\src\AttendanceSystem.API\AttendanceSystem.API.csproj]
C:\Users\HP\AttendanceSystem\src\AttendanceSystem.API\Controllers\EnterpriseApiControllers.cs(523,22): warning CS1591: Missing XML comment for publicly visible type or member 'ImportHolidayRequestDto.ImportHolidayRequestDto(IFormFile, int)' [C:\Users\HP\AttendanceSystem\src\AttendanceSystem.API\AttendanceSystem.API.csproj]
C:\Users\HP\AttendanceSystem\src\AttendanceSystem.API\Controllers\EnterpriseApiControllers.cs(523,56): warning CS1591: Missing XML comment for publicly visible type or member 'ImportHolidayRequestDto.File' [C:\Users\HP\AttendanceSystem\src\AttendanceSystem.API\AttendanceSystem.API.csproj]
C:\Users\HP\AttendanceSystem\src\AttendanceSystem.API\Controllers\EnterpriseApiControllers.cs(523,66): warning CS1591: Missing XML comment for publicly visible type or member 'ImportHolidayRequestDto.Year' [C:\Users\HP\AttendanceSystem\src\AttendanceSystem.API\AttendanceSystem.API.csproj]
C:\Users\HP\AttendanceSystem\src\AttendanceSystem.API\Controllers\EnterpriseApiControllers.cs(524,22): warning CS1591: Missing XML comment for publicly visible type or member 'HolidayResponseDto' [C:\Users\HP\AttendanceSystem\src\AttendanceSystem.API\AttendanceSystem.API.csproj]
C:\Users\HP\AttendanceSystem\src\AttendanceSystem.API\Controllers\EnterpriseApiControllers.cs(524,22): warning CS1591: Missing XML comment for publicly visible type or member 'HolidayResponseDto.HolidayResponseDto(Guid, string, DateOnly, bool, string?)' [C:\Users\HP\AttendanceSystem\src\AttendanceSystem.API\AttendanceSystem.API.csproj]
C:\Users\HP\AttendanceSystem\src\AttendanceSystem.API\Controllers\EnterpriseApiControllers.cs(524,46): warning CS1591: Missing XML comment for publicly visible type or member 'HolidayResponseDto.Id' [C:\Users\HP\AttendanceSystem\src\AttendanceSystem.API\AttendanceSystem.API.csproj]
C:\Users\HP\AttendanceSystem\src\AttendanceSystem.API\Controllers\EnterpriseApiControllers.cs(524,57): warning CS1591: Missing XML comment for publicly visible type or member 'HolidayResponseDto.Name' [C:\Users\HP\AttendanceSystem\src\AttendanceSystem.API\AttendanceSystem.API.csproj]
C:\Users\HP\AttendanceSystem\src\AttendanceSystem.API\Controllers\EnterpriseApiControllers.cs(524,72): warning CS1591: Missing XML comment for publicly visible type or member 'HolidayResponseDto.Date' [C:\Users\HP\AttendanceSystem\src\AttendanceSystem.API\AttendanceSystem.API.csproj]
C:\Users\HP\AttendanceSystem\src\AttendanceSystem.API\Controllers\EnterpriseApiControllers.cs(524,83): warning CS1591: Missing XML comment for publicly visible type or member 'HolidayResponseDto.IsRecurring' [C:\Users\HP\AttendanceSystem\src\AttendanceSystem.API\AttendanceSystem.API.csproj]
C:\Users\HP\AttendanceSystem\src\AttendanceSystem.API\Controllers\EnterpriseApiControllers.cs(524,104): warning CS1591: Missing XML comment for publicly visible type or member 'HolidayResponseDto.Description' [C:\Users\HP\AttendanceSystem\src\AttendanceSystem.API\AttendanceSystem.API.csproj]
C:\Users\HP\AttendanceSystem\src\AttendanceSystem.API\Controllers\EnterpriseApiControllers.cs(529,21): warning CS1591: Missing XML comment for publicly visible type or member 'ProfileController' [C:\Users\HP\AttendanceSystem\src\AttendanceSystem.API\AttendanceSystem.API.csproj]
C:\Users\HP\AttendanceSystem\src\AttendanceSystem.API\Controllers\EnterpriseApiControllers.cs(532,26): warning CS1591: Missing XML comment for publicly visible type or member 'ProfileController.Me()' [C:\Users\HP\AttendanceSystem\src\AttendanceSystem.API\AttendanceSystem.API.csproj]
C:\Users\HP\AttendanceSystem\src\AttendanceSystem.API\Controllers\EnterpriseApiControllers.cs(536,26): warning CS1591: Missing XML comment for publicly visible type or member 'ProfileController.Update(UpdateProfileRequestDto)' [C:\Users\HP\AttendanceSystem\src\AttendanceSystem.API\AttendanceSystem.API.csproj]
C:\Users\HP\AttendanceSystem\src\AttendanceSystem.API\Controllers\EnterpriseApiControllers.cs(540,26): warning CS1591: Missing XML comment for publicly visible type or member 'ProfileController.UploadPhoto(UploadProfilePhotoRequestDto)' [C:\Users\HP\AttendanceSystem\src\AttendanceSystem.API\AttendanceSystem.API.csproj]
C:\Users\HP\AttendanceSystem\src\AttendanceSystem.API\Controllers\EnterpriseApiControllers.cs(544,26): warning CS1591: Missing XML comment for publicly visible type or member 'ProfileController.DeletePhoto()' [C:\Users\HP\AttendanceSystem\src\AttendanceSystem.API\AttendanceSystem.API.csproj]
C:\Users\HP\AttendanceSystem\src\AttendanceSystem.API\Controllers\EnterpriseApiControllers.cs(548,22): warning CS1591: Missing XML comment for publicly visible type or member 'UpdateProfileRequestDto' [C:\Users\HP\AttendanceSystem\src\AttendanceSystem.API\AttendanceSystem.API.csproj]
C:\Users\HP\AttendanceSystem\src\AttendanceSystem.API\Controllers\EnterpriseApiControllers.cs(548,22): warning CS1591: Missing XML comment for publicly visible type or member 'UpdateProfileRequestDto.UpdateProfileRequestDto(string?, string?, string?)' [C:\Users\HP\AttendanceSystem\src\AttendanceSystem.API\AttendanceSystem.API.csproj]
C:\Users\HP\AttendanceSystem\src\AttendanceSystem.API\Controllers\EnterpriseApiControllers.cs(548,54): warning CS1591: Missing XML comment for publicly visible type or member 'UpdateProfileRequestDto.PhoneNumber' [C:\Users\HP\AttendanceSystem\src\AttendanceSystem.API\AttendanceSystem.API.csproj]
C:\Users\HP\AttendanceSystem\src\AttendanceSystem.API\Controllers\EnterpriseApiControllers.cs(548,75): warning CS1591: Missing XML comment for publicly visible type or member 'UpdateProfileRequestDto.PreferredLanguage' [C:\Users\HP\AttendanceSystem\src\AttendanceSystem.API\AttendanceSystem.API.csproj]
C:\Users\HP\AttendanceSystem\src\AttendanceSystem.API\Controllers\EnterpriseApiControllers.cs(548,102): warning CS1591: Missing XML comment for publicly visible type or member 'UpdateProfileRequestDto.TimeZone' [C:\Users\HP\AttendanceSystem\src\AttendanceSystem.API\AttendanceSystem.API.csproj]
C:\Users\HP\AttendanceSystem\src\AttendanceSystem.API\Controllers\EnterpriseApiControllers.cs(549,22): warning CS1591: Missing XML comment for publicly visible type or member 'UploadProfilePhotoRequestDto' [C:\Users\HP\AttendanceSystem\src\AttendanceSystem.API\AttendanceSystem.API.csproj]
C:\Users\HP\AttendanceSystem\src\AttendanceSystem.API\Controllers\EnterpriseApiControllers.cs(549,22): warning CS1591: Missing XML comment for publicly visible type or member 'UploadProfilePhotoRequestDto.UploadProfilePhotoRequestDto(IFormFile)' [C:\Users\HP\AttendanceSystem\src\AttendanceSystem.API\AttendanceSystem.API.csproj]
C:\Users\HP\AttendanceSystem\src\AttendanceSystem.API\Controllers\EnterpriseApiControllers.cs(549,61): warning CS1591: Missing XML comment for publicly visible type or member 'UploadProfilePhotoRequestDto.File' [C:\Users\HP\AttendanceSystem\src\AttendanceSystem.API\AttendanceSystem.API.csproj]
C:\Users\HP\AttendanceSystem\src\AttendanceSystem.API\Controllers\EnterpriseApiControllers.cs(550,22): warning CS1591: Missing XML comment for publicly visible type or member 'UserProfileResponseDto' [C:\Users\HP\AttendanceSystem\src\AttendanceSystem.API\AttendanceSystem.API.csproj]
C:\Users\HP\AttendanceSystem\src\AttendanceSystem.API\Controllers\EnterpriseApiControllers.cs(550,22): warning CS1591: Missing XML comment for publicly visible type or member 'UserProfileResponseDto.UserProfileResponseDto(Guid, Guid, string, string, string?, string?, IReadOnlyList<string>)' [C:\Users\HP\AttendanceSystem\src\AttendanceSystem.API\AttendanceSystem.API.csproj]
C:\Users\HP\AttendanceSystem\src\AttendanceSystem.API\Controllers\EnterpriseApiControllers.cs(550,50): warning CS1591: Missing XML comment for publicly visible type or member 'UserProfileResponseDto.UserId' [C:\Users\HP\AttendanceSystem\src\AttendanceSystem.API\AttendanceSystem.API.csproj]
C:\Users\HP\AttendanceSystem\src\AttendanceSystem.API\Controllers\EnterpriseApiControllers.cs(550,63): warning CS1591: Missing XML comment for publicly visible type or member 'UserProfileResponseDto.EmployeeId' [C:\Users\HP\AttendanceSystem\src\AttendanceSystem.API\AttendanceSystem.API.csproj]
C:\Users\HP\AttendanceSystem\src\AttendanceSystem.API\Controllers\EnterpriseApiControllers.cs(550,82): warning CS1591: Missing XML comment for publicly visible type or member 'UserProfileResponseDto.FullName' [C:\Users\HP\AttendanceSystem\src\AttendanceSystem.API\AttendanceSystem.API.csproj]
C:\Users\HP\AttendanceSystem\src\AttendanceSystem.API\Controllers\EnterpriseApiControllers.cs(550,99): warning CS1591: Missing XML comment for publicly visible type or member 'UserProfileResponseDto.Email' [C:\Users\HP\AttendanceSystem\src\AttendanceSystem.API\AttendanceSystem.API.csproj]
C:\Users\HP\AttendanceSystem\src\AttendanceSystem.API\Controllers\EnterpriseApiControllers.cs(550,114): warning CS1591: Missing XML comment for publicly visible type or member 'UserProfileResponseDto.PhoneNumber' [C:\Users\HP\AttendanceSystem\src\AttendanceSystem.API\AttendanceSystem.API.csproj]
C:\Users\HP\AttendanceSystem\src\AttendanceSystem.API\Controllers\EnterpriseApiControllers.cs(550,135): warning CS1591: Missing XML comment for publicly visible type or member 'UserProfileResponseDto.ProfilePhotoUrl' [C:\Users\HP\AttendanceSystem\src\AttendanceSystem.API\AttendanceSystem.API.csproj]
C:\Users\HP\AttendanceSystem\src\AttendanceSystem.API\Controllers\EnterpriseApiControllers.cs(550,174): warning CS1591: Missing XML comment for publicly visible type or member 'UserProfileResponseDto.Roles' [C:\Users\HP\AttendanceSystem\src\AttendanceSystem.API\AttendanceSystem.API.csproj]
C:\Users\HP\AttendanceSystem\src\AttendanceSystem.API\Controllers\EnterpriseApiControllers.cs(551,22): warning CS1591: Missing XML comment for publicly visible type or member 'ProfilePhotoResponseDto' [C:\Users\HP\AttendanceSystem\src\AttendanceSystem.API\AttendanceSystem.API.csproj]
C:\Users\HP\AttendanceSystem\src\AttendanceSystem.API\Controllers\EnterpriseApiControllers.cs(551,22): warning CS1591: Missing XML comment for publicly visible type or member 'ProfilePhotoResponseDto.ProfilePhotoResponseDto(string)' [C:\Users\HP\AttendanceSystem\src\AttendanceSystem.API\AttendanceSystem.API.csproj]
C:\Users\HP\AttendanceSystem\src\AttendanceSystem.API\Controllers\EnterpriseApiControllers.cs(551,53): warning CS1591: Missing XML comment for publicly visible type or member 'ProfilePhotoResponseDto.Url' [C:\Users\HP\AttendanceSystem\src\AttendanceSystem.API\AttendanceSystem.API.csproj]
C:\Users\HP\AttendanceSystem\src\AttendanceSystem.API\Controllers\EnterpriseApiControllers.cs(556,21): warning CS1591: Missing XML comment for publicly visible type or member 'SettingsController' [C:\Users\HP\AttendanceSystem\src\AttendanceSystem.API\AttendanceSystem.API.csproj]
C:\Users\HP\AttendanceSystem\src\AttendanceSystem.API\Controllers\EnterpriseApiControllers.cs(559,26): warning CS1591: Missing XML comment for publicly visible type or member 'SettingsController.Company()' [C:\Users\HP\AttendanceSystem\src\AttendanceSystem.API\AttendanceSystem.API.csproj]
C:\Users\HP\AttendanceSystem\src\AttendanceSystem.API\Controllers\EnterpriseApiControllers.cs(564,26): warning CS1591: Missing XML comment for publicly visible type or member 'SettingsController.UpdateCompany(UpdateCompanySettingsRequestDto)' [C:\Users\HP\AttendanceSystem\src\AttendanceSystem.API\AttendanceSystem.API.csproj]
C:\Users\HP\AttendanceSystem\src\AttendanceSystem.API\Controllers\EnterpriseApiControllers.cs(568,26): warning CS1591: Missing XML comment for publicly visible type or member 'SettingsController.AttendanceRules()' [C:\Users\HP\AttendanceSystem\src\AttendanceSystem.API\AttendanceSystem.API.csproj]
C:\Users\HP\AttendanceSystem\src\AttendanceSystem.API\Controllers\EnterpriseApiControllers.cs(572,26): warning CS1591: Missing XML comment for publicly visible type or member 'SettingsController.UpdateAttendanceRules(UpdateAttendanceRulesRequestDto)' [C:\Users\HP\AttendanceSystem\src\AttendanceSystem.API\AttendanceSystem.API.csproj]
C:\Users\HP\AttendanceSystem\src\AttendanceSystem.API\Controllers\EnterpriseApiControllers.cs(576,26): warning CS1591: Missing XML comment for publicly visible type or member 'SettingsController.Gps()' [C:\Users\HP\AttendanceSystem\src\AttendanceSystem.API\AttendanceSystem.API.csproj]
C:\Users\HP\AttendanceSystem\src\AttendanceSystem.API\Controllers\EnterpriseApiControllers.cs(581,26): warning CS1591: Missing XML comment for publicly visible type or member 'SettingsController.UpdateGps(UpdateGpsSettingsRequestDto)' [C:\Users\HP\AttendanceSystem\src\AttendanceSystem.API\AttendanceSystem.API.csproj]
C:\Users\HP\AttendanceSystem\src\AttendanceSystem.API\Controllers\EnterpriseApiControllers.cs(586,26): warning CS1591: Missing XML comment for publicly visible type or member 'SettingsController.Security()' [C:\Users\HP\AttendanceSystem\src\AttendanceSystem.API\AttendanceSystem.API.csproj]
C:\Users\HP\AttendanceSystem\src\AttendanceSystem.API\Controllers\EnterpriseApiControllers.cs(591,26): warning CS1591: Missing XML comment for publicly visible type or member 'SettingsController.UpdateSecurity(UpdateSecuritySettingsRequestDto)' [C:\Users\HP\AttendanceSystem\src\AttendanceSystem.API\AttendanceSystem.API.csproj]
C:\Users\HP\AttendanceSystem\src\AttendanceSystem.API\Controllers\EnterpriseApiControllers.cs(595,22): warning CS1591: Missing XML comment for publicly visible type or member 'UpdateCompanySettingsRequestDto' [C:\Users\HP\AttendanceSystem\src\AttendanceSystem.API\AttendanceSystem.API.csproj]
C:\Users\HP\AttendanceSystem\src\AttendanceSystem.API\Controllers\EnterpriseApiControllers.cs(595,22): warning CS1591: Missing XML comment for publicly visible type or member 'UpdateCompanySettingsRequestDto.UpdateCompanySettingsRequestDto(string, string, string, string, string?)' [C:\Users\HP\AttendanceSystem\src\AttendanceSystem.API\AttendanceSystem.API.csproj]
C:\Users\HP\AttendanceSystem\src\AttendanceSystem.API\Controllers\EnterpriseApiControllers.cs(595,61): warning CS1591: Missing XML comment for publicly visible type or member 'UpdateCompanySettingsRequestDto.CompanyName' [C:\Users\HP\AttendanceSystem\src\AttendanceSystem.API\AttendanceSystem.API.csproj]
C:\Users\HP\AttendanceSystem\src\AttendanceSystem.API\Controllers\EnterpriseApiControllers.cs(595,81): warning CS1591: Missing XML comment for publicly visible type or member 'UpdateCompanySettingsRequestDto.TimeZone' [C:\Users\HP\AttendanceSystem\src\AttendanceSystem.API\AttendanceSystem.API.csproj]
C:\Users\HP\AttendanceSystem\src\AttendanceSystem.API\Controllers\EnterpriseApiControllers.cs(595,98): warning CS1591: Missing XML comment for publicly visible type or member 'UpdateCompanySettingsRequestDto.DateFormat' [C:\Users\HP\AttendanceSystem\src\AttendanceSystem.API\AttendanceSystem.API.csproj]
C:\Users\HP\AttendanceSystem\src\AttendanceSystem.API\Controllers\EnterpriseApiControllers.cs(595,117): warning CS1591: Missing XML comment for publicly visible type or member 'UpdateCompanySettingsRequestDto.TimeFormat' [C:\Users\HP\AttendanceSystem\src\AttendanceSystem.API\AttendanceSystem.API.csproj]
C:\Users\HP\AttendanceSystem\src\AttendanceSystem.API\Controllers\EnterpriseApiControllers.cs(595,137): warning CS1591: Missing XML comment for publicly visible type or member 'UpdateCompanySettingsRequestDto.LogoUrl' [C:\Users\HP\AttendanceSystem\src\AttendanceSystem.API\AttendanceSystem.API.csproj]
C:\Users\HP\AttendanceSystem\src\AttendanceSystem.API\Controllers\EnterpriseApiControllers.cs(596,22): warning CS1591: Missing XML comment for publicly visible type or member 'UpdateAttendanceRulesRequestDto' [C:\Users\HP\AttendanceSystem\src\AttendanceSystem.API\AttendanceSystem.API.csproj]
C:\Users\HP\AttendanceSystem\src\AttendanceSystem.API\Controllers\EnterpriseApiControllers.cs(596,22): warning CS1591: Missing XML comment for publicly visible type or member 'UpdateAttendanceRulesRequestDto.UpdateAttendanceRulesRequestDto(TimeSpan, bool, bool, bool, bool, TimeOnly?, bool)' [C:\Users\HP\AttendanceSystem\src\AttendanceSystem.API\AttendanceSystem.API.csproj]
C:\Users\HP\AttendanceSystem\src\AttendanceSystem.API\Controllers\EnterpriseApiControllers.cs(596,63): warning CS1591: Missing XML comment for publicly visible type or member 'UpdateAttendanceRulesRequestDto.GracePeriod' [C:\Users\HP\AttendanceSystem\src\AttendanceSystem.API\AttendanceSystem.API.csproj]
C:\Users\HP\AttendanceSystem\src\AttendanceSystem.API\Controllers\EnterpriseApiControllers.cs(596,81): warning CS1591: Missing XML comment for publicly visible type or member 'UpdateAttendanceRulesRequestDto.RequireGpsForCheckIn' [C:\Users\HP\AttendanceSystem\src\AttendanceSystem.API\AttendanceSystem.API.csproj]
C:\Users\HP\AttendanceSystem\src\AttendanceSystem.API\Controllers\EnterpriseApiControllers.cs(596,108): warning CS1591: Missing XML comment for publicly visible type or member 'UpdateAttendanceRulesRequestDto.RequireGpsForCheckOut' [C:\Users\HP\AttendanceSystem\src\AttendanceSystem.API\AttendanceSystem.API.csproj]
C:\Users\HP\AttendanceSystem\src\AttendanceSystem.API\Controllers\EnterpriseApiControllers.cs(596,136): warning CS1591: Missing XML comment for publicly visible type or member 'UpdateAttendanceRulesRequestDto.AllowRemoteCheckIn' [C:\Users\HP\AttendanceSystem\src\AttendanceSystem.API\AttendanceSystem.API.csproj]
C:\Users\HP\AttendanceSystem\src\AttendanceSystem.API\Controllers\EnterpriseApiControllers.cs(596,161): warning CS1591: Missing XML comment for publicly visible type or member 'UpdateAttendanceRulesRequestDto.AutoCheckoutEnabled' [C:\Users\HP\AttendanceSystem\src\AttendanceSystem.API\AttendanceSystem.API.csproj]
C:\Users\HP\AttendanceSystem\src\AttendanceSystem.API\Controllers\EnterpriseApiControllers.cs(596,192): warning CS1591: Missing XML comment for publicly visible type or member 'UpdateAttendanceRulesRequestDto.AutoCheckoutTime' [C:\Users\HP\AttendanceSystem\src\AttendanceSystem.API\AttendanceSystem.API.csproj]
C:\Users\HP\AttendanceSystem\src\AttendanceSystem.API\Controllers\EnterpriseApiControllers.cs(596,215): warning CS1591: Missing XML comment for publicly visible type or member 'UpdateAttendanceRulesRequestDto.OvertimeEnabled' [C:\Users\HP\AttendanceSystem\src\AttendanceSystem.API\AttendanceSystem.API.csproj]
C:\Users\HP\AttendanceSystem\src\AttendanceSystem.API\Controllers\EnterpriseApiControllers.cs(597,22): warning CS1591: Missing XML comment for publicly visible type or member 'UpdateGpsSettingsRequestDto' [C:\Users\HP\AttendanceSystem\src\AttendanceSystem.API\AttendanceSystem.API.csproj]
C:\Users\HP\AttendanceSystem\src\AttendanceSystem.API\Controllers\EnterpriseApiControllers.cs(597,22): warning CS1591: Missing XML comment for publicly visible type or member 'UpdateGpsSettingsRequestDto.UpdateGpsSettingsRequestDto(bool, double, double, double, bool)' [C:\Users\HP\AttendanceSystem\src\AttendanceSystem.API\AttendanceSystem.API.csproj]
C:\Users\HP\AttendanceSystem\src\AttendanceSystem.API\Controllers\EnterpriseApiControllers.cs(597,55): warning CS1591: Missing XML comment for publicly visible type or member 'UpdateGpsSettingsRequestDto.Enabled' [C:\Users\HP\AttendanceSystem\src\AttendanceSystem.API\AttendanceSystem.API.csproj]
C:\Users\HP\AttendanceSystem\src\AttendanceSystem.API\Controllers\EnterpriseApiControllers.cs(597,71): warning CS1591: Missing XML comment for publicly visible type or member 'UpdateGpsSettingsRequestDto.OfficeLatitude' [C:\Users\HP\AttendanceSystem\src\AttendanceSystem.API\AttendanceSystem.API.csproj]
C:\Users\HP\AttendanceSystem\src\AttendanceSystem.API\Controllers\EnterpriseApiControllers.cs(597,94): warning CS1591: Missing XML comment for publicly visible type or member 'UpdateGpsSettingsRequestDto.OfficeLongitude' [C:\Users\HP\AttendanceSystem\src\AttendanceSystem.API\AttendanceSystem.API.csproj]
C:\Users\HP\AttendanceSystem\src\AttendanceSystem.API\Controllers\EnterpriseApiControllers.cs(597,118): warning CS1591: Missing XML comment for publicly visible type or member 'UpdateGpsSettingsRequestDto.AllowedRadiusMeters' [C:\Users\HP\AttendanceSystem\src\AttendanceSystem.API\AttendanceSystem.API.csproj]
C:\Users\HP\AttendanceSystem\src\AttendanceSystem.API\Controllers\EnterpriseApiControllers.cs(597,144): warning CS1591: Missing XML comment for publicly visible type or member 'UpdateGpsSettingsRequestDto.BlockOutsideRadius' [C:\Users\HP\AttendanceSystem\src\AttendanceSystem.API\AttendanceSystem.API.csproj]
C:\Users\HP\AttendanceSystem\src\AttendanceSystem.API\Controllers\EnterpriseApiControllers.cs(598,22): warning CS1591: Missing XML comment for publicly visible type or member 'UpdateSecuritySettingsRequestDto' [C:\Users\HP\AttendanceSystem\src\AttendanceSystem.API\AttendanceSystem.API.csproj]
C:\Users\HP\AttendanceSystem\src\AttendanceSystem.API\Controllers\EnterpriseApiControllers.cs(598,22): warning CS1591: Missing XML comment for publicly visible type or member 'UpdateSecuritySettingsRequestDto.UpdateSecuritySettingsRequestDto(bool, int, int, int)' [C:\Users\HP\AttendanceSystem\src\AttendanceSystem.API\AttendanceSystem.API.csproj]
C:\Users\HP\AttendanceSystem\src\AttendanceSystem.API\Controllers\EnterpriseApiControllers.cs(598,60): warning CS1591: Missing XML comment for publicly visible type or member 'UpdateSecuritySettingsRequestDto.MfaRequired' [C:\Users\HP\AttendanceSystem\src\AttendanceSystem.API\AttendanceSystem.API.csproj]
C:\Users\HP\AttendanceSystem\src\AttendanceSystem.API\Controllers\EnterpriseApiControllers.cs(598,77): warning CS1591: Missing XML comment for publicly visible type or member 'UpdateSecuritySettingsRequestDto.MaxFailedLoginAttempts' [C:\Users\HP\AttendanceSystem\src\AttendanceSystem.API\AttendanceSystem.API.csproj]
C:\Users\HP\AttendanceSystem\src\AttendanceSystem.API\Controllers\EnterpriseApiControllers.cs(598,105): warning CS1591: Missing XML comment for publicly visible type or member 'UpdateSecuritySettingsRequestDto.LockoutMinutes' [C:\Users\HP\AttendanceSystem\src\AttendanceSystem.API\AttendanceSystem.API.csproj]
C:\Users\HP\AttendanceSystem\src\AttendanceSystem.API\Controllers\EnterpriseApiControllers.cs(598,125): warning CS1591: Missing XML comment for publicly visible type or member 'UpdateSecuritySettingsRequestDto.PasswordExpiryDays' [C:\Users\HP\AttendanceSystem\src\AttendanceSystem.API\AttendanceSystem.API.csproj]
C:\Users\HP\AttendanceSystem\src\AttendanceSystem.API\Controllers\EnterpriseApiControllers.cs(599,22): warning CS1591: Missing XML comment for publicly visible type or member 'CompanySettingsResponseDto' [C:\Users\HP\AttendanceSystem\src\AttendanceSystem.API\AttendanceSystem.API.csproj]
C:\Users\HP\AttendanceSystem\src\AttendanceSystem.API\Controllers\EnterpriseApiControllers.cs(599,22): warning CS1591: Missing XML comment for publicly visible type or member 'CompanySettingsResponseDto.CompanySettingsResponseDto(string, string, string, string, string?)' [C:\Users\HP\AttendanceSystem\src\AttendanceSystem.API\AttendanceSystem.API.csproj]
C:\Users\HP\AttendanceSystem\src\AttendanceSystem.API\Controllers\EnterpriseApiControllers.cs(599,56): warning CS1591: Missing XML comment for publicly visible type or member 'CompanySettingsResponseDto.CompanyName' [C:\Users\HP\AttendanceSystem\src\AttendanceSystem.API\AttendanceSystem.API.csproj]
C:\Users\HP\AttendanceSystem\src\AttendanceSystem.API\Controllers\EnterpriseApiControllers.cs(599,76): warning CS1591: Missing XML comment for publicly visible type or member 'CompanySettingsResponseDto.TimeZone' [C:\Users\HP\AttendanceSystem\src\AttendanceSystem.API\AttendanceSystem.API.csproj]
C:\Users\HP\AttendanceSystem\src\AttendanceSystem.API\Controllers\EnterpriseApiControllers.cs(599,93): warning CS1591: Missing XML comment for publicly visible type or member 'CompanySettingsResponseDto.DateFormat' [C:\Users\HP\AttendanceSystem\src\AttendanceSystem.API\AttendanceSystem.API.csproj]
C:\Users\HP\AttendanceSystem\src\AttendanceSystem.API\Controllers\EnterpriseApiControllers.cs(599,112): warning CS1591: Missing XML comment for publicly visible type or member 'CompanySettingsResponseDto.TimeFormat' [C:\Users\HP\AttendanceSystem\src\AttendanceSystem.API\AttendanceSystem.API.csproj]
C:\Users\HP\AttendanceSystem\src\AttendanceSystem.API\Controllers\EnterpriseApiControllers.cs(599,132): warning CS1591: Missing XML comment for publicly visible type or member 'CompanySettingsResponseDto.LogoUrl' [C:\Users\HP\AttendanceSystem\src\AttendanceSystem.API\AttendanceSystem.API.csproj]
C:\Users\HP\AttendanceSystem\src\AttendanceSystem.API\Controllers\EnterpriseApiControllers.cs(600,22): warning CS1591: Missing XML comment for publicly visible type or member 'AttendanceRulesResponseDto' [C:\Users\HP\AttendanceSystem\src\AttendanceSystem.API\AttendanceSystem.API.csproj]
C:\Users\HP\AttendanceSystem\src\AttendanceSystem.API\Controllers\EnterpriseApiControllers.cs(600,22): warning CS1591: Missing XML comment for publicly visible type or member 'AttendanceRulesResponseDto.AttendanceRulesResponseDto(TimeSpan, bool, bool, bool, bool, TimeOnly?, bool)' [C:\Users\HP\AttendanceSystem\src\AttendanceSystem.API\AttendanceSystem.API.csproj]
C:\Users\HP\AttendanceSystem\src\AttendanceSystem.API\Controllers\EnterpriseApiControllers.cs(600,58): warning CS1591: Missing XML comment for publicly visible type or member 'AttendanceRulesResponseDto.GracePeriod' [C:\Users\HP\AttendanceSystem\src\AttendanceSystem.API\AttendanceSystem.API.csproj]
C:\Users\HP\AttendanceSystem\src\AttendanceSystem.API\Controllers\EnterpriseApiControllers.cs(600,76): warning CS1591: Missing XML comment for publicly visible type or member 'AttendanceRulesResponseDto.RequireGpsForCheckIn' [C:\Users\HP\AttendanceSystem\src\AttendanceSystem.API\AttendanceSystem.API.csproj]
C:\Users\HP\AttendanceSystem\src\AttendanceSystem.API\Controllers\EnterpriseApiControllers.cs(600,103): warning CS1591: Missing XML comment for publicly visible type or member 'AttendanceRulesResponseDto.RequireGpsForCheckOut' [C:\Users\HP\AttendanceSystem\src\AttendanceSystem.API\AttendanceSystem.API.csproj]
C:\Users\HP\AttendanceSystem\src\AttendanceSystem.API\Controllers\EnterpriseApiControllers.cs(600,131): warning CS1591: Missing XML comment for publicly visible type or member 'AttendanceRulesResponseDto.AllowRemoteCheckIn' [C:\Users\HP\AttendanceSystem\src\AttendanceSystem.API\AttendanceSystem.API.csproj]
C:\Users\HP\AttendanceSystem\src\AttendanceSystem.API\Controllers\EnterpriseApiControllers.cs(600,156): warning CS1591: Missing XML comment for publicly visible type or member 'AttendanceRulesResponseDto.AutoCheckoutEnabled' [C:\Users\HP\AttendanceSystem\src\AttendanceSystem.API\AttendanceSystem.API.csproj]
C:\Users\HP\AttendanceSystem\src\AttendanceSystem.API\Controllers\EnterpriseApiControllers.cs(600,187): warning CS1591: Missing XML comment for publicly visible type or member 'AttendanceRulesResponseDto.AutoCheckoutTime' [C:\Users\HP\AttendanceSystem\src\AttendanceSystem.API\AttendanceSystem.API.csproj]
C:\Users\HP\AttendanceSystem\src\AttendanceSystem.API\Controllers\EnterpriseApiControllers.cs(600,210): warning CS1591: Missing XML comment for publicly visible type or member 'AttendanceRulesResponseDto.OvertimeEnabled' [C:\Users\HP\AttendanceSystem\src\AttendanceSystem.API\AttendanceSystem.API.csproj]
C:\Users\HP\AttendanceSystem\src\AttendanceSystem.API\Controllers\EnterpriseApiControllers.cs(601,22): warning CS1591: Missing XML comment for publicly visible type or member 'GpsSettingsResponseDto' [C:\Users\HP\AttendanceSystem\src\AttendanceSystem.API\AttendanceSystem.API.csproj]
C:\Users\HP\AttendanceSystem\src\AttendanceSystem.API\Controllers\EnterpriseApiControllers.cs(601,22): warning CS1591: Missing XML comment for publicly visible type or member 'GpsSettingsResponseDto.GpsSettingsResponseDto(bool, double, double, double, bool)' [C:\Users\HP\AttendanceSystem\src\AttendanceSystem.API\AttendanceSystem.API.csproj]
C:\Users\HP\AttendanceSystem\src\AttendanceSystem.API\Controllers\EnterpriseApiControllers.cs(601,50): warning CS1591: Missing XML comment for publicly visible type or member 'GpsSettingsResponseDto.Enabled' [C:\Users\HP\AttendanceSystem\src\AttendanceSystem.API\AttendanceSystem.API.csproj]
C:\Users\HP\AttendanceSystem\src\AttendanceSystem.API\Controllers\EnterpriseApiControllers.cs(601,66): warning CS1591: Missing XML comment for publicly visible type or member 'GpsSettingsResponseDto.OfficeLatitude' [C:\Users\HP\AttendanceSystem\src\AttendanceSystem.API\AttendanceSystem.API.csproj]
C:\Users\HP\AttendanceSystem\src\AttendanceSystem.API\Controllers\EnterpriseApiControllers.cs(601,89): warning CS1591: Missing XML comment for publicly visible type or member 'GpsSettingsResponseDto.OfficeLongitude' [C:\Users\HP\AttendanceSystem\src\AttendanceSystem.API\AttendanceSystem.API.csproj]
C:\Users\HP\AttendanceSystem\src\AttendanceSystem.API\Controllers\EnterpriseApiControllers.cs(601,113): warning CS1591: Missing XML comment for publicly visible type or member 'GpsSettingsResponseDto.AllowedRadiusMeters' [C:\Users\HP\AttendanceSystem\src\AttendanceSystem.API\AttendanceSystem.API.csproj]
C:\Users\HP\AttendanceSystem\src\AttendanceSystem.API\Controllers\EnterpriseApiControllers.cs(601,139): warning CS1591: Missing XML comment for publicly visible type or member 'GpsSettingsResponseDto.BlockOutsideRadius' [C:\Users\HP\AttendanceSystem\src\AttendanceSystem.API\AttendanceSystem.API.csproj]
C:\Users\HP\AttendanceSystem\src\AttendanceSystem.API\Controllers\EnterpriseApiControllers.cs(602,22): warning CS1591: Missing XML comment for publicly visible type or member 'SecuritySettingsResponseDto' [C:\Users\HP\AttendanceSystem\src\AttendanceSystem.API\AttendanceSystem.API.csproj]
C:\Users\HP\AttendanceSystem\src\AttendanceSystem.API\Controllers\EnterpriseApiControllers.cs(602,22): warning CS1591: Missing XML comment for publicly visible type or member 'SecuritySettingsResponseDto.SecuritySettingsResponseDto(bool, int, int, int)' [C:\Users\HP\AttendanceSystem\src\AttendanceSystem.API\AttendanceSystem.API.csproj]
C:\Users\HP\AttendanceSystem\src\AttendanceSystem.API\Controllers\EnterpriseApiControllers.cs(602,55): warning CS1591: Missing XML comment for publicly visible type or member 'SecuritySettingsResponseDto.MfaRequired' [C:\Users\HP\AttendanceSystem\src\AttendanceSystem.API\AttendanceSystem.API.csproj]
C:\Users\HP\AttendanceSystem\src\AttendanceSystem.API\Controllers\EnterpriseApiControllers.cs(602,72): warning CS1591: Missing XML comment for publicly visible type or member 'SecuritySettingsResponseDto.MaxFailedLoginAttempts' [C:\Users\HP\AttendanceSystem\src\AttendanceSystem.API\AttendanceSystem.API.csproj]
C:\Users\HP\AttendanceSystem\src\AttendanceSystem.API\Controllers\EnterpriseApiControllers.cs(602,100): warning CS1591: Missing XML comment for publicly visible type or member 'SecuritySettingsResponseDto.LockoutMinutes' [C:\Users\HP\AttendanceSystem\src\AttendanceSystem.API\AttendanceSystem.API.csproj]
C:\Users\HP\AttendanceSystem\src\AttendanceSystem.API\Controllers\EnterpriseApiControllers.cs(602,120): warning CS1591: Missing XML comment for publicly visible type or member 'SecuritySettingsResponseDto.PasswordExpiryDays' [C:\Users\HP\AttendanceSystem\src\AttendanceSystem.API\AttendanceSystem.API.csproj]
C:\Users\HP\AttendanceSystem\src\AttendanceSystem.API\Controllers\LeaveController.cs(15,18): warning CS1591: Missing XML comment for publicly visible type or member 'LeaveController' [C:\Users\HP\AttendanceSystem\src\AttendanceSystem.API\AttendanceSystem.API.csproj]
C:\Users\HP\AttendanceSystem\src\AttendanceSystem.API\Controllers\LeaveController.cs(19,16): warning CS1591: Missing XML comment for publicly visible type or member 'LeaveController.LeaveController(ApplicationDbContext)' [C:\Users\HP\AttendanceSystem\src\AttendanceSystem.API\AttendanceSystem.API.csproj]
C:\Users\HP\AttendanceSystem\src\AttendanceSystem.API\Controllers\LeaveController.cs(25,42): warning CS1591: Missing XML comment for publicly visible type or member 'LeaveController.CreateLeave(LeaveController.LeaveRequestDto)' [C:\Users\HP\AttendanceSystem\src\AttendanceSystem.API\AttendanceSystem.API.csproj]
C:\Users\HP\AttendanceSystem\src\AttendanceSystem.API\Controllers\LeaveController.cs(67,42): warning CS1591: Missing XML comment for publicly visible type or member 'LeaveController.List(string?, int, int, CancellationToken)' [C:\Users\HP\AttendanceSystem\src\AttendanceSystem.API\AttendanceSystem.API.csproj]
C:\Users\HP\AttendanceSystem\src\AttendanceSystem.API\Controllers\LeaveController.cs(115,42): warning CS1591: Missing XML comment for publicly visible type or member 'LeaveController.History(CancellationToken)' [C:\Users\HP\AttendanceSystem\src\AttendanceSystem.API\AttendanceSystem.API.csproj]
C:\Users\HP\AttendanceSystem\src\AttendanceSystem.API\Controllers\LeaveController.cs(156,42): warning CS1591: Missing XML comment for publicly visible type or member 'LeaveController.Statistics(CancellationToken)' [C:\Users\HP\AttendanceSystem\src\AttendanceSystem.API\AttendanceSystem.API.csproj]
C:\Users\HP\AttendanceSystem\src\AttendanceSystem.API\Controllers\LeaveController.cs(173,42): warning CS1591: Missing XML comment for publicly visible type or member 'LeaveController.Approve(Guid, CancellationToken)' [C:\Users\HP\AttendanceSystem\src\AttendanceSystem.API\AttendanceSystem.API.csproj]
C:\Users\HP\AttendanceSystem\src\AttendanceSystem.API\Controllers\LeaveController.cs(192,42): warning CS1591: Missing XML comment for publicly visible type or member 'LeaveController.Reject(Guid, CancellationToken)' [C:\Users\HP\AttendanceSystem\src\AttendanceSystem.API\AttendanceSystem.API.csproj]
C:\Users\HP\AttendanceSystem\src\AttendanceSystem.API\Controllers\LeaveController.cs(234,22): warning CS1591: Missing XML comment for publicly visible type or member 'LeaveController.LeaveRequestDto' [C:\Users\HP\AttendanceSystem\src\AttendanceSystem.API\AttendanceSystem.API.csproj]
C:\Users\HP\AttendanceSystem\src\AttendanceSystem.API\Controllers\LeaveController.cs(236,28): warning CS1591: Missing XML comment for publicly visible type or member 'LeaveController.LeaveRequestDto.StartDate' [C:\Users\HP\AttendanceSystem\src\AttendanceSystem.API\AttendanceSystem.API.csproj]
C:\Users\HP\AttendanceSystem\src\AttendanceSystem.API\Controllers\LeaveController.cs(237,28): warning CS1591: Missing XML comment for publicly visible type or member 'LeaveController.LeaveRequestDto.EndDate' [C:\Users\HP\AttendanceSystem\src\AttendanceSystem.API\AttendanceSystem.API.csproj]
C:\Users\HP\AttendanceSystem\src\AttendanceSystem.API\Controllers\LeaveController.cs(238,28): warning CS1591: Missing XML comment for publicly visible type or member 'LeaveController.LeaveRequestDto.Type' [C:\Users\HP\AttendanceSystem\src\AttendanceSystem.API\AttendanceSystem.API.csproj]
C:\Users\HP\AttendanceSystem\src\AttendanceSystem.API\Controllers\LeaveController.cs(239,28): warning CS1591: Missing XML comment for publicly visible type or member 'LeaveController.LeaveRequestDto.Reason' [C:\Users\HP\AttendanceSystem\src\AttendanceSystem.API\AttendanceSystem.API.csproj]
C:\Users\HP\AttendanceSystem\src\AttendanceSystem.API\Controllers\LeaveController.cs(242,30): warning CS1591: Missing XML comment for publicly visible type or member 'LeaveController.LeaveRequestApiDto' [C:\Users\HP\AttendanceSystem\src\AttendanceSystem.API\AttendanceSystem.API.csproj]
C:\Users\HP\AttendanceSystem\src\AttendanceSystem.API\Controllers\LeaveController.cs(242,30): warning CS1591: Missing XML comment for publicly visible type or member 'LeaveController.LeaveRequestApiDto.LeaveRequestApiDto(Guid, Guid, string?, DateOnly, DateOnly, string, string?, string?, string?, decimal)' [C:\Users\HP\AttendanceSystem\src\AttendanceSystem.API\AttendanceSystem.API.csproj]
C:\Users\HP\AttendanceSystem\src\AttendanceSystem.API\Controllers\LeaveController.cs(243,18): warning CS1591: Missing XML comment for publicly visible type or member 'LeaveController.LeaveRequestApiDto.Id' [C:\Users\HP\AttendanceSystem\src\AttendanceSystem.API\AttendanceSystem.API.csproj]
C:\Users\HP\AttendanceSystem\src\AttendanceSystem.API\Controllers\LeaveController.cs(244,18): warning CS1591: Missing XML comment for publicly visible type or member 'LeaveController.LeaveRequestApiDto.EmployeeId' [C:\Users\HP\AttendanceSystem\src\AttendanceSystem.API\AttendanceSystem.API.csproj]
C:\Users\HP\AttendanceSystem\src\AttendanceSystem.API\Controllers\LeaveController.cs(245,21): warning CS1591: Missing XML comment for publicly visible type or member 'LeaveController.LeaveRequestApiDto.EmployeeName' [C:\Users\HP\AttendanceSystem\src\AttendanceSystem.API\AttendanceSystem.API.csproj]
C:\Users\HP\AttendanceSystem\src\AttendanceSystem.API\Controllers\LeaveController.cs(246,22): warning CS1591: Missing XML comment for publicly visible type or member 'LeaveController.LeaveRequestApiDto.StartDate' [C:\Users\HP\AttendanceSystem\src\AttendanceSystem.API\AttendanceSystem.API.csproj]
C:\Users\HP\AttendanceSystem\src\AttendanceSystem.API\Controllers\LeaveController.cs(247,22): warning CS1591: Missing XML comment for publicly visible type or member 'LeaveController.LeaveRequestApiDto.EndDate' [C:\Users\HP\AttendanceSystem\src\AttendanceSystem.API\AttendanceSystem.API.csproj]
C:\Users\HP\AttendanceSystem\src\AttendanceSystem.API\Controllers\LeaveController.cs(248,20): warning CS1591: Missing XML comment for publicly visible type or member 'LeaveController.LeaveRequestApiDto.LeaveType' [C:\Users\HP\AttendanceSystem\src\AttendanceSystem.API\AttendanceSystem.API.csproj]
C:\Users\HP\AttendanceSystem\src\AttendanceSystem.API\Controllers\LeaveController.cs(249,21): warning CS1591: Missing XML comment for publicly visible type or member 'LeaveController.LeaveRequestApiDto.Reason' [C:\Users\HP\AttendanceSystem\src\AttendanceSystem.API\AttendanceSystem.API.csproj]
C:\Users\HP\AttendanceSystem\src\AttendanceSystem.API\Controllers\LeaveController.cs(250,21): warning CS1591: Missing XML comment for publicly visible type or member 'LeaveController.LeaveRequestApiDto.ApprovalStatus' [C:\Users\HP\AttendanceSystem\src\AttendanceSystem.API\AttendanceSystem.API.csproj]
C:\Users\HP\AttendanceSystem\src\AttendanceSystem.API\Controllers\LeaveController.cs(251,21): warning CS1591: Missing XML comment for publicly visible type or member 'LeaveController.LeaveRequestApiDto.Status' [C:\Users\HP\AttendanceSystem\src\AttendanceSystem.API\AttendanceSystem.API.csproj]
C:\Users\HP\AttendanceSystem\src\AttendanceSystem.API\Controllers\LeaveController.cs(252,21): warning CS1591: Missing XML comment for publicly visible type or member 'LeaveController.LeaveRequestApiDto.TotalDays' [C:\Users\HP\AttendanceSystem\src\AttendanceSystem.API\AttendanceSystem.API.csproj]
C:\Users\HP\AttendanceSystem\src\AttendanceSystem.API\Controllers\LeaveController.cs(254,30): warning CS1591: Missing XML comment for publicly visible type or member 'LeaveController.LeaveStatisticsApiDto' [C:\Users\HP\AttendanceSystem\src\AttendanceSystem.API\AttendanceSystem.API.csproj]
C:\Users\HP\AttendanceSystem\src\AttendanceSystem.API\Controllers\LeaveController.cs(254,30): warning CS1591: Missing XML comment for publicly visible type or member 'LeaveController.LeaveStatisticsApiDto.LeaveStatisticsApiDto(decimal, int)' [C:\Users\HP\AttendanceSystem\src\AttendanceSystem.API\AttendanceSystem.API.csproj]
C:\Users\HP\AttendanceSystem\src\AttendanceSystem.API\Controllers\LeaveController.cs(254,60): warning CS1591: Missing XML comment for publicly visible type or member 'LeaveController.LeaveStatisticsApiDto.Used' [C:\Users\HP\AttendanceSystem\src\AttendanceSystem.API\AttendanceSystem.API.csproj]
C:\Users\HP\AttendanceSystem\src\AttendanceSystem.API\Controllers\LeaveController.cs(254,70): warning CS1591: Missing XML comment for publicly visible type or member 'LeaveController.LeaveStatisticsApiDto.PendingRequests' [C:\Users\HP\AttendanceSystem\src\AttendanceSystem.API\AttendanceSystem.API.csproj]
C:\Users\HP\AttendanceSystem\src\AttendanceSystem.API\Controllers\NotificationsApiController.cs(12,21): warning CS1591: Missing XML comment for publicly visible type or member 'NotificationsApiController' [C:\Users\HP\AttendanceSystem\src\AttendanceSystem.API\AttendanceSystem.API.csproj]
C:\Users\HP\AttendanceSystem\src\AttendanceSystem.API\Controllers\NotificationsApiController.cs(16,12): warning CS1591: Missing XML comment for publicly visible type or member 'NotificationsApiController.NotificationsApiController(ApplicationDbContext)' [C:\Users\HP\AttendanceSystem\src\AttendanceSystem.API\AttendanceSystem.API.csproj]
C:\Users\HP\AttendanceSystem\src\AttendanceSystem.API\Controllers\NotificationsApiController.cs(19,75): warning CS1591: Missing XML comment for publicly visible type or member 'NotificationsApiController.List(int, int, bool?, CancellationToken)' [C:\Users\HP\AttendanceSystem\src\AttendanceSystem.API\AttendanceSystem.API.csproj]
C:\Users\HP\AttendanceSystem\src\AttendanceSystem.API\Controllers\NotificationsApiController.cs(45,38): warning CS1591: Missing XML comment for publicly visible type or member 'NotificationsApiController.MarkRead(Guid, CancellationToken)' [C:\Users\HP\AttendanceSystem\src\AttendanceSystem.API\AttendanceSystem.API.csproj]
C:\Users\HP\AttendanceSystem\src\AttendanceSystem.API\Controllers\NotificationsApiController.cs(58,73): warning CS1591: Missing XML comment for publicly visible type or member 'NotificationsApiController.UnreadCount(CancellationToken)' [C:\Users\HP\AttendanceSystem\src\AttendanceSystem.API\AttendanceSystem.API.csproj]
C:\Users\HP\AttendanceSystem\src\AttendanceSystem.API\Controllers\NotificationsApiController.cs(72,22): warning CS1591: Missing XML comment for publicly visible type or member 'NotificationApiDto' [C:\Users\HP\AttendanceSystem\src\AttendanceSystem.API\AttendanceSystem.API.csproj]
C:\Users\HP\AttendanceSystem\src\AttendanceSystem.API\Controllers\NotificationsApiController.cs(72,22): warning CS1591: Missing XML comment for publicly visible type or member 'NotificationApiDto.NotificationApiDto(Guid, string, string, DateTime, DateTime, bool)' [C:\Users\HP\AttendanceSystem\src\AttendanceSystem.API\AttendanceSystem.API.csproj]
C:\Users\HP\AttendanceSystem\src\AttendanceSystem.API\Controllers\NotificationsApiController.cs(72,46): warning CS1591: Missing XML comment for publicly visible type or member 'NotificationApiDto.Id' [C:\Users\HP\AttendanceSystem\src\AttendanceSystem.API\AttendanceSystem.API.csproj]
C:\Users\HP\AttendanceSystem\src\AttendanceSystem.API\Controllers\NotificationsApiController.cs(72,57): warning CS1591: Missing XML comment for publicly visible type or member 'NotificationApiDto.Title' [C:\Users\HP\AttendanceSystem\src\AttendanceSystem.API\AttendanceSystem.API.csproj]
C:\Users\HP\AttendanceSystem\src\AttendanceSystem.API\Controllers\NotificationsApiController.cs(72,71): warning CS1591: Missing XML comment for publicly visible type or member 'NotificationApiDto.Message' [C:\Users\HP\AttendanceSystem\src\AttendanceSystem.API\AttendanceSystem.API.csproj]
C:\Users\HP\AttendanceSystem\src\AttendanceSystem.API\Controllers\NotificationsApiController.cs(72,89): warning CS1591: Missing XML comment for publicly visible type or member 'NotificationApiDto.CreatedDate' [C:\Users\HP\AttendanceSystem\src\AttendanceSystem.API\AttendanceSystem.API.csproj]
C:\Users\HP\AttendanceSystem\src\AttendanceSystem.API\Controllers\NotificationsApiController.cs(72,111): warning CS1591: Missing XML comment for publicly visible type or member 'NotificationApiDto.CreatedAt' [C:\Users\HP\AttendanceSystem\src\AttendanceSystem.API\AttendanceSystem.API.csproj]
C:\Users\HP\AttendanceSystem\src\AttendanceSystem.API\Controllers\NotificationsApiController.cs(72,127): warning CS1591: Missing XML comment for publicly visible type or member 'NotificationApiDto.IsRead' [C:\Users\HP\AttendanceSystem\src\AttendanceSystem.API\AttendanceSystem.API.csproj]
C:\Users\HP\AttendanceSystem\src\AttendanceSystem.API\Controllers\ReportsApiController.cs(13,21): warning CS1591: Missing XML comment for publicly visible type or member 'ReportsApiController' [C:\Users\HP\AttendanceSystem\src\AttendanceSystem.API\AttendanceSystem.API.csproj]
C:\Users\HP\AttendanceSystem\src\AttendanceSystem.API\Controllers\ReportsApiController.cs(17,12): warning CS1591: Missing XML comment for publicly visible type or member 'ReportsApiController.ReportsApiController(ApplicationDbContext)' [C:\Users\HP\AttendanceSystem\src\AttendanceSystem.API\AttendanceSystem.API.csproj]
C:\Users\HP\AttendanceSystem\src\AttendanceSystem.API\Controllers\ReportsApiController.cs(20,84): warning CS1591: Missing XML comment for publicly visible type or member 'ReportsApiController.Attendance(DateOnly, DateOnly, int, int, CancellationToken)' [C:\Users\HP\AttendanceSystem\src\AttendanceSystem.API\AttendanceSystem.API.csproj]
C:\Users\HP\AttendanceSystem\src\AttendanceSystem.API\Controllers\ReportsApiController.cs(68,84): warning CS1591: Missing XML comment for publicly visible type or member 'ReportsApiController.Employees(int, int, CancellationToken)' [C:\Users\HP\AttendanceSystem\src\AttendanceSystem.API\AttendanceSystem.API.csproj]
C:\Users\HP\AttendanceSystem\src\AttendanceSystem.API\Controllers\ReportsApiController.cs(105,84): warning CS1591: Missing XML comment for publicly visible type or member 'ReportsApiController.Departments(int, int, CancellationToken)' [C:\Users\HP\AttendanceSystem\src\AttendanceSystem.API\AttendanceSystem.API.csproj]
C:\Users\HP\AttendanceSystem\src\AttendanceSystem.API\Controllers\ReportsApiController.cs(129,83): warning CS1591: Missing XML comment for publicly visible type or member 'ReportsApiController.Summary(DateOnly, DateOnly, CancellationToken)' [C:\Users\HP\AttendanceSystem\src\AttendanceSystem.API\AttendanceSystem.API.csproj]
C:\Users\HP\AttendanceSystem\src\AttendanceSystem.API\Controllers\ReportsApiController.cs(150,60): warning CS1591: Missing XML comment for publicly visible type or member 'ReportsApiController.OvertimeSummary(DateOnly, DateOnly, CancellationToken)' [C:\Users\HP\AttendanceSystem\src\AttendanceSystem.API\AttendanceSystem.API.csproj]
C:\Users\HP\AttendanceSystem\src\AttendanceSystem.API\Controllers\ReportsApiController.cs(165,38): warning CS1591: Missing XML comment for publicly visible type or member 'ReportsApiController.ExportExcel(string, DateOnly, DateOnly, CancellationToken)' [C:\Users\HP\AttendanceSystem\src\AttendanceSystem.API\AttendanceSystem.API.csproj]
C:\Users\HP\AttendanceSystem\src\AttendanceSystem.API\Controllers\ReportsApiController.cs(169,38): warning CS1591: Missing XML comment for publicly visible type or member 'ReportsApiController.ExportPdf(string, DateOnly, DateOnly, CancellationToken)' [C:\Users\HP\AttendanceSystem\src\AttendanceSystem.API\AttendanceSystem.API.csproj]
C:\Users\HP\AttendanceSystem\src\AttendanceSystem.API\Controllers\ReportsApiController.cs(199,22): warning CS1591: Missing XML comment for publicly visible type or member 'DepartmentReportSummaryApiDto' [C:\Users\HP\AttendanceSystem\src\AttendanceSystem.API\AttendanceSystem.API.csproj]
C:\Users\HP\AttendanceSystem\src\AttendanceSystem.API\Controllers\ReportsApiController.cs(199,22): warning CS1591: Missing XML comment for publicly visible type or member 'DepartmentReportSummaryApiDto.DepartmentReportSummaryApiDto(Guid, string, int, int, int)' [C:\Users\HP\AttendanceSystem\src\AttendanceSystem.API\AttendanceSystem.API.csproj]
C:\Users\HP\AttendanceSystem\src\AttendanceSystem.API\Controllers\ReportsApiController.cs(199,57): warning CS1591: Missing XML comment for publicly visible type or member 'DepartmentReportSummaryApiDto.DepartmentId' [C:\Users\HP\AttendanceSystem\src\AttendanceSystem.API\AttendanceSystem.API.csproj]
C:\Users\HP\AttendanceSystem\src\AttendanceSystem.API\Controllers\ReportsApiController.cs(199,78): warning CS1591: Missing XML comment for publicly visible type or member 'DepartmentReportSummaryApiDto.DepartmentName' [C:\Users\HP\AttendanceSystem\src\AttendanceSystem.API\AttendanceSystem.API.csproj]
C:\Users\HP\AttendanceSystem\src\AttendanceSystem.API\Controllers\ReportsApiController.cs(199,98): warning CS1591: Missing XML comment for publicly visible type or member 'DepartmentReportSummaryApiDto.Present' [C:\Users\HP\AttendanceSystem\src\AttendanceSystem.API\AttendanceSystem.API.csproj]
C:\Users\HP\AttendanceSystem\src\AttendanceSystem.API\Controllers\ReportsApiController.cs(199,111): warning CS1591: Missing XML comment for publicly visible type or member 'DepartmentReportSummaryApiDto.Late' [C:\Users\HP\AttendanceSystem\src\AttendanceSystem.API\AttendanceSystem.API.csproj]
C:\Users\HP\AttendanceSystem\src\AttendanceSystem.API\Controllers\ReportsApiController.cs(199,121): warning CS1591: Missing XML comment for publicly visible type or member 'DepartmentReportSummaryApiDto.Leave' [C:\Users\HP\AttendanceSystem\src\AttendanceSystem.API\AttendanceSystem.API.csproj]
C:\Users\HP\AttendanceSystem\src\AttendanceSystem.API\Controllers\ReportsApiController.cs(200,22): warning CS1591: Missing XML comment for publicly visible type or member 'OvertimeSummaryApiDto' [C:\Users\HP\AttendanceSystem\src\AttendanceSystem.API\AttendanceSystem.API.csproj]
C:\Users\HP\AttendanceSystem\src\AttendanceSystem.API\Controllers\ReportsApiController.cs(200,22): warning CS1591: Missing XML comment for publicly visible type or member 'OvertimeSummaryApiDto.OvertimeSummaryApiDto(decimal, decimal, decimal, int)' [C:\Users\HP\AttendanceSystem\src\AttendanceSystem.API\AttendanceSystem.API.csproj]
C:\Users\HP\AttendanceSystem\src\AttendanceSystem.API\Controllers\ReportsApiController.cs(200,52): warning CS1591: Missing XML comment for publicly visible type or member 'OvertimeSummaryApiDto.TotalOvertimeHours' [C:\Users\HP\AttendanceSystem\src\AttendanceSystem.API\AttendanceSystem.API.csproj]
C:\Users\HP\AttendanceSystem\src\AttendanceSystem.API\Controllers\ReportsApiController.cs(200,80): warning CS1591: Missing XML comment for publicly visible type or member 'OvertimeSummaryApiDto.AverageOvertimeHours' [C:\Users\HP\AttendanceSystem\src\AttendanceSystem.API\AttendanceSystem.API.csproj]
C:\Users\HP\AttendanceSystem\src\AttendanceSystem.API\Controllers\ReportsApiController.cs(200,110): warning CS1591: Missing XML comment for publicly visible type or member 'OvertimeSummaryApiDto.HighestOvertimeHours' [C:\Users\HP\AttendanceSystem\src\AttendanceSystem.API\AttendanceSystem.API.csproj]
C:\Users\HP\AttendanceSystem\src\AttendanceSystem.API\Controllers\ReportsApiController.cs(200,136): warning CS1591: Missing XML comment for publicly visible type or member 'OvertimeSummaryApiDto.RecordCount' [C:\Users\HP\AttendanceSystem\src\AttendanceSystem.API\AttendanceSystem.API.csproj]
C:\Users\HP\AttendanceSystem\src\AttendanceSystem.API\Controllers\SettingsApiController.cs(11,21): warning CS1591: Missing XML comment for publicly visible type or member 'SettingsApiController' [C:\Users\HP\AttendanceSystem\src\AttendanceSystem.API\AttendanceSystem.API.csproj]
C:\Users\HP\AttendanceSystem\src\AttendanceSystem.API\Controllers\SettingsApiController.cs(15,12): warning CS1591: Missing XML comment for publicly visible type or member 'SettingsApiController.SettingsApiController(ApplicationDbContext)' [C:\Users\HP\AttendanceSystem\src\AttendanceSystem.API\AttendanceSystem.API.csproj]
C:\Users\HP\AttendanceSystem\src\AttendanceSystem.API\Controllers\SettingsApiController.cs(18,48): warning CS1591: Missing XML comment for publicly visible type or member 'SettingsApiController.Company()' [C:\Users\HP\AttendanceSystem\src\AttendanceSystem.API\AttendanceSystem.API.csproj]
C:\Users\HP\AttendanceSystem\src\AttendanceSystem.API\Controllers\SettingsApiController.cs(22,60): warning CS1591: Missing XML comment for publicly visible type or member 'SettingsApiController.AttendanceRules(CancellationToken)' [C:\Users\HP\AttendanceSystem\src\AttendanceSystem.API\AttendanceSystem.API.csproj]
C:\Users\HP\AttendanceSystem\src\AttendanceSystem.API\Controllers\SettingsApiController.cs(29,66): warning CS1591: Missing XML comment for publicly visible type or member 'SettingsApiController.WorkSchedule(CancellationToken)' [C:\Users\HP\AttendanceSystem\src\AttendanceSystem.API\AttendanceSystem.API.csproj]
C:\Users\HP\AttendanceSystem\src\AttendanceSystem.API\Controllers\SettingsApiController.cs(44,56): warning CS1591: Missing XML comment for publicly visible type or member 'SettingsApiController.Gps(CancellationToken)' [C:\Users\HP\AttendanceSystem\src\AttendanceSystem.API\AttendanceSystem.API.csproj]
C:\Users\HP\AttendanceSystem\src\AttendanceSystem.API\Controllers\SettingsApiController.cs(56,82): warning CS1591: Missing XML comment for publicly visible type or member 'SettingsApiController.OfficeLocations(CancellationToken)' [C:\Users\HP\AttendanceSystem\src\AttendanceSystem.API\AttendanceSystem.API.csproj]
C:\Users\HP\AttendanceSystem\src\AttendanceSystem.API\Controllers\SettingsApiController.cs(68,22): warning CS1591: Missing XML comment for publicly visible type or member 'CompanySettingsApiDto' [C:\Users\HP\AttendanceSystem\src\AttendanceSystem.API\AttendanceSystem.API.csproj]
C:\Users\HP\AttendanceSystem\src\AttendanceSystem.API\Controllers\SettingsApiController.cs(68,22): warning CS1591: Missing XML comment for publicly visible type or member 'CompanySettingsApiDto.CompanySettingsApiDto(string?, string?, string?, string?, string?)' [C:\Users\HP\AttendanceSystem\src\AttendanceSystem.API\AttendanceSystem.API.csproj]
C:\Users\HP\AttendanceSystem\src\AttendanceSystem.API\Controllers\SettingsApiController.cs(68,52): warning CS1591: Missing XML comment for publicly visible type or member 'CompanySettingsApiDto.CompanyName' [C:\Users\HP\AttendanceSystem\src\AttendanceSystem.API\AttendanceSystem.API.csproj]
C:\Users\HP\AttendanceSystem\src\AttendanceSystem.API\Controllers\SettingsApiController.cs(68,73): warning CS1591: Missing XML comment for publicly visible type or member 'CompanySettingsApiDto.TimeZone' [C:\Users\HP\AttendanceSystem\src\AttendanceSystem.API\AttendanceSystem.API.csproj]
C:\Users\HP\AttendanceSystem\src\AttendanceSystem.API\Controllers\SettingsApiController.cs(68,91): warning CS1591: Missing XML comment for publicly visible type or member 'CompanySettingsApiDto.DateFormat' [C:\Users\HP\AttendanceSystem\src\AttendanceSystem.API\AttendanceSystem.API.csproj]
C:\Users\HP\AttendanceSystem\src\AttendanceSystem.API\Controllers\SettingsApiController.cs(68,111): warning CS1591: Missing XML comment for publicly visible type or member 'CompanySettingsApiDto.TimeFormat' [C:\Users\HP\AttendanceSystem\src\AttendanceSystem.API\AttendanceSystem.API.csproj]
C:\Users\HP\AttendanceSystem\src\AttendanceSystem.API\Controllers\SettingsApiController.cs(68,131): warning CS1591: Missing XML comment for publicly visible type or member 'CompanySettingsApiDto.LogoUrl' [C:\Users\HP\AttendanceSystem\src\AttendanceSystem.API\AttendanceSystem.API.csproj]
C:\Users\HP\AttendanceSystem\src\AttendanceSystem.API\Controllers\SettingsApiController.cs(69,22): warning CS1591: Missing XML comment for publicly visible type or member 'AttendanceRulesApiDto' [C:\Users\HP\AttendanceSystem\src\AttendanceSystem.API\AttendanceSystem.API.csproj]
C:\Users\HP\AttendanceSystem\src\AttendanceSystem.API\Controllers\SettingsApiController.cs(69,22): warning CS1591: Missing XML comment for publicly visible type or member 'AttendanceRulesApiDto.AttendanceRulesApiDto(int, bool, bool, bool, bool)' [C:\Users\HP\AttendanceSystem\src\AttendanceSystem.API\AttendanceSystem.API.csproj]
C:\Users\HP\AttendanceSystem\src\AttendanceSystem.API\Controllers\SettingsApiController.cs(69,48): warning CS1591: Missing XML comment for publicly visible type or member 'AttendanceRulesApiDto.GraceMinutes' [C:\Users\HP\AttendanceSystem\src\AttendanceSystem.API\AttendanceSystem.API.csproj]
C:\Users\HP\AttendanceSystem\src\AttendanceSystem.API\Controllers\SettingsApiController.cs(69,67): warning CS1591: Missing XML comment for publicly visible type or member 'AttendanceRulesApiDto.RequireGpsForCheckIn' [C:\Users\HP\AttendanceSystem\src\AttendanceSystem.API\AttendanceSystem.API.csproj]
C:\Users\HP\AttendanceSystem\src\AttendanceSystem.API\Controllers\SettingsApiController.cs(69,94): warning CS1591: Missing XML comment for publicly visible type or member 'AttendanceRulesApiDto.RequireGpsForCheckOut' [C:\Users\HP\AttendanceSystem\src\AttendanceSystem.API\AttendanceSystem.API.csproj]
C:\Users\HP\AttendanceSystem\src\AttendanceSystem.API\Controllers\SettingsApiController.cs(69,122): warning CS1591: Missing XML comment for publicly visible type or member 'AttendanceRulesApiDto.AllowRemoteCheckIn' [C:\Users\HP\AttendanceSystem\src\AttendanceSystem.API\AttendanceSystem.API.csproj]
C:\Users\HP\AttendanceSystem\src\AttendanceSystem.API\Controllers\SettingsApiController.cs(69,147): warning CS1591: Missing XML comment for publicly visible type or member 'AttendanceRulesApiDto.OvertimeEnabled' [C:\Users\HP\AttendanceSystem\src\AttendanceSystem.API\AttendanceSystem.API.csproj]
C:\Users\HP\AttendanceSystem\src\AttendanceSystem.API\Controllers\SettingsApiController.cs(70,22): warning CS1591: Missing XML comment for publicly visible type or member 'WorkScheduleSettingsApiDto' [C:\Users\HP\AttendanceSystem\src\AttendanceSystem.API\AttendanceSystem.API.csproj]
C:\Users\HP\AttendanceSystem\src\AttendanceSystem.API\Controllers\SettingsApiController.cs(70,22): warning CS1591: Missing XML comment for publicly visible type or member 'WorkScheduleSettingsApiDto.WorkScheduleSettingsApiDto(string?, TimeOnly?, TimeOnly?, int, decimal)' [C:\Users\HP\AttendanceSystem\src\AttendanceSystem.API\AttendanceSystem.API.csproj]
C:\Users\HP\AttendanceSystem\src\AttendanceSystem.API\Controllers\SettingsApiController.cs(70,57): warning CS1591: Missing XML comment for publicly visible type or member 'WorkScheduleSettingsApiDto.Name' [C:\Users\HP\AttendanceSystem\src\AttendanceSystem.API\AttendanceSystem.API.csproj]
C:\Users\HP\AttendanceSystem\src\AttendanceSystem.API\Controllers\SettingsApiController.cs(70,73): warning CS1591: Missing XML comment for publicly visible type or member 'WorkScheduleSettingsApiDto.ShiftStart' [C:\Users\HP\AttendanceSystem\src\AttendanceSystem.API\AttendanceSystem.API.csproj]
C:\Users\HP\AttendanceSystem\src\AttendanceSystem.API\Controllers\SettingsApiController.cs(70,95): warning CS1591: Missing XML comment for publicly visible type or member 'WorkScheduleSettingsApiDto.ShiftEnd' [C:\Users\HP\AttendanceSystem\src\AttendanceSystem.API\AttendanceSystem.API.csproj]
C:\Users\HP\AttendanceSystem\src\AttendanceSystem.API\Controllers\SettingsApiController.cs(70,109): warning CS1591: Missing XML comment for publicly visible type or member 'WorkScheduleSettingsApiDto.BreakDurationMinutes' [C:\Users\HP\AttendanceSystem\src\AttendanceSystem.API\AttendanceSystem.API.csproj]
C:\Users\HP\AttendanceSystem\src\AttendanceSystem.API\Controllers\SettingsApiController.cs(70,139): warning CS1591: Missing XML comment for publicly visible type or member 'WorkScheduleSettingsApiDto.StandardHoursPerDay' [C:\Users\HP\AttendanceSystem\src\AttendanceSystem.API\AttendanceSystem.API.csproj]
C:\Users\HP\AttendanceSystem\src\AttendanceSystem.API\Controllers\SettingsApiController.cs(71,22): warning CS1591: Missing XML comment for publicly visible type or member 'OfficeLocationSettingsApiDto' [C:\Users\HP\AttendanceSystem\src\AttendanceSystem.API\AttendanceSystem.API.csproj]
C:\Users\HP\AttendanceSystem\src\AttendanceSystem.API\Controllers\SettingsApiController.cs(71,22): warning CS1591: Missing XML comment for publicly visible type or member 'OfficeLocationSettingsApiDto.OfficeLocationSettingsApiDto(Guid, string, double, double, int, bool)' [C:\Users\HP\AttendanceSystem\src\AttendanceSystem.API\AttendanceSystem.API.csproj]
C:\Users\HP\AttendanceSystem\src\AttendanceSystem.API\Controllers\SettingsApiController.cs(71,56): warning CS1591: Missing XML comment for publicly visible type or member 'OfficeLocationSettingsApiDto.Id' [C:\Users\HP\AttendanceSystem\src\AttendanceSystem.API\AttendanceSystem.API.csproj]
C:\Users\HP\AttendanceSystem\src\AttendanceSystem.API\Controllers\SettingsApiController.cs(71,67): warning CS1591: Missing XML comment for publicly visible type or member 'OfficeLocationSettingsApiDto.Name' [C:\Users\HP\AttendanceSystem\src\AttendanceSystem.API\AttendanceSystem.API.csproj]
C:\Users\HP\AttendanceSystem\src\AttendanceSystem.API\Controllers\SettingsApiController.cs(71,80): warning CS1591: Missing XML comment for publicly visible type or member 'OfficeLocationSettingsApiDto.Latitude' [C:\Users\HP\AttendanceSystem\src\AttendanceSystem.API\AttendanceSystem.API.csproj]
C:\Users\HP\AttendanceSystem\src\AttendanceSystem.API\Controllers\SettingsApiController.cs(71,97): warning CS1591: Missing XML comment for publicly visible type or member 'OfficeLocationSettingsApiDto.Longitude' [C:\Users\HP\AttendanceSystem\src\AttendanceSystem.API\AttendanceSystem.API.csproj]
C:\Users\HP\AttendanceSystem\src\AttendanceSystem.API\Controllers\SettingsApiController.cs(71,112): warning CS1591: Missing XML comment for publicly visible type or member 'OfficeLocationSettingsApiDto.RadiusMeters' [C:\Users\HP\AttendanceSystem\src\AttendanceSystem.API\AttendanceSystem.API.csproj]
C:\Users\HP\AttendanceSystem\src\AttendanceSystem.API\Controllers\SettingsApiController.cs(71,131): warning CS1591: Missing XML comment for publicly visible type or member 'OfficeLocationSettingsApiDto.IsActive' [C:\Users\HP\AttendanceSystem\src\AttendanceSystem.API\AttendanceSystem.API.csproj]
C:\Users\HP\AttendanceSystem\src\AttendanceSystem.API\Controllers\SettingsApiController.cs(72,22): warning CS1591: Missing XML comment for publicly visible type or member 'GpsSettingsApiDto' [C:\Users\HP\AttendanceSystem\src\AttendanceSystem.API\AttendanceSystem.API.csproj]
C:\Users\HP\AttendanceSystem\src\AttendanceSystem.API\Controllers\SettingsApiController.cs(72,22): warning CS1591: Missing XML comment for publicly visible type or member 'GpsSettingsApiDto.GpsSettingsApiDto(bool, double, double, double, bool)' [C:\Users\HP\AttendanceSystem\src\AttendanceSystem.API\AttendanceSystem.API.csproj]
C:\Users\HP\AttendanceSystem\src\AttendanceSystem.API\Controllers\SettingsApiController.cs(72,45): warning CS1591: Missing XML comment for publicly visible type or member 'GpsSettingsApiDto.Enabled' [C:\Users\HP\AttendanceSystem\src\AttendanceSystem.API\AttendanceSystem.API.csproj]
C:\Users\HP\AttendanceSystem\src\AttendanceSystem.API\Controllers\SettingsApiController.cs(72,61): warning CS1591: Missing XML comment for publicly visible type or member 'GpsSettingsApiDto.OfficeLatitude' [C:\Users\HP\AttendanceSystem\src\AttendanceSystem.API\AttendanceSystem.API.csproj]
C:\Users\HP\AttendanceSystem\src\AttendanceSystem.API\Controllers\SettingsApiController.cs(72,84): warning CS1591: Missing XML comment for publicly visible type or member 'GpsSettingsApiDto.OfficeLongitude' [C:\Users\HP\AttendanceSystem\src\AttendanceSystem.API\AttendanceSystem.API.csproj]
C:\Users\HP\AttendanceSystem\src\AttendanceSystem.API\Controllers\SettingsApiController.cs(72,108): warning CS1591: Missing XML comment for publicly visible type or member 'GpsSettingsApiDto.AllowedRadiusMeters' [C:\Users\HP\AttendanceSystem\src\AttendanceSystem.API\AttendanceSystem.API.csproj]
C:\Users\HP\AttendanceSystem\src\AttendanceSystem.API\Controllers\SettingsApiController.cs(72,134): warning CS1591: Missing XML comment for publicly visible type or member 'GpsSettingsApiDto.BlockOutsideRadius' [C:\Users\HP\AttendanceSystem\src\AttendanceSystem.API\AttendanceSystem.API.csproj]
C:\Users\HP\AttendanceSystem\src\AttendanceSystem.API\Dtos\EmployeeStatisticsDto.cs(6,18): warning CS1591: Missing XML comment for publicly visible type or member 'EmployeeStatisticsDto' [C:\Users\HP\AttendanceSystem\src\AttendanceSystem.API\AttendanceSystem.API.csproj]
C:\Users\HP\AttendanceSystem\src\AttendanceSystem.API\Dtos\EmployeeStatisticsDto.cs(8,27): warning CS1591: Missing XML comment for publicly visible type or member 'EmployeeStatisticsDto.Summary' [C:\Users\HP\AttendanceSystem\src\AttendanceSystem.API\AttendanceSystem.API.csproj]
C:\Users\HP\AttendanceSystem\src\AttendanceSystem.API\Dtos\EmployeeStatisticsDto.cs(9,39): warning CS1591: Missing XML comment for publicly visible type or member 'EmployeeStatisticsDto.AttendanceAnalytics' [C:\Users\HP\AttendanceSystem\src\AttendanceSystem.API\AttendanceSystem.API.csproj]
C:\Users\HP\AttendanceSystem\src\AttendanceSystem.API\Dtos\EmployeeStatisticsDto.cs(10,43): warning CS1591: Missing XML comment for publicly visible type or member 'EmployeeStatisticsDto.AttendanceHistory' [C:\Users\HP\AttendanceSystem\src\AttendanceSystem.API\AttendanceSystem.API.csproj]
C:\Users\HP\AttendanceSystem\src\AttendanceSystem.API\Dtos\EmployeeStatisticsDto.cs(11,35): warning CS1591: Missing XML comment for publicly visible type or member 'EmployeeStatisticsDto.LeaveStatistics' [C:\Users\HP\AttendanceSystem\src\AttendanceSystem.API\AttendanceSystem.API.csproj]
C:\Users\HP\AttendanceSystem\src\AttendanceSystem.API\Dtos\EmployeeStatisticsDto.cs(12,33): warning CS1591: Missing XML comment for publicly visible type or member 'EmployeeStatisticsDto.GpsStatistics' [C:\Users\HP\AttendanceSystem\src\AttendanceSystem.API\AttendanceSystem.API.csproj]
C:\Users\HP\AttendanceSystem\src\AttendanceSystem.API\Dtos\EmployeeStatisticsDto.cs(15,18): warning CS1591: Missing XML comment for publicly visible type or member 'SummaryDto' [C:\Users\HP\AttendanceSystem\src\AttendanceSystem.API\AttendanceSystem.API.csproj]
C:\Users\HP\AttendanceSystem\src\AttendanceSystem.API\Dtos\EmployeeStatisticsDto.cs(17,20): warning CS1591: Missing XML comment for publicly visible type or member 'SummaryDto.TotalWorkingDays' [C:\Users\HP\AttendanceSystem\src\AttendanceSystem.API\AttendanceSystem.API.csproj]
C:\Users\HP\AttendanceSystem\src\AttendanceSystem.API\Dtos\EmployeeStatisticsDto.cs(18,20): warning CS1591: Missing XML comment for publicly visible type or member 'SummaryDto.PresentDays' [C:\Users\HP\AttendanceSystem\src\AttendanceSystem.API\AttendanceSystem.API.csproj]
C:\Users\HP\AttendanceSystem\src\AttendanceSystem.API\Dtos\EmployeeStatisticsDto.cs(19,20): warning CS1591: Missing XML comment for publicly visible type or member 'SummaryDto.LateDays' [C:\Users\HP\AttendanceSystem\src\AttendanceSystem.API\AttendanceSystem.API.csproj]
C:\Users\HP\AttendanceSystem\src\AttendanceSystem.API\Dtos\EmployeeStatisticsDto.cs(20,20): warning CS1591: Missing XML comment for publicly visible type or member 'SummaryDto.AbsentDays' [C:\Users\HP\AttendanceSystem\src\AttendanceSystem.API\AttendanceSystem.API.csproj]
C:\Users\HP\AttendanceSystem\src\AttendanceSystem.API\Dtos\EmployeeStatisticsDto.cs(21,23): warning CS1591: Missing XML comment for publicly visible type or member 'SummaryDto.TotalWorkingHours' [C:\Users\HP\AttendanceSystem\src\AttendanceSystem.API\AttendanceSystem.API.csproj]
C:\Users\HP\AttendanceSystem\src\AttendanceSystem.API\Dtos\EmployeeStatisticsDto.cs(22,23): warning CS1591: Missing XML comment for publicly visible type or member 'SummaryDto.OvertimeHours' [C:\Users\HP\AttendanceSystem\src\AttendanceSystem.API\AttendanceSystem.API.csproj]
C:\Users\HP\AttendanceSystem\src\AttendanceSystem.API\Dtos\EmployeeStatisticsDto.cs(23,20): warning CS1591: Missing XML comment for publicly visible type or member 'SummaryDto.LeaveRequests' [C:\Users\HP\AttendanceSystem\src\AttendanceSystem.API\AttendanceSystem.API.csproj]
C:\Users\HP\AttendanceSystem\src\AttendanceSystem.API\Dtos\EmployeeStatisticsDto.cs(24,20): warning CS1591: Missing XML comment for publicly visible type or member 'SummaryDto.ApprovedLeaves' [C:\Users\HP\AttendanceSystem\src\AttendanceSystem.API\AttendanceSystem.API.csproj]
C:\Users\HP\AttendanceSystem\src\AttendanceSystem.API\Dtos\EmployeeStatisticsDto.cs(26,24): warning CS1591: Missing XML comment for publicly visible type or member 'SummaryDto.TotalWorkingDaysChange' [C:\Users\HP\AttendanceSystem\src\AttendanceSystem.API\AttendanceSystem.API.csproj]
C:\Users\HP\AttendanceSystem\src\AttendanceSystem.API\Dtos\EmployeeStatisticsDto.cs(27,24): warning CS1591: Missing XML comment for publicly visible type or member 'SummaryDto.PresentDaysChange' [C:\Users\HP\AttendanceSystem\src\AttendanceSystem.API\AttendanceSystem.API.csproj]
C:\Users\HP\AttendanceSystem\src\AttendanceSystem.API\Dtos\EmployeeStatisticsDto.cs(28,24): warning CS1591: Missing XML comment for publicly visible type or member 'SummaryDto.LateDaysChange' [C:\Users\HP\AttendanceSystem\src\AttendanceSystem.API\AttendanceSystem.API.csproj]
C:\Users\HP\AttendanceSystem\src\AttendanceSystem.API\Dtos\EmployeeStatisticsDto.cs(29,24): warning CS1591: Missing XML comment for publicly visible type or member 'SummaryDto.AbsentDaysChange' [C:\Users\HP\AttendanceSystem\src\AttendanceSystem.API\AttendanceSystem.API.csproj]
C:\Users\HP\AttendanceSystem\src\AttendanceSystem.API\Dtos\EmployeeStatisticsDto.cs(30,24): warning CS1591: Missing XML comment for publicly visible type or member 'SummaryDto.TotalWorkingHoursChange' [C:\Users\HP\AttendanceSystem\src\AttendanceSystem.API\AttendanceSystem.API.csproj]
C:\Users\HP\AttendanceSystem\src\AttendanceSystem.API\Dtos\EmployeeStatisticsDto.cs(31,24): warning CS1591: Missing XML comment for publicly visible type or member 'SummaryDto.OvertimeHoursChange' [C:\Users\HP\AttendanceSystem\src\AttendanceSystem.API\AttendanceSystem.API.csproj]
C:\Users\HP\AttendanceSystem\src\AttendanceSystem.API\Dtos\EmployeeStatisticsDto.cs(32,24): warning CS1591: Missing XML comment for publicly visible type or member 'SummaryDto.LeaveRequestsChange' [C:\Users\HP\AttendanceSystem\src\AttendanceSystem.API\AttendanceSystem.API.csproj]
C:\Users\HP\AttendanceSystem\src\AttendanceSystem.API\Dtos\EmployeeStatisticsDto.cs(33,24): warning CS1591: Missing XML comment for publicly visible type or member 'SummaryDto.ApprovedLeavesChange' [C:\Users\HP\AttendanceSystem\src\AttendanceSystem.API\AttendanceSystem.API.csproj]
C:\Users\HP\AttendanceSystem\src\AttendanceSystem.API\Dtos\EmployeeStatisticsDto.cs(36,18): warning CS1591: Missing XML comment for publicly visible type or member 'AttendanceAnalyticsDto' [C:\Users\HP\AttendanceSystem\src\AttendanceSystem.API\AttendanceSystem.API.csproj]
C:\Users\HP\AttendanceSystem\src\AttendanceSystem.API\Dtos\EmployeeStatisticsDto.cs(38,23): warning CS1591: Missing XML comment for publicly visible type or member 'AttendanceAnalyticsDto.MonthlyAttendanceRate' [C:\Users\HP\AttendanceSystem\src\AttendanceSystem.API\AttendanceSystem.API.csproj]
C:\Users\HP\AttendanceSystem\src\AttendanceSystem.API\Dtos\EmployeeStatisticsDto.cs(39,23): warning CS1591: Missing XML comment for publicly visible type or member 'AttendanceAnalyticsDto.MonthlyWorkingHours' [C:\Users\HP\AttendanceSystem\src\AttendanceSystem.API\AttendanceSystem.API.csproj]
C:\Users\HP\AttendanceSystem\src\AttendanceSystem.API\Dtos\EmployeeStatisticsDto.cs(40,23): warning CS1591: Missing XML comment for publicly visible type or member 'AttendanceAnalyticsDto.MonthlyOvertime' [C:\Users\HP\AttendanceSystem\src\AttendanceSystem.API\AttendanceSystem.API.csproj]
C:\Users\HP\AttendanceSystem\src\AttendanceSystem.API\Dtos\EmployeeStatisticsDto.cs(41,23): warning CS1591: Missing XML comment for publicly visible type or member 'AttendanceAnalyticsDto.MonthlyLateMinutes' [C:\Users\HP\AttendanceSystem\src\AttendanceSystem.API\AttendanceSystem.API.csproj]
C:\Users\HP\AttendanceSystem\src\AttendanceSystem.API\Dtos\EmployeeStatisticsDto.cs(42,48): warning CS1591: Missing XML comment for publicly visible type or member 'AttendanceAnalyticsDto.MonthlyChartData' [C:\Users\HP\AttendanceSystem\src\AttendanceSystem.API\AttendanceSystem.API.csproj]
C:\Users\HP\AttendanceSystem\src\AttendanceSystem.API\Dtos\EmployeeStatisticsDto.cs(45,18): warning CS1591: Missing XML comment for publicly visible type or member 'MonthlyAttendanceChartDto' [C:\Users\HP\AttendanceSystem\src\AttendanceSystem.API\AttendanceSystem.API.csproj]
C:\Users\HP\AttendanceSystem\src\AttendanceSystem.API\Dtos\EmployeeStatisticsDto.cs(47,23): warning CS1591: Missing XML comment for publicly visible type or member 'MonthlyAttendanceChartDto.Month' [C:\Users\HP\AttendanceSystem\src\AttendanceSystem.API\AttendanceSystem.API.csproj]
C:\Users\HP\AttendanceSystem\src\AttendanceSystem.API\Dtos\EmployeeStatisticsDto.cs(48,23): warning CS1591: Missing XML comment for publicly visible type or member 'MonthlyAttendanceChartDto.AttendanceRate' [C:\Users\HP\AttendanceSystem\src\AttendanceSystem.API\AttendanceSystem.API.csproj]
C:\Users\HP\AttendanceSystem\src\AttendanceSystem.API\Dtos\EmployeeStatisticsDto.cs(49,23): warning CS1591: Missing XML comment for publicly visible type or member 'MonthlyAttendanceChartDto.WorkingHours' [C:\Users\HP\AttendanceSystem\src\AttendanceSystem.API\AttendanceSystem.API.csproj]
C:\Users\HP\AttendanceSystem\src\AttendanceSystem.API\Dtos\EmployeeStatisticsDto.cs(50,23): warning CS1591: Missing XML comment for publicly visible type or member 'MonthlyAttendanceChartDto.Overtime' [C:\Users\HP\AttendanceSystem\src\AttendanceSystem.API\AttendanceSystem.API.csproj]
C:\Users\HP\AttendanceSystem\src\AttendanceSystem.API\Dtos\EmployeeStatisticsDto.cs(51,23): warning CS1591: Missing XML comment for publicly visible type or member 'MonthlyAttendanceChartDto.LateMinutes' [C:\Users\HP\AttendanceSystem\src\AttendanceSystem.API\AttendanceSystem.API.csproj]
C:\Users\HP\AttendanceSystem\src\AttendanceSystem.API\Dtos\EmployeeStatisticsDto.cs(54,18): warning CS1591: Missing XML comment for publicly visible type or member 'AttendanceHistoryDto' [C:\Users\HP\AttendanceSystem\src\AttendanceSystem.API\AttendanceSystem.API.csproj]
C:\Users\HP\AttendanceSystem\src\AttendanceSystem.API\Dtos\EmployeeStatisticsDto.cs(56,25): warning CS1591: Missing XML comment for publicly visible type or member 'AttendanceHistoryDto.Date' [C:\Users\HP\AttendanceSystem\src\AttendanceSystem.API\AttendanceSystem.API.csproj]
C:\Users\HP\AttendanceSystem\src\AttendanceSystem.API\Dtos\EmployeeStatisticsDto.cs(57,26): warning CS1591: Missing XML comment for publicly visible type or member 'AttendanceHistoryDto.CheckInTime' [C:\Users\HP\AttendanceSystem\src\AttendanceSystem.API\AttendanceSystem.API.csproj]
C:\Users\HP\AttendanceSystem\src\AttendanceSystem.API\Dtos\EmployeeStatisticsDto.cs(58,26): warning CS1591: Missing XML comment for publicly visible type or member 'AttendanceHistoryDto.CheckOutTime' [C:\Users\HP\AttendanceSystem\src\AttendanceSystem.API\AttendanceSystem.API.csproj]
C:\Users\HP\AttendanceSystem\src\AttendanceSystem.API\Dtos\EmployeeStatisticsDto.cs(59,23): warning CS1591: Missing XML comment for publicly visible type or member 'AttendanceHistoryDto.WorkHours' [C:\Users\HP\AttendanceSystem\src\AttendanceSystem.API\AttendanceSystem.API.csproj]
C:\Users\HP\AttendanceSystem\src\AttendanceSystem.API\Dtos\EmployeeStatisticsDto.cs(60,23): warning CS1591: Missing XML comment for publicly visible type or member 'AttendanceHistoryDto.OvertimeHours' [C:\Users\HP\AttendanceSystem\src\AttendanceSystem.API\AttendanceSystem.API.csproj]
C:\Users\HP\AttendanceSystem\src\AttendanceSystem.API\Dtos\EmployeeStatisticsDto.cs(61,20): warning CS1591: Missing XML comment for publicly visible type or member 'AttendanceHistoryDto.LateMinutes' [C:\Users\HP\AttendanceSystem\src\AttendanceSystem.API\AttendanceSystem.API.csproj]
C:\Users\HP\AttendanceSystem\src\AttendanceSystem.API\Dtos\EmployeeStatisticsDto.cs(62,23): warning CS1591: Missing XML comment for publicly visible type or member 'AttendanceHistoryDto.Status' [C:\Users\HP\AttendanceSystem\src\AttendanceSystem.API\AttendanceSystem.API.csproj]
C:\Users\HP\AttendanceSystem\src\AttendanceSystem.API\Dtos\EmployeeStatisticsDto.cs(63,23): warning CS1591: Missing XML comment for publicly visible type or member 'AttendanceHistoryDto.VerificationMethod' [C:\Users\HP\AttendanceSystem\src\AttendanceSystem.API\AttendanceSystem.API.csproj]
C:\Users\HP\AttendanceSystem\src\AttendanceSystem.API\Dtos\EmployeeStatisticsDto.cs(66,18): warning CS1591: Missing XML comment for publicly visible type or member 'LeaveStatisticsDto' [C:\Users\HP\AttendanceSystem\src\AttendanceSystem.API\AttendanceSystem.API.csproj]
C:\Users\HP\AttendanceSystem\src\AttendanceSystem.API\Dtos\EmployeeStatisticsDto.cs(68,20): warning CS1591: Missing XML comment for publicly visible type or member 'LeaveStatisticsDto.TotalRequests' [C:\Users\HP\AttendanceSystem\src\AttendanceSystem.API\AttendanceSystem.API.csproj]
C:\Users\HP\AttendanceSystem\src\AttendanceSystem.API\Dtos\EmployeeStatisticsDto.cs(69,20): warning CS1591: Missing XML comment for publicly visible type or member 'LeaveStatisticsDto.Approved' [C:\Users\HP\AttendanceSystem\src\AttendanceSystem.API\AttendanceSystem.API.csproj]
C:\Users\HP\AttendanceSystem\src\AttendanceSystem.API\Dtos\EmployeeStatisticsDto.cs(70,20): warning CS1591: Missing XML comment for publicly visible type or member 'LeaveStatisticsDto.Rejected' [C:\Users\HP\AttendanceSystem\src\AttendanceSystem.API\AttendanceSystem.API.csproj]
C:\Users\HP\AttendanceSystem\src\AttendanceSystem.API\Dtos\EmployeeStatisticsDto.cs(71,20): warning CS1591: Missing XML comment for publicly visible type or member 'LeaveStatisticsDto.Pending' [C:\Users\HP\AttendanceSystem\src\AttendanceSystem.API\AttendanceSystem.API.csproj]
C:\Users\HP\AttendanceSystem\src\AttendanceSystem.API\Dtos\EmployeeStatisticsDto.cs(72,38): warning CS1591: Missing XML comment for publicly visible type or member 'LeaveStatisticsDto.LeaveHistory' [C:\Users\HP\AttendanceSystem\src\AttendanceSystem.API\AttendanceSystem.API.csproj]
C:\Users\HP\AttendanceSystem\src\AttendanceSystem.API\Dtos\EmployeeStatisticsDto.cs(75,18): warning CS1591: Missing XML comment for publicly visible type or member 'LeaveHistoryDto' [C:\Users\HP\AttendanceSystem\src\AttendanceSystem.API\AttendanceSystem.API.csproj]
C:\Users\HP\AttendanceSystem\src\AttendanceSystem.API\Dtos\EmployeeStatisticsDto.cs(77,21): warning CS1591: Missing XML comment for publicly visible type or member 'LeaveHistoryDto.LeaveRequestId' [C:\Users\HP\AttendanceSystem\src\AttendanceSystem.API\AttendanceSystem.API.csproj]
C:\Users\HP\AttendanceSystem\src\AttendanceSystem.API\Dtos\EmployeeStatisticsDto.cs(78,25): warning CS1591: Missing XML comment for publicly visible type or member 'LeaveHistoryDto.StartDate' [C:\Users\HP\AttendanceSystem\src\AttendanceSystem.API\AttendanceSystem.API.csproj]
C:\Users\HP\AttendanceSystem\src\AttendanceSystem.API\Dtos\EmployeeStatisticsDto.cs(79,25): warning CS1591: Missing XML comment for publicly visible type or member 'LeaveHistoryDto.EndDate' [C:\Users\HP\AttendanceSystem\src\AttendanceSystem.API\AttendanceSystem.API.csproj]
C:\Users\HP\AttendanceSystem\src\AttendanceSystem.API\Dtos\EmployeeStatisticsDto.cs(80,23): warning CS1591: Missing XML comment for publicly visible type or member 'LeaveHistoryDto.LeaveType' [C:\Users\HP\AttendanceSystem\src\AttendanceSystem.API\AttendanceSystem.API.csproj]
C:\Users\HP\AttendanceSystem\src\AttendanceSystem.API\Dtos\EmployeeStatisticsDto.cs(81,23): warning CS1591: Missing XML comment for publicly visible type or member 'LeaveHistoryDto.Status' [C:\Users\HP\AttendanceSystem\src\AttendanceSystem.API\AttendanceSystem.API.csproj]
C:\Users\HP\AttendanceSystem\src\AttendanceSystem.API\Dtos\EmployeeStatisticsDto.cs(82,25): warning CS1591: Missing XML comment for publicly visible type or member 'LeaveHistoryDto.RequestDate' [C:\Users\HP\AttendanceSystem\src\AttendanceSystem.API\AttendanceSystem.API.csproj]
C:\Users\HP\AttendanceSystem\src\AttendanceSystem.API\Dtos\EmployeeStatisticsDto.cs(85,18): warning CS1591: Missing XML comment for publicly visible type or member 'GpsStatisticsDto' [C:\Users\HP\AttendanceSystem\src\AttendanceSystem.API\AttendanceSystem.API.csproj]
C:\Users\HP\AttendanceSystem\src\AttendanceSystem.API\Dtos\EmployeeStatisticsDto.cs(87,20): warning CS1591: Missing XML comment for publicly visible type or member 'GpsStatisticsDto.TotalGpsRecords' [C:\Users\HP\AttendanceSystem\src\AttendanceSystem.API\AttendanceSystem.API.csproj]
C:\Users\HP\AttendanceSystem\src\AttendanceSystem.API\Dtos\EmployeeStatisticsDto.cs(88,25): warning CS1591: Missing XML comment for publicly visible type or member 'GpsStatisticsDto.LastGpsActivity' [C:\Users\HP\AttendanceSystem\src\AttendanceSystem.API\AttendanceSystem.API.csproj]
C:\Users\HP\AttendanceSystem\src\AttendanceSystem.API\Dtos\EmployeeStatisticsDto.cs(89,20): warning CS1591: Missing XML comment for publicly visible type or member 'GpsStatisticsDto.OfficeCheckins' [C:\Users\HP\AttendanceSystem\src\AttendanceSystem.API\AttendanceSystem.API.csproj]
C:\Users\HP\AttendanceSystem\src\AttendanceSystem.API\Dtos\EmployeeStatisticsDto.cs(90,20): warning CS1591: Missing XML comment for publicly visible type or member 'GpsStatisticsDto.RemoteCheckins' [C:\Users\HP\AttendanceSystem\src\AttendanceSystem.API\AttendanceSystem.API.csproj]
C:\Users\HP\AttendanceSystem\src\AttendanceSystem.API\Dtos\EmployeeStatisticsDto.cs(91,36): warning CS1591: Missing XML comment for publicly visible type or member 'GpsStatisticsDto.GpsHistory' [C:\Users\HP\AttendanceSystem\src\AttendanceSystem.API\AttendanceSystem.API.csproj]
C:\Users\HP\AttendanceSystem\src\AttendanceSystem.API\Dtos\EmployeeStatisticsDto.cs(94,18): warning CS1591: Missing XML comment for publicly visible type or member 'GpsHistoryDto' [C:\Users\HP\AttendanceSystem\src\AttendanceSystem.API\AttendanceSystem.API.csproj]
C:\Users\HP\AttendanceSystem\src\AttendanceSystem.API\Dtos\EmployeeStatisticsDto.cs(96,21): warning CS1591: Missing XML comment for publicly visible type or member 'GpsHistoryDto.PingId' [C:\Users\HP\AttendanceSystem\src\AttendanceSystem.API\AttendanceSystem.API.csproj]
C:\Users\HP\AttendanceSystem\src\AttendanceSystem.API\Dtos\EmployeeStatisticsDto.cs(97,25): warning CS1591: Missing XML comment for publicly visible type or member 'GpsHistoryDto.Timestamp' [C:\Users\HP\AttendanceSystem\src\AttendanceSystem.API\AttendanceSystem.API.csproj]
C:\Users\HP\AttendanceSystem\src\AttendanceSystem.API\Dtos\EmployeeStatisticsDto.cs(98,23): warning CS1591: Missing XML comment for publicly visible type or member 'GpsHistoryDto.Latitude' [C:\Users\HP\AttendanceSystem\src\AttendanceSystem.API\AttendanceSystem.API.csproj]
C:\Users\HP\AttendanceSystem\src\AttendanceSystem.API\Dtos\EmployeeStatisticsDto.cs(99,23): warning CS1591: Missing XML comment for publicly visible type or member 'GpsHistoryDto.Longitude' [C:\Users\HP\AttendanceSystem\src\AttendanceSystem.API\AttendanceSystem.API.csproj]
C:\Users\HP\AttendanceSystem\src\AttendanceSystem.API\Dtos\EmployeeStatisticsDto.cs(100,21): warning CS1591: Missing XML comment for publicly visible type or member 'GpsHistoryDto.IsOfficeCheckin' [C:\Users\HP\AttendanceSystem\src\AttendanceSystem.API\AttendanceSystem.API.csproj]
C:\Users\HP\AttendanceSystem\src\AttendanceSystem.API\Dtos\EmployeeStatisticsDto.cs(101,23): warning CS1591: Missing XML comment for publicly visible type or member 'GpsHistoryDto.Location' [C:\Users\HP\AttendanceSystem\src\AttendanceSystem.API\AttendanceSystem.API.csproj]
C:\Users\HP\AttendanceSystem\src\AttendanceSystem.API\Services\IEmployeeStatisticsService.cs(8,22): warning CS1591: Missing XML comment for publicly visible type or member 'IEmployeeStatisticsService' [C:\Users\HP\AttendanceSystem\src\AttendanceSystem.API\AttendanceSystem.API.csproj]
C:\Users\HP\AttendanceSystem\src\AttendanceSystem.API\Services\IEmployeeStatisticsService.cs(10,37): warning CS1591: Missing XML comment for publicly visible type or member 'IEmployeeStatisticsService.GetEmployeeStatisticsAsync(Guid)' [C:\Users\HP\AttendanceSystem\src\AttendanceSystem.API\AttendanceSystem.API.csproj]
C:\Users\HP\AttendanceSystem\src\AttendanceSystem.API\Services\IEmployeeStatisticsService.cs(11,42): warning CS1591: Missing XML comment for publicly visible type or member 'IEmployeeStatisticsService.GetAttendanceHistoryAsync(Guid, DateOnly, DateOnly)' [C:\Users\HP\AttendanceSystem\src\AttendanceSystem.API\AttendanceSystem.API.csproj]
C:\Users\HP\AttendanceSystem\src\AttendanceSystem.API\Services\IEmployeeStatisticsService.cs(12,34): warning CS1591: Missing XML comment for publicly visible type or member 'IEmployeeStatisticsService.GetLeaveStatisticsAsync(Guid)' [C:\Users\HP\AttendanceSystem\src\AttendanceSystem.API\AttendanceSystem.API.csproj]
C:\Users\HP\AttendanceSystem\src\AttendanceSystem.API\Services\IEmployeeStatisticsService.cs(13,32): warning CS1591: Missing XML comment for publicly visible type or member 'IEmployeeStatisticsService.GetGpsStatisticsAsync(Guid)' [C:\Users\HP\AttendanceSystem\src\AttendanceSystem.API\AttendanceSystem.API.csproj]
    1023 Warning(s)
    0 Error(s)

Time Elapsed 00:00:15.24
